initial_lat,initial_lon,windage_coefficient,terminal_lat,terminal_lon
-32.03150522162661,92.13054641768225,0.009549273419824669,-32.0353031558158,92.12919552159639
-32.93085039636196,94.53855267466236,0.011267739253284434,-32.79424607094596,94.57650559971873
-31.01463608602604,94.84867830361273,0.007577048833065661,-30.986189623549347,94.7910565434659
-30.359832405463585,92.08006361276833,0.010197513682212367,-30.215976233546776,91.92056283736409
-32.20555879729114,93.44760962615071,0.013387701783179431,-32.15597629554999,93.3048491901219
-32.79130847808633,94.87671476379512,0.013650122947955071,-32.70923001198831,94.78527718769644
-33.757251013039266,90.91987230675655,0.009295324687209418,-33.740652849899526,90.83391406423306
-30.797666937538942,93.42264687764944,0.010006858761172667,-30.671848590015582,93.35012798660514
-32.26186118289553,90.44638476823181,0.012063518648977194,-32.288164665747196,90.41010114053405
-34.873798030359545,90.42503127656668,0.010810973388102075,-34.82156315965016,90.46724071492498
-31.463428605713723,93.28705475477953,0.009788397584880454,-31.338913427579016,93.18699330120855
-33.220351635430845,93.76782507449862,0.011277036156751633,-33.13666587325088,93.73598006088724
-31.10943250308037,90.77303023565534,0.01069607897397725,-31.156698866318553,90.67092734065055
-32.588197950162126,92.1183792705634,0.00951537858306888,-32.56688274245686,92.00891849182847
-33.44241229156347,92.15890882091415,0.013465628314835039,-33.43598233184159,92.09913458102821
-32.282555176780264,92.1449666030488,0.013721585512473542,-32.23871074520985,92.1098351181124
-34.760097325895416,94.13571530852073,0.013019555154992384,-34.7100499890774,94.16182637129636
-30.61547370404282,92.91048806411558,0.013459615242989487,-30.485369839029143,92.77639516380768
-30.42680522876078,91.48297965444816,0.012669013111123938,-30.376669361513,91.27052136058629
-33.326530358289446,92.11044163315832,0.01047705427183969,-33.35988820312347,92.13487254695838
-34.16267992789328,90.49177880116127,0.011412256849287839,-34.02347260179203,90.4686812665259
-34.92324338891857,94.17477156054295,0.011489877106234518,-34.84533711890553,94.24573584452585
-34.29964734526915,92.850136000917,0.011507006367767149,-34.259960672514254,92.787242353548
-32.425514712167534,93.65220578111767,0.008061712244968839,-32.42212707081991,93.55891507941637
-30.762607846219222,92.64489023505541,0.012404412384018114,-30.66866276032315,92.5315599390961
-31.073063620758955,93.43548827265852,0.011127379171254462,-30.962513123904078,93.27855554855662
-32.13162653340679,91.25153768161738,0.013310682059331816,-32.136844323758,91.11090807921975
-33.52030014666877,94.20300363464324,0.012150496202306038,-33.40267865305749,94.19710740310508
-30.073803618042625,91.93094037851165,0.012164725667942354,-30.0245759435781,91.80452230601584
-33.05109919458221,92.88572136326705,0.011837682028649186,-33.087967462396264,92.8590972568092
-34.570310916043134,90.99284594604383,0.01638599042124498,-34.49261595309772,91.02435091740244
-32.53010419186525,90.7106180840415,0.015057049251978536,-32.57199910318687,90.68713718273732
-32.0967375278505,93.59867530596534,0.012602681579445222,-31.99402607078182,93.45166583434343
-30.819729267748258,93.40534847988452,0.013575165974139507,-30.75828969919744,93.2973009237515
-32.4553732935017,92.09082348832968,0.012319598509074223,-32.4308031369267,91.9815387971419
-33.858429779715344,92.13528204597421,0.01274475690386656,-33.86375162017156,91.96406214509206
-31.293836553220924,91.58953403487305,0.016191916692189258,-31.2222044152113,91.33022889676262
-33.373144536679526,93.4058348464317,0.014136651574124862,-33.323633972422904,93.44417427551015
-31.920475851022893,92.98610019436741,0.013300367193423293,-31.802220682563274,92.91957413297244
-32.448751517508974,90.28737188180125,0.011777706426871247,-32.433947228727604,90.17121381658957
-33.28211341755774,92.65726198664969,0.013487212923938684,-33.25798944703089,92.56229663653674
-33.87113406767551,93.23898182198569,0.013546047080768918,-33.79518254260444,93.19534958256675
-31.864662075040698,93.22558956363369,0.013923854426299193,-31.792274860999097,93.13248777342962
-34.644550034008965,90.6359194241527,0.010961160281828945,-34.628481903574546,90.62369166769665
-33.37331861626188,90.28896433185363,0.015052077259304724,-33.37499621506625,90.20616139746835
-31.42167408275817,93.32531814521015,0.013967960859131113,-31.27148650988147,93.27101574612117
-31.124172264718393,92.33244553676178,0.014041793841305106,-31.078513594888662,92.12921375390154
-34.65928192262374,93.29604465562313,0.012461337346689567,-34.651619493663695,93.37530441483626
-32.57009681526877,94.72556625092345,0.011402460525327656,-32.5136368678073,94.66931442789095
-31.74524023500552,92.08797850079385,0.008641512979611434,-31.74734581062056,91.99005401354313
-34.14667166195134,93.44344730401897,0.009380961335785946,-34.09710583717827,93.45998151222201
-33.26702828266876,92.47710876154571,0.013448657455839511,-33.16494457034223,92.44828997174679
-31.632517255663714,92.01632146277329,0.009472674387116478,-31.592141776748008,91.91261154296507
-33.83216758719796,91.4805626526603,0.011522340498075764,-33.78365211450513,91.4337980498166
-33.75630895617858,92.59151663501765,0.01429869852474321,-33.67059079439673,92.58796272288592
-34.14916141602124,91.24769300450899,0.0066473536770109455,-34.15633682449359,91.1851128085523
-33.63326579641492,93.33447856148331,0.010654894781498262,-33.555507753603194,93.33478047130384
-33.99713507013213,93.36383400631645,0.008148110475830313,-33.98843285090368,93.28990291006207
-33.319837434320405,90.22875263223708,0.01096412873205719,-33.256275709181345,90.24377102407014
-32.3264948189345,92.7536662325338,0.012755810280316283,-32.32922679330879,92.68805579832237
-31.864085358043354,91.018422354736,0.013514575097368654,-31.845920543870914,90.89324565666615
-32.014022284801044,94.3102408033401,0.008826010429905615,-31.94022530655604,94.24806813056277
-32.98890433357977,91.87720463516466,0.009493328272026692,-32.976552225271725,91.74735787070989
-31.046363881800588,92.2218292597686,0.011441899231994507,-30.984532033586426,92.10369926371311
-32.085370624961584,91.67057389150689,0.007403710475539361,-32.05742536257499,91.60670854804056
-33.87204711169757,91.80676282695703,0.018428420049433784,-33.85577585629874,91.74557181459768
-32.68897496898832,93.92909337490191,0.016515993271108698,-32.640945127309216,93.84385787744819
-30.784437365182875,92.46776550765726,0.010278743563837966,-30.73190838488978,92.35860113513301
-31.004496663874537,93.71111489561778,0.010717069123107196,-30.86804438641223,93.64150499686593
-30.351099891293973,93.05299361312993,0.01854719574257915,-30.285956828844398,92.81550935006256
-34.38756851882435,91.49539040832815,0.013223450129059957,-34.355476570415085,91.29562764797686
-31.93293965688076,94.56024769750039,0.01189638457557084,-31.865912743265902,94.55149149611718
-32.93109785932397,92.8711614620845,0.014234425469516981,-32.871947590867585,92.67990884662012
-33.349083572002655,91.04956713356097,0.014602045242835038,-33.325882899426475,91.04501947831115
-30.165437690004993,91.793130547415,0.010212596619518717,-30.097793317141573,91.65864722546604
-32.518513689822406,93.24528279942592,0.015711904286628782,-32.3869142106507,93.18188203198397
-34.296712451309,93.57362270367517,0.016724523236214813,-34.21205186064576,93.54727924927894
-31.63840506637753,92.36716005602023,0.01129027216086309,-31.52844444575428,92.23564846421657
-34.580892393502296,94.41161828694014,0.014185698329540279,-34.49229523786354,94.4123372277555
-31.007671520621617,93.99992211834731,0.01610204861478033,-30.85660932933613,93.77722193728377
-30.302628632007583,92.83892932869952,0.013877690186905961,-30.214091388772246,92.72360478966178
-34.6275501650968,94.62589645704571,0.008284294579194874,-34.53071991268463,94.51831249913435
-31.37080794052626,94.36505424969528,0.016635243445598035,-31.282907216844677,94.31590590786129
-31.64625957091094,94.60427584633506,0.012580024710602404,-31.56958046872529,94.44334947185796
-30.97720305504253,91.14383782398858,0.007768228649837984,-30.93253611249431,91.11345057236267
-33.1375358320212,90.02355981384639,0.0110027640074995,-33.089083774852554,89.94180564541746
-32.42023896466503,90.15147951730462,0.008206002755877413,-32.47135749856829,90.18708991181167
-32.159927530982365,94.56807028065131,0.01216156936533652,-32.12229090275442,94.43114697433231
-31.96540664804275,94.20010133336588,0.011214906579756224,-31.9365665705666,94.0919127402603
-30.02257825934143,93.63138168175698,0.011532790388673756,-29.92030699048751,93.4505944717203
-32.37671212151168,91.81512890939169,0.007129111720719323,-32.429764766316865,91.79082458089705
-31.58668568807268,91.24684334084066,0.013091306833643138,-31.627668282374614,91.18876110387998
-31.757134348459303,93.3375583834987,0.014671561335279379,-31.69579686221467,93.22177262610934
-33.92184565948115,92.10305569107304,0.01700305522521658,-33.846829508281495,92.06276780554846
-32.8008252147286,92.06654259416287,0.013385036527322492,-32.752159620928595,91.98197488206246
-34.99503321191596,94.32590861289547,0.010823814952911306,-34.96325860469607,94.27401124205927
-34.0495128901824,93.08968807711688,0.014299229040816024,-33.98402711256075,93.13405720003698
-34.997720899186106,92.32248732875459,0.00994775824248692,-34.92809703825169,92.34913144996277
-30.361591379952568,92.68219057537495,0.014335574411834097,-30.353338088997397,92.48361881170851
-31.108574197167023,92.20966380776485,0.009858190524797332,-31.05851391095744,92.12082309170052
-34.13223066734232,91.91156763163221,0.014841096083563758,-34.10766313138611,91.84680296205022
-32.59725174308781,92.19378034647768,0.011079458125596544,-32.5337318511293,92.13869940259275
-30.067040515549216,91.70269381508186,0.012136675019411711,-30.02884044058616,91.52074560589377
-32.570263113037015,91.66248907490784,0.012672924020025502,-32.47163788646122,91.58359609483418
-32.784410857250684,92.07837855435464,0.014267228065049351,-32.7587690747594,91.98178023708078
-34.6012581866615,93.99066362574086,0.006391774651437422,-34.58632965233762,94.10820763622995
-34.28709008184832,92.28076254486227,0.01368338637178314,-34.25305250320215,92.24311998286275
-30.260284330975985,90.38292509408457,0.01251311422880053,-30.19729130042379,90.14050542632793
-34.95706346521903,91.12575391692131,0.015286710790214333,-34.91958005288413,91.1941487414462
-33.80109651269702,92.68900774420612,0.011854379617702344,-33.80241678888332,92.65017107227338
-33.859065170171775,91.50910041741088,0.014874049543049613,-33.75364639127584,91.436535046988
-34.73441395337161,90.0906118615792,0.01650403252794562,-34.724029105956596,90.12605925804229
-30.69941317761792,93.69273471263232,0.013827775773428237,-30.602194679935092,93.45322674086611
-31.785401682260257,92.12605543296415,0.01203071035082109,-31.728480456574864,92.05922791079745
-33.54249877827001,90.37029994034884,0.012768687613082447,-33.48179766041111,90.31371244124824
-31.843152557344126,94.17563017081596,0.010638109420332071,-31.80763175444845,94.2341519190314
-34.27657088322752,92.74710877246117,0.008894145168042909,-34.2161365789738,92.71758745237615
-34.44471168046376,92.76142157399192,0.010296533565862956,-34.45942103210419,92.73186816717423
-31.76678096743728,92.74705114340462,0.00974794505785487,-31.752439145654122,92.67499332134452
-33.69276003219455,92.19454623303298,0.009948544897208807,-33.63477344642629,92.13928559593084
-31.75029555337397,91.02332512536059,0.010682869157092423,-31.7145287960052,90.97595249047477
-31.742421964588285,90.3166405580271,0.0120265315898434,-31.66669939351999,90.18393921526693
-31.15473123391241,94.98183496105743,0.014878393763913068,-31.014963265998695,94.81015855004388
-34.02578379007005,93.83522549450113,0.013140132526893469,-33.939425333647634,93.80155983885761
-33.83160128942682,90.22558091409554,0.014351738842854653,-33.8221553298298,90.19197448921659
-34.201573321008624,94.54024766562063,0.013782227743800576,-34.12907437004444,94.46870022112753
-33.668272022874255,94.9707524144425,0.013976238730185376,-33.5587881673306,94.9794414601736
-33.0119685717518,93.07030448102107,0.010283014149263624,-32.94575115110872,93.03087992132612
-32.623311836974324,94.74817546363451,0.011893557975188826,-32.531539334194136,94.70511620089604
-34.629056525912375,93.72552623142236,0.009318742748687655,-34.6302759003184,93.81869711803024
-31.59503747759814,91.03190556009002,0.011780563232399753,-31.561317569371376,90.93974377441504
-31.78024717591952,91.88452332342429,0.010660081991746895,-31.793865228996005,91.68889789434301
-31.08817496102347,91.17870859307662,0.00784721658126312,-31.099732938055713,91.04617402872387
-32.14697378746205,90.54588019159146,0.005,-32.20812584192674,90.52964331524122
-33.04639895874926,90.90938237150158,0.008503265004786703,-33.077569721569766,90.92087895248653
-34.19552253799045,94.49433507876833,0.01014496445460591,-34.11832632961849,94.4113420761059
-33.656234168469965,94.99836738959709,0.00562208423106847,-33.61176454186332,95.02863668672504
-30.51392325460007,94.55451224550933,0.016287714612057344,-30.383244044321223,94.36159432183837
-34.184086361056,92.64079010748358,0.009394391219959341,-34.13025129434358,92.5934335801757
-33.21946340407956,94.16284163554526,0.015126894950087991,-33.10920921198737,94.11342897096537
-31.93153991604272,90.0117091392688,0.018994854465796643,-31.966606960657824,89.85615743190887
-32.916632862966,90.73407732734546,0.011060520175804289,-32.850000211963916,90.67941495917964
-33.90626449902381,93.79746072615767,0.01322718959684651,-33.87867618606217,93.78169086393459
-32.56342448305153,92.29785753293791,0.01605976326664975,-32.54775185958459,92.05065877369381
-32.248163653562735,93.58942723877634,0.009620896363947754,-32.18823894400243,93.54925774846213
-33.49731319109027,94.89174209970935,0.015949675624973632,-33.39885458321279,94.80950994304153
-33.7272461908138,93.42406458857272,0.009602069734397603,-33.68763836275058,93.38155801349443
-34.60139795898988,92.74752509914086,0.006924817327202706,-34.529322336406516,92.7028849443248
-32.421240886888334,92.97245873504885,0.015331315647790944,-32.3402030676569,92.83221887826595
-32.84674249160348,90.70031545369889,0.012245796781549906,-32.84633727111396,90.65341566135899
-32.91792223186761,91.78593254006117,0.015036690559877795,-32.853136508995284,91.7139522347792
-31.73053176516699,90.29978202940782,0.01739832316968877,-31.63387271523926,90.08533752918345
-30.65561253828606,91.4505548759754,0.01098412026452965,-30.581519201127744,91.32728969699805
-31.033381107457128,94.4933632404824,0.013073854140785742,-30.96827432181577,94.34761666601257
-31.916178560263454,94.28225071245225,0.014720568963050514,-31.753228075667824,94.12023629637841
-31.76226603669155,93.72932108292629,0.013036057041152262,-31.665967694512595,93.67544649328565
-33.21094993547044,92.39325620382675,0.00880090966191674,-33.2024794154276,92.40176450969369
-31.836643920949957,94.81047309778357,0.01546188133413421,-31.73821573176922,94.62074699186925
-33.62609311792692,91.36480463615086,0.012215756172481083,-33.530234243868755,91.29057498381631
-31.39798101736401,90.75171113413965,0.01205353550539795,-31.362179828447427,90.63491370340995
-31.069000004618346,92.78289078146511,0.017432293771879496,-30.96001572165315,92.61564669766325
-30.580732066085353,94.96969521160328,0.013578099455671549,-30.48981122453825,94.80843791005009
-34.77427451023296,93.80066473409535,0.010074501073048378,-34.68791515321732,93.87306217811786
-32.12779997570821,91.04837102452304,0.009920758267139769,-32.115475112600365,90.9591698463645
-31.886685429855536,92.51371075730128,0.013590112598573595,-31.845022171360398,92.40420045741178
-33.19325194529134,90.03598095781926,0.012860955065887936,-33.24867295470457,89.99338501997013
-33.9291135865767,92.91677520711708,0.012871056300740799,-33.7960393452448,92.87275747436506
-30.664046673006972,92.59099262450404,0.008116573694841818,-30.673458535851438,92.53778448398614
-32.09476569538563,92.92394689334547,0.01211991959082042,-32.11424238441097,92.76222953559879
-31.47225673660223,93.36021793331439,0.011538028039828126,-31.40098531574674,93.24365999785735
-30.983362358994103,92.4982700913339,0.011361403092112978,-30.900185979689567,92.30939761887693
-33.960934630947804,93.73025074689617,0.008260931032620798,-33.893155420856615,93.6504414290498
-30.86007293136462,91.06137514095131,0.011268875364160713,-30.826042445375492,90.9299155431226
-31.74624066356644,92.10417154507351,0.006610428670356965,-31.690253552245196,92.01363922079939
-30.953874788646857,93.95491837145931,0.009691384024267717,-30.918528344281683,93.86196491203451
-30.320158029435657,94.76320233486184,0.008506363388711623,-30.221882000266504,94.55805191708414
-32.74326764389071,92.21043839111313,0.009648895934338661,-32.73318314244869,92.12645878704645
-30.59983309922431,92.0012212895019,0.005,-30.568463812728485,91.89097997451786
-33.927200703100816,91.99212292704873,0.007677725254641319,-33.91826992942454,91.96491513119152
-30.036716003459702,93.03229287209413,0.011877293048844025,-30.023116459166744,92.83388883906372
-30.5438235627109,93.12461538743646,0.015706119193588882,-30.44631326540102,92.9473952436783
-33.29070336856555,90.38795936840145,0.016293936884072505,-33.266622832347835,90.33660160990864
-32.417213498459354,93.50362643538236,0.009525811343005893,-32.36360765272603,93.46701943467257
-31.27280141325064,90.27535321964302,0.017184405617520694,-31.279018170753364,90.07403684837189
-31.58234960835409,93.97607472904632,0.016157643939072007,-31.482053918203697,93.77357449114461
-32.74422283786487,93.58020506141527,0.007500101474889073,-32.67053803599632,93.57940378914446
-34.54861358811318,90.58442730478662,0.011841038360188598,-34.51495341109344,90.53312230948924
-31.43559262753777,90.29338183818872,0.012284381732086454,-31.374430691908334,90.07645893133694
-34.11135128189212,91.47406094295627,0.012337925781247153,-34.104066260374,91.54043088790785
-34.14987600285708,91.9890419211028,0.008065067439631429,-34.18217657750941,91.82901325292453
-31.612479764126334,94.2100645773875,0.014662721410702911,-31.447642736376018,94.01297481511926
-32.116956866461926,93.48647308939407,0.012929860458776749,-32.05863619351791,93.42839649416774
-33.29402072458979,91.7952801189784,0.0067515459463815715,-33.27390847512231,91.68068011453597
-30.959380629425564,93.62579300540017,0.011017631730208465,-30.86467382912923,93.48588879631194
-33.29248166218128,93.4184677100909,0.012908558997643753,-33.190316645430045,93.38880835491176
-32.325431817846926,92.32382596463582,0.013143445249725034,-32.27779373041342,92.10592568795492
-34.862514329238344,90.08784747331717,0.012608981497623649,-34.8230393326083,90.09738995692338
-34.69628801731535,93.51301406048466,0.005,-34.703407654853756,93.47020778744607
-34.59262378086207,94.66207271504055,0.012795022867331985,-34.541576009171195,94.64542900546455
-31.604500211215925,93.08206010766696,0.01379269775847133,-31.487567061923787,92.9424363531644
-30.01885633747874,90.66735256149204,0.01023431772414714,-29.920156443471967,90.43812865789526
-31.544553332475303,94.31569148533498,0.014855025670484722,-31.507223788702355,94.19223989227278
-33.061239370929094,93.75277275645992,0.012405365662104885,-32.98535891436907,93.69152113683253
-31.101093663177068,93.65647215411467,0.006786130267491206,-31.008668889409435,93.56741208701663
-31.779358222491517,94.74686188549563,0.009877224230836805,-31.68966682348426,94.60406400566315
-30.915827766992397,92.8477070302711,0.014680882533386591,-30.86231846788688,92.58031265588765
-33.68210755358111,94.93608737288146,0.01345255195446478,-33.623755890401085,94.85938820339945
-32.86519859877469,93.90060828076818,0.010117871108232255,-32.85486237740139,93.8560627822248
-33.183146635449404,93.2997096682397,0.012209252905613846,-33.154841491214796,93.29129532682737
-31.11013739354151,91.97555154258765,0.009787251852189895,-31.042695174114787,91.87075597586801
-30.662391709511443,94.6394784840762,0.01354450393887754,-30.584743993398494,94.40791327838974
-32.83465328300017,94.14104175606856,0.011633016173355918,-32.75103479897881,94.0937423455378
-32.17922797170792,94.10187631904417,0.011200108748226273,-32.175526473033266,93.97771345141858
-34.827240171349004,92.16670254986407,0.010486381289215366,-34.766352646742156,92.13168396342776
-31.973596180365686,94.61853460565403,0.008281939857275515,-31.91042646426849,94.6047243319295
-32.91436650963767,93.73215603737853,0.011299238240627164,-32.82401141767427,93.66884050690075
-32.919626504902205,90.85856672184835,0.009407585374448049,-32.914271065265844,90.77773434058619
-30.37999740902099,92.47977637029066,0.011914581267677634,-30.26816726580374,92.41522912976997
-32.06719800611126,91.02666545552269,0.008868108580462587,-31.971973577017057,90.927842014492
-31.213646792934405,92.04038981840996,0.011794640052692462,-31.18651516460709,91.94992811510235
-32.548516178607414,93.62304005705111,0.00853061397983353,-32.46495176511933,93.56912224626784
-31.16415875935469,91.39229458234996,0.010161458934271648,-31.20135147178658,91.31385694731765
-34.36249201432174,91.70972597689901,0.012483405098141772,-34.349952527038454,91.69625158028543
-31.427167455810466,94.62465177172542,0.014468946264494745,-31.31888950785236,94.49028971647228
-30.018720816164834,92.77561111828295,0.015219186826086334,-29.991666279027818,92.56093547791316
-30.599748495471093,93.82592935283739,0.005,-30.589189672100787,93.7056838889182
-33.97107605881327,91.9685445579408,0.013170301489089169,-33.869437002252155,91.95648776242435
-34.08234800923211,94.61824055517192,0.011519726696685656,-34.01887011290036,94.52257120979318
-30.66875518529222,93.20995151862496,0.013932928664827092,-30.642995497784835,93.00785968024122
-30.052351878387892,91.57761041766956,0.011797016676867252,-29.978929514152327,91.46042840283788
-34.32028159071423,90.27483737486943,0.016781463744832414,-34.334073934518976,90.18001152819002
-32.73118850408891,93.25309008636353,0.012646737134871978,-32.725287806971004,93.21906037973011
-34.178992844398685,92.00961404334983,0.013086108639908141,-34.24182845972564,92.02592492731483
-30.38334230537606,93.14244245399402,0.00928892828564569,-30.371271991632266,93.11612581033692
-34.15201425572865,94.29441180583119,0.009848690101463775,-34.065949437918896,94.22080261017184
-34.72479507103393,93.13176603385175,0.012930062122000211,-34.71529023981817,93.13228012947849
-33.36021854006019,91.44831115395566,0.012664222323704984,-33.25939338118734,91.42603063869414
-33.438837106122634,90.54056535491316,0.016466429498173837,-33.45084435153573,90.41457203657026
-33.20680033201891,90.153601355602,0.015546786862790783,-33.22418956887214,90.13572213170539
-32.95148110042062,93.92625581146505,0.011424439686070076,-32.878524410006335,93.86699458985329
-31.8335655936516,94.67675453437816,0.009435482168487195,-31.78137025925949,94.66027179024422
-34.28949970521447,93.96464994285633,0.009200776706508205,-34.25545352485801,93.95560240948693
-34.2435281678989,91.1754373034404,0.010450567541284053,-34.29074138727084,91.21348940056735
-32.781535250677535,94.61101372174271,0.011177393921797051,-32.73159854786371,94.44720129929537
-30.414004737629064,91.08055842132114,0.015167255155171155,-30.309396394836366,90.9314362258117
-30.28922104472356,90.72269206452033,0.01101991785147129,-30.22413995201146,90.53280812646364
-32.32303227928088,94.3967074700193,0.011121434007948511,-32.269335526940424,94.28415523789718
-32.17083990256839,92.33553172738712,0.0163683252809149,-32.12155064268041,92.22512124148221
-34.807880950565,93.2317547801204,0.014706178166529735,-34.7250016937187,93.12041971486327
-30.49590449583886,94.0622200237449,0.012420971323233033,-30.445960599397523,93.86634064224106
-33.96488182495115,91.49896563271822,0.012533113957321292,-33.95609065145113,91.4168910846865
-31.376500815838984,90.83118170096428,0.01054743039560453,-31.400753133579222,90.64257269441993
-32.00697020380147,94.79592964748909,0.006174744093738855,-32.0104996641644,94.7494296909856
-33.00238901190592,93.12285021143572,0.016203640669159393,-32.94844682215563,93.10321073977039
-30.843667707710203,90.50219421025443,0.011898123864685844,-30.71328946477427,90.21832226211002
-34.68286209688715,91.59012559059725,0.012939383717701872,-34.70644178265024,91.6142067343827
-33.91986095359102,92.5306091688208,0.010166357792531973,-33.873861695412195,92.60806815028579
-32.91138196796726,92.35938397376258,0.015987422438920776,-32.887385743379106,92.30261481047718
-32.071480757335785,90.84943146670223,0.014924136176625347,-32.06705515017892,90.6858016848835
-30.16747715456779,91.1820895268988,0.006679511298098568,-30.114917830297067,91.18405496553291
-31.636620830320293,91.29099622347852,0.015636412921171534,-31.5600939951881,91.12304103410848
-34.24103649543552,93.6416834652891,0.015146546382739885,-34.1633367199339,93.64198316237689
-34.93090647168464,93.6654996921307,0.012437515243748356,-34.783730733445445,93.58867354405314
-33.40341777372963,90.0358883829943,0.009404351007479805,-33.40622919163876,89.92026597849019
-30.486286925516865,93.45118137602046,0.010770718964928816,-30.44629113832188,93.37389374735965
-32.753206209649285,91.97976342746014,0.010708259671374107,-32.67925861337593,91.99581752613148
-31.59301041137091,91.98393539319348,0.009008724799298595,-31.504648124507277,91.88072053322234
-34.48599269702282,92.03808180189456,0.015299698972685473,-34.4601181639837,91.92387000147502
-34.83990970216179,91.4693404546265,0.012661993295168364,-34.81789535162448,91.46098762462223
-34.46932721851062,90.59391554282932,0.016199781554378664,-34.44957802532779,90.53455111640024
-34.61380542470158,90.54982282691282,0.014279459055064779,-34.474200647536186,90.55484750285838
-33.69853320619161,90.34377729214435,0.011955300116398478,-33.663641109305054,90.34748754754578
-33.956596307796566,91.20741291798794,0.011750043447227486,-33.92497369433038,91.20551974410083
-30.347179652286567,94.66712159321987,0.013502812768800694,-30.283811626427795,94.60153908940737
-32.75912252732273,94.29177422402259,0.011040919916477654,-32.68069317944752,94.16068967423895
-32.59601799458934,91.91361545454718,0.01219162547013423,-32.56869029622522,91.74403047963568
-32.507252656197025,94.84701331211538,0.02,-32.43290842354306,94.67176044610578
-34.958136699236384,90.39717615860215,0.013099369850384771,-34.868799762505674,90.37849356926748
-34.583378108047484,90.96587337895917,0.0070392165896341966,-34.523864239750374,90.9262568421753
-32.90852331405041,92.21036415972506,0.010475044727604129,-32.844014487557196,92.15371291802111
-33.740532409308145,91.12356849668409,0.013625324142153174,-33.6412042631592,91.08480057978852
-31.56687876341312,91.85670736293828,0.011220849502364324,-31.406978759648066,91.75164810689407
-33.58814414193539,90.80571206932063,0.010761266376284478,-33.53981023107223,90.80360999509502
-30.284042281991564,90.0380422201266,0.011538846141481736,-30.20104627716847,89.88750837484989
-32.28772353475638,92.92459546812296,0.007413076863584276,-32.20300728778862,92.81986452972082
-31.53382172784764,93.99205135783595,0.016225465996709782,-31.374978076873447,93.83972710067793
-30.93490616292507,94.07685289853758,0.0101371561184205,-30.858721669769142,94.0662351648379
-33.07538766030159,93.88536597445034,0.012309637531817295,-33.00131523713405,93.77933510872865
-32.580450292919615,94.79371548183006,0.009895197339944303,-32.6314334132393,94.69767354849563
-34.46135796536556,93.30909812631407,0.012583393223934798,-34.3641642866455,93.20312421836614
-32.967864471335105,90.3737952554764,0.01370990636203872,-32.93602944383786,90.26076224681823
-33.647211572915246,91.00636179846789,0.014965021468658624,-33.55323570495208,90.89256245079228
-31.72226572937139,92.49892151651927,0.011909103268224742,-31.636971844839234,92.39794914184823
-34.283172124172175,91.52207873679711,0.00994735929769563,-34.173692434912105,91.51166707924202
-30.57971796194476,93.96260579097941,0.01784204198592509,-30.448774594169564,93.70991189723657
-31.16903550633426,91.64790075487282,0.01356690399569088,-31.146285730676983,91.45836568537194
-30.133661034167883,91.26318876872367,0.012863246041538373,-30.05159271248187,91.13067083093799
-34.58413398524918,91.23100448750147,0.01806967341499631,-34.47723488768422,91.16334144645565
-30.554280515145877,91.89745414707434,0.005,-30.554237233978313,91.85108882933349
-34.603388950444696,90.65174828090795,0.009979786058129847,-34.51128613570599,90.595622429955
-32.905384738420466,93.25190488793159,0.018260190385660333,-32.87016309952763,93.16910818067227
-34.017081589745196,93.30002423855194,0.017083806678127807,-34.00073289821001,93.4250774579698
-34.768306927477965,91.16039805712605,0.0112725573234593,-34.73876451838984,91.27533944014952
-32.390211517638576,93.28768796836842,0.01306620955286641,-32.33927012073691,93.21003840299966
-30.085295612645446,90.42241056589097,0.00856601698683302,-30.05141831486649,90.32704545485419
-34.29013719867749,94.9030031127332,0.009145183366540209,-34.2159552274838,94.89307664604608
-31.495215914172515,94.89569038551775,0.01706441352871107,-31.3839205125268,94.6934625940067
-30.03995919911335,94.32848647462914,0.005815119049056152,-30.029078942514275,94.27525735054958
-33.74486061337593,92.41553195789297,0.00911171051038783,-33.72603748117531,92.40126666439076
-30.481513058629098,92.25841264552382,0.014645321152112948,-30.406234572519313,92.11778933473823
-31.18772187732302,92.55403998298716,0.015469321519115573,-31.150356133555565,92.32062526241923
-34.724967479366484,93.75842574145341,0.01893144592265055,-34.571251773915776,93.79706171740203
-32.44301435294021,93.8586882141553,0.010982209077746661,-32.38387721152339,93.81324686482725
-34.025877059217976,92.40561361185752,0.01604322628100088,-34.017887457633336,92.46503586205611
-30.709646838522733,93.9616512534923,0.010128681375766828,-30.624144649296472,93.83580263087026
-32.094991512092086,94.94496861910942,0.006292006941933065,-32.063013248671666,94.89961932813603
-30.786136538211824,91.07842077234653,0.011395711115830194,-30.82135849865955,90.83409714125422
-33.29323005519186,91.53057173131772,0.015639012030487544,-33.253722301445144,91.4606457765439
-33.281667283848385,91.75199256311188,0.013923527123428887,-33.18984430772725,91.73966410472386
-34.528194402157425,90.63041819552409,0.011490413626541563,-34.58215208273941,90.62057487960395
-30.985406244235076,94.0535442399989,0.013290285619363502,-30.897155567117498,93.99442131886714
-31.67328676821443,94.95072328757577,0.00829933822009382,-31.619863732622285,94.79491464797441
-31.647539441906677,92.19108780127706,0.013103272416011174,-31.66894914548405,92.01551417506771
-34.57745501415696,93.09128787509069,0.016354949377292417,-34.60394676410924,93.0605880626061
-31.52563027604547,92.6266879674184,0.012696709613479667,-31.434258334751103,92.46552372409475
-32.976759744206404,91.82223843872775,0.012382864911349859,-32.96435703411562,91.71962345896435
-31.97301383711942,92.31692053116313,0.013451242253611476,-31.882677326184613,92.0891332299149
-32.97802990488412,93.00757562294316,0.013220143718306154,-32.8512104522525,92.84742942127757
-34.47507713132592,92.35605196763018,0.012770625296141685,-34.423678773263156,92.28038071967109
-34.82562184335709,90.43487458649685,0.009582308607596637,-34.8398607357096,90.48106128845892
-32.33745947025709,93.26249239304622,0.007862078043759671,-32.34115186246372,93.18692989858809
-30.571658819986318,93.50716788763411,0.009961571844159129,-30.560321458515187,93.33174444100854
-30.275348146487577,90.51617341962434,0.015087474980428308,-30.244532088590034,90.23788440469175
-32.75766178549381,94.885484096102,0.013197875721281635,-32.65820987017468,94.7738211872317
-30.48405312151414,92.08672834608626,0.016608384670885386,-30.44097607463567,91.85943982065596
-31.694915272835306,92.34724959994726,0.01052256078200026,-31.6614150858036,92.25499612716632
-33.65473707606096,92.90584713462195,0.005,-33.66981987531587,92.83328512912952
-30.754661646736455,91.24800834152848,0.015973729592708222,-30.735658380499583,91.07481918896589
-30.008875462801473,92.28885880296836,0.01559658133120472,-29.95827663841027,92.02729258927712
-32.231548369409374,93.22630648584307,0.011760400765522643,-32.113686380779306,93.16465250801846
-31.148317117193617,91.26412559369045,0.008050163606924312,-31.122012256808453,91.18232671851347
-33.14196261731204,94.05907692931288,0.009317819552041813,-33.070131993237275,94.03658179637306
-30.415102005383346,94.33581693426878,0.016436278430410567,-30.25761104497049,94.0031876339582
-30.995143119980806,90.52025629588289,0.014540214430546353,-30.923734981299486,90.30804092590506
-32.5645911114525,93.14584130296315,0.011467766053073213,-32.5077181764521,93.05371486160378
-32.0868679428171,94.17831574798278,0.007989358924341614,-31.98028222073053,94.14108321496646
-31.603414225664327,94.39984248468105,0.01277914992449506,-31.506918610763165,94.34799843571082
-34.47623378511115,92.23374816045406,0.01801892856782913,-34.44020683049677,92.21365724302953
-31.13401130923348,90.89645080027526,0.011917942698492437,-31.10381368818522,90.74116563310956
-32.71671648386854,94.19473782936662,0.013456407937811821,-32.62800427623204,94.00225962642214
-32.700953929310586,93.3992836111773,0.005719484409174999,-32.63282943218442,93.38847261417995
-30.20312025046975,90.26617858262998,0.012969439409635145,-30.208256842636295,90.03084996341434
-31.120788233241704,92.34322524530057,0.012462277077500266,-31.03404117697759,92.20228366226694
-33.9688352983012,90.06135879379566,0.009019700359020123,-33.935657283411444,90.01742215484259
-31.89325667533062,92.8174764728985,0.012502742029462199,-31.732478680692743,92.72157500506648
-32.05581783581561,92.13705154311845,0.015421384767274645,-31.991273772586386,92.04303496473497
-34.21774816229735,90.99789505622577,0.014355689634796488,-34.18132073449301,91.00934713749733
-32.79239164334569,92.59684201731395,0.012086037447192015,-32.82095299559615,92.51252325494268
-32.94156820629724,92.2918202124678,0.00952310222291981,-32.87169999191899,92.22169446529598
-34.765833971772686,93.07051319801332,0.01704520481438897,-34.699101546045284,93.00917052686712
-33.693431480428515,91.38915153565745,0.011317802992680051,-33.69672372848992,91.28465719821415
-33.555561325101394,93.11254264805652,0.006077499489606644,-33.57966776929299,93.16801717417339
-34.08506409876106,93.66050921466716,0.009481792639549628,-34.05268957074205,93.61704306293038
-33.059864302104934,94.90223629102366,0.00965599892185185,-33.022408678444215,94.85357113781521
-34.60385963331318,93.67240848932467,0.012844619455066139,-34.59781144747877,93.66196102423528
-31.15844165910122,91.61573103582916,0.015240057000176277,-31.141319771773844,91.39801465596031
-34.583650921006765,92.70126581694225,0.01188892201158245,-34.61089432951427,92.66667864810852
-31.17113129583898,93.89159065880459,0.012077571948950008,-31.139212136228814,93.69206752131554
-30.77369940019047,94.51328545592322,0.012097016465930692,-30.696175373027604,94.39176866768143
-33.76156636892757,90.53207050039634,0.012267939669651801,-33.69975100449323,90.47410570233035
-31.20250316908422,93.21994182543574,0.012991480120196488,-31.063961099141316,93.01941645771296
-33.96509444770896,90.35429417803552,0.01008070639007536,-33.9490475822063,90.32220769798194
-31.767789661571005,92.94052412916356,0.009601535164984335,-31.738235084095994,92.7683690371504
-32.085106996729714,92.5346312440267,0.016638248471765642,-32.01675593283717,92.32123370685592
-30.905277220770675,92.22039599044885,0.014620805889662549,-30.82348101118039,92.03200295691543
-32.27093272970308,91.05466360272834,0.012796445700624168,-32.28745132998457,91.0551211368128
-34.322062042559196,90.41205634151038,0.013859236227526538,-34.26377233409106,90.42054005482672
-34.68731910349427,94.3833227926088,0.010509544473421726,-34.632508690947525,94.38505471308008
-32.412390137631306,93.1221571367433,0.013925903504446061,-32.342475853961375,93.08355226370114
-32.09083556174373,92.54077367611852,0.01233852063904524,-32.008140011036986,92.47333662538026
-30.546620568219737,92.63962491364916,0.009049170980138547,-30.494670792460212,92.55958049160097
-32.94216634200376,94.19006049215564,0.011259710436239087,-32.89491922094867,94.20743875700428
-30.414028208081447,90.29414301841273,0.013760858232639919,-30.440288684057624,90.13636849305719
-31.04818175721475,94.65355244446901,0.016213496621147353,-30.953906932047524,94.50587894730367
-32.68012919916402,91.4295746241346,0.012193271400616344,-32.6623088293322,91.42966972742077
-33.21631540955925,94.29889340750486,0.009081329611253967,-33.131907768005775,94.27698939499676
-31.29314734777068,90.19954496165097,0.009915857915302827,-31.298984573499418,90.05916492661174
-32.00434672283822,90.34219852112159,0.0135344032785627,-31.8703211194739,90.18102326968226
-30.008557099866007,90.04398045607115,0.008367002548931806,-29.984159746513843,89.82774768307459
-34.0497648304554,92.9144051790502,0.01603068974840556,-34.05176540420746,92.93758172899005
-30.474748005564546,94.99248139765477,0.010469067025392322,-30.43192050671412,94.85238515760567
-34.66736191414951,91.94271526139458,0.011918581760646706,-34.611863122274585,91.8786871550294
-30.221785694446165,93.08366190130832,0.012994968960024115,-30.063907187297556,92.87877527756635
-34.6078754415037,92.0351503679967,0.00976603448567541,-34.55027781236147,91.95198168363962
-33.74395076530389,91.04406057633616,0.014864310358602556,-33.76190545222093,91.0033146979632
-31.9504579979634,90.16974432407835,0.01609823209314088,-31.876825058236037,90.0924688577183
-34.49423195536879,92.9222615927036,0.008317695825014716,-34.43071911292912,92.8137031345056
-32.70889676948752,92.99273940847817,0.010079507340823123,-32.671127395087545,92.96703264862114
-31.674839777707543,93.89940156181524,0.012824958341447942,-31.601754966130397,93.84497906533328
-32.377483999904996,91.21981340998272,0.006608821751314179,-32.33149797408979,91.2778466168773
-31.970907411055432,90.03655892399316,0.012709677827851387,-31.958012662762936,89.89375223438746
-34.95708905538411,93.61943157293837,0.017319021347813858,-34.89124185904059,93.68055201649226
-31.12672793446854,92.12846873605089,0.014727614838380223,-31.016045719843515,91.99428069025495
-33.37097559265324,91.40531441200538,0.00791537198630312,-33.37489341546521,91.36723840994354
-31.035575565562894,91.68785436378502,0.013047810675232314,-30.998579622611807,91.58840698815393
-30.78754874458898,93.10968876426753,0.013370471336901956,-30.702075615725548,92.95402700775128
-32.439221794231564,90.69793093856441,0.012344629975665555,-32.37628006477929,90.53533072080111
-31.133502786261715,94.19508699577568,0.010001262536313164,-31.020030238027186,94.06463678213173
-30.50255706559167,94.19869632726575,0.010387772471545653,-30.42710588135433,94.01586539582316
-30.310276768210496,90.91133182218923,0.013058743015822969,-30.199808082154146,90.76500875111594
-33.384461960294345,93.7580960093942,0.012165173158406173,-33.33774753023415,93.75579158796378
-33.45061643284881,94.60689353903999,0.016966943029520225,-33.41643919185759,94.46175081403716
-32.21480701817844,94.02888606453992,0.013333111888545895,-32.20702921774948,93.91169035632255
-30.330876232884513,92.17469830021793,0.010242187750071153,-30.20479423389298,92.02721199497414
-34.8865891613972,90.9793960081075,0.014544110948087153,-34.8745187706807,91.0527266423748
-31.13041469578287,92.55090037914502,0.01228662223697813,-31.11734446039793,92.40704724424029
-33.32851515475288,92.23746046251657,0.01336093533772051,-33.29844376187405,92.20792407707533
-30.112617939555822,92.09021518367555,0.009869328205086585,-30.02305546509236,92.01831648693559
-32.00980923949525,92.37148772043177,0.016896600104240374,-32.01037063497776,92.24009682455058
-30.471261876127194,94.16741200364584,0.011210920885822937,-30.347534860092107,94.08416685165253
-33.39089376368483,91.61528833521912,0.007673958403453318,-33.33933618071262,91.5459873126434
-31.21340445354772,92.58508313232284,0.015912559779851246,-31.123417282635025,92.4281078151664
-33.07418361976179,90.6509605973981,0.012260105955092752,-33.04806769965271,90.53623742558445
-30.61273800501366,93.1134550674237,0.012482490489036432,-30.497749596787298,92.97558721920944
-33.3707133056569,93.96479911355324,0.0063166299578605424,-33.37715936453956,93.94079593937482
-34.926272321775514,94.16565817793833,0.01899211777484061,-34.84203145090916,94.14951614267562
-30.795757660216275,90.7698580270901,0.01414204593525507,-30.7615834011232,90.68524377274271
-34.93595236884139,93.36688949475258,0.010016505287065821,-34.86715435057877,93.33622375984915
-33.18826548572983,90.56653270238029,0.012025121551569888,-33.19077053082856,90.47735144693047
-33.416736616004954,91.8373512261921,0.014510427592986503,-33.36075241786588,91.68659140641707
-32.146856363980504,93.19409926701314,0.009581286667006904,-32.1065131653607,93.20847241384703
-31.00258413674142,92.58846340674327,0.005898746007468632,-30.96796080678297,92.60162440638962
-33.55301233283302,92.76562816190714,0.008008622614380612,-33.5821231627276,92.77545074221707
-32.06450756553291,92.61467512342098,0.01239166490877669,-31.97210796359982,92.50722537136907
-34.365457379470236,91.53185588483073,0.013129624509806955,-34.31222064431768,91.54910325678023
-32.86823005702507,93.55312989542097,0.00763206481719693,-32.81941698845936,93.53199895302849
-33.5319029744183,90.66239397824762,0.010468361926946569,-33.495394874943784,90.54820728826252
-32.65987363763485,93.63983709829664,0.014736818549030424,-32.607910835897364,93.63449421153321
-33.94169004576079,94.06098867654617,0.014166085518245582,-33.900665433261054,94.03614202250635
-33.41103061581903,91.21949609977985,0.013944472431013665,-33.37424142655629,91.27337142013974
-33.8593703194965,93.98288389590704,0.009250984574587486,-33.78266377444299,93.95025947521628
-34.67756548248762,94.1808456916431,0.016409591027092378,-34.47871012279906,94.16690248243421
-32.281305918648776,94.88951193986092,0.014853436369554308,-32.14285377873414,94.72477469129828
-34.71610979751617,90.32110849372022,0.01222281975189431,-34.70551683595225,90.28497846349418
-34.694790623465884,94.13627795569873,0.018804136496102946,-34.58885675625469,94.10422339904487
-30.643119234931575,93.91995282838552,0.013206906480669951,-30.574559532011776,93.76949202191363
-31.481263432274815,91.01563268382091,0.01524917120006048,-31.355739717770568,90.82496355706714
-32.7566144788342,90.38714605552656,0.011960515954584814,-32.694860652225344,90.2891774713205
-32.58469468249447,90.5621985889768,0.010173461507647223,-32.57441043629394,90.43678214055643
-33.924472699474194,90.96090694626626,0.012560275422400471,-33.87312087099985,90.90675747252682
-31.353209518197843,91.07824929652466,0.014556024117878982,-31.24606819597975,90.98136442200324
-33.55007026394959,93.52333085647359,0.011301461432441548,-33.512916372822076,93.56030680571764
-30.298614756168817,93.3799722527319,0.012038160692891355,-30.20546502021595,93.28353117721664
-32.75315418646288,94.44035840513281,0.011156193826134716,-32.64429424198368,94.3753966928645
-30.405163804413007,91.42107035838687,0.0063533509653300145,-30.371957457417217,91.30215217954175
-31.23555137148639,91.39587447347762,0.011074106929232714,-31.147026855929745,91.25131584951605
-31.10766903952938,93.5213445521454,0.013256111209310025,-31.015189266004597,93.38830528679306
-30.628047146862023,92.4116649873649,0.011333101774413058,-30.573250777473557,92.28279506122023
-32.50681603242132,94.12604316533914,0.013567847888179585,-32.40191595819326,94.01762094479174
-30.968734729023307,92.58507367822335,0.01105276558099462,-30.960657475193084,92.47777037117179
-32.101461682086516,94.07513506480181,0.01611289853630096,-31.991956382434097,93.94382472258415
-30.16644888144001,93.83068142714028,0.009945341270759418,-30.12027237286662,93.6354874114014
-30.14251259719693,92.3809413945111,0.006709720700068297,-30.058724410762718,92.28541585333076
-31.614739697792917,91.40468161436708,0.013957384366216337,-31.48883036291226,91.33436933759639
-32.334518326441035,90.83672275793825,0.010636353830209283,-32.34466747829885,90.63089053361715
-33.919576086044266,91.9757323086376,0.008717910953429067,-33.84418110297891,91.96901771808308
-31.3689769643305,93.3420125502808,0.012146089281378744,-31.199345198327514,93.24376971073698
-33.408497722686235,94.64668573674143,0.013222683851515364,-33.297947321627504,94.57324872809495
-34.71480736830928,94.15614300209191,0.009671357290236104,-34.74333493595154,94.123836506524
-31.37905165648507,90.68954458337346,0.009573582011869204,-31.368748257100982,90.62752587365563
-33.0961866464864,91.31476400971079,0.014291858264596374,-33.029773284412926,91.25900478561903
-34.73378500551126,90.92477067308363,0.01118663900868701,-34.72809966555569,90.92948414057572
-30.374798287920974,93.84722517305647,0.01096819067532807,-30.29931243117492,93.72420794990093
-34.95160720149183,93.56294784969354,0.012377153421639671,-34.90980007312643,93.50450587597459
-30.70243755996057,93.8571911412289,0.012706336611229802,-30.622342331606802,93.70795684665039
-33.12121817254539,90.89235339542918,0.01483920103400051,-33.06363985782092,90.80043374349917
-33.13909552051396,91.77029548623618,0.01393197906734759,-33.045927960497785,91.6691656300881
-32.177654082195886,94.66628491309355,0.01523418426458996,-32.091573864292236,94.53773901487209
-33.222594782692546,90.86298477257371,0.014913237446141132,-33.173847900598034,90.85164686980646
-31.5686830314836,91.84971125909296,0.012726050317611058,-31.536043524243382,91.73558714620013
-31.732948044093177,90.50553509834073,0.009154523349347772,-31.795498261354506,90.39820176914463
-33.05755510412233,92.48405323535907,0.009127488465551751,-33.01922973806285,92.49533317368423
-31.27685254030577,93.2386562763714,0.006302893616977772,-31.20010905502259,93.12897655232135
-30.387450474586295,91.55368714849334,0.012409524859707319,-30.337051690415,91.40801023483071
-30.110852624482554,93.72576082367512,0.016084075636393233,-30.052594386443673,93.49801646806459
-34.360630914736426,92.16544730030003,0.010475399203540557,-34.330332656671736,92.13885681987406
-30.308151558440276,94.0815593084528,0.01280006842434909,-30.258360413018462,93.95636348687825
-34.815041694231205,93.28863507989111,0.010918292120154036,-34.695722808274624,93.38105755739046
-30.159667096599787,90.00275506850993,0.0126788038132272,-30.016634570467872,89.81850074628423
-34.93942661786005,94.59434569910376,0.007639375281777236,-34.93615505449739,94.5484624091424
-30.546990845115882,91.8719569234768,0.01398146371360632,-30.51755776521836,91.49468541659029
-34.04454221480303,93.18826074812699,0.018569312967363336,-33.948304766316575,93.13724583347607
-30.87544635771854,93.59490245420582,0.014224384584918485,-30.80484935355381,93.406832383617
-32.152739218508316,93.26218684259285,0.00929739535925465,-32.16115473155914,93.23720481664043
-34.71755848097519,93.28590156102803,0.005,-34.656609724600514,93.33108370523671
-30.427796692377527,94.37547613194117,0.005683758802034101,-30.442565202325504,94.2562744392627
-32.345846895422,91.97588793535972,0.011642341454427349,-32.28356271496874,91.88415668544518
-34.88902229071355,92.9217100475165,0.007933699495367399,-34.80985924530106,92.87917809176719
-34.59154920549671,92.86336114666103,0.012321160056209379,-34.54104831767443,92.73321541530542
-31.663567138264103,94.79938288404654,0.015113069839159977,-31.54579311687135,94.66743227595502
-30.052677961975835,93.57364840479761,0.005939400528596907,-30.0584701481427,93.45809417343494
-33.38119295193887,90.43771325702733,0.01335966415335118,-33.33213230525332,90.30138145972974
-33.61684475098395,91.8412653920634,0.016456988430088155,-33.51792480076995,91.79323068872806
-32.1756939296071,90.04371629398683,0.010468091738495586,-32.11843738998982,89.96445522367308
-30.826207857910028,91.65284782063779,0.010591736104900438,-30.72692393008511,91.53415939726018
-32.313925699538025,90.71237118058144,0.013059243490398135,-32.34885526190667,90.65205521918354
-34.86001714062974,92.23539151786724,0.011776311666782963,-34.87674025934771,92.32850727427247
-30.491573313599112,93.98695220259464,0.013444256620365616,-30.44255060615343,93.7749446994638
-34.964963905703264,91.10181869412351,0.008730633896025092,-34.95211209178772,91.13171252410311
-32.442032542126114,93.32100865737324,0.014014819941717068,-32.39867347360409,93.15736003612432
-34.76729981211963,93.96996728606321,0.010692389779083478,-34.69615393446603,93.88096534904915
-31.36109572343929,92.1991134701528,0.01577269833392222,-31.320669523140108,92.12100326911482
-30.928085191677138,94.3245845691963,0.012456022053666464,-30.884618559488604,94.17688681507406
-33.30754335199991,94.94737928721557,0.009924208962295206,-33.23733128430759,94.8906494549469
-31.26413129269686,92.98309536218237,0.00923218095355011,-31.215336564025446,92.86907005427024
-34.781984788185895,92.22540334529877,0.011596714204303015,-34.769922908956886,92.24162722006699
-31.686078970833748,92.72834893855445,0.011068097739158109,-31.660327794093234,92.5903559552913
-34.56528524333132,94.3223863358808,0.014475470162292295,-34.53889099763055,94.3250127754996
-30.75287047476099,94.57860014441029,0.015303115147319895,-30.67899609677209,94.35893404885189
-33.89442422067748,91.30045410252869,0.013191299201653003,-33.81278523936978,91.29354781274169
-34.672796763767096,93.19622786891918,0.00958031239365441,-34.625295843244615,93.23692397077262
-34.69867218025879,93.35031919769152,0.016807230521791196,-34.63273763530416,93.27566659711627
-33.97547768191262,94.45891360846429,0.01261865271886242,-33.92202904076173,94.48718057908235
-32.9676406859194,92.82118677428537,0.00920873913822543,-32.945611305534555,92.82769518258576
-33.60480464040412,91.4679085171611,0.008246783814986216,-33.57972079690545,91.44796967157842
-34.23763994110631,91.83075030640522,0.008972353479172801,-34.18983377767449,91.75804195484194
-30.301134629394088,90.53643225475642,0.00969600749490996,-30.26054753458939,90.3874078973442
-30.68249425169356,90.87606356621437,0.011210175453355077,-30.587391223383005,90.71058410400903
-33.930706484347155,94.11473098647788,0.01391417867322691,-33.9472221986979,94.12706324441743
-33.7330369978084,94.3448404859905,0.01509561825833761,-33.63155932577692,94.30995531415385
-33.68808592523847,93.93021920308111,0.014922598030072955,-33.65262057154534,93.87241312734018
-32.77018234647733,91.81265133596592,0.018418121945338158,-32.80931190856547,91.65540652350528
-34.716433635699524,92.19142868318457,0.00997374258799305,-34.68017092526497,92.1544099492361
-30.427889846182318,92.58018564384344,0.015578535458131967,-30.285931812580053,92.43486674334193
-34.44225674642482,94.19503903178696,0.007837166458270461,-34.40341569331364,94.23061284796708
-32.183158295615264,92.71216081167054,0.007978027367331835,-32.109448958788036,92.5584814086534
-31.38905039561937,91.83230092328019,0.012106476368189022,-31.233877963743915,91.6960553548865
-33.60164160814442,91.24376863626857,0.017633421294887396,-33.532988133648026,91.19198924275103
-31.84280304242435,90.94760433510214,0.013642106119270702,-31.786137458948254,90.83995336227841
-32.83517783208418,94.21501368024965,0.009730893572372966,-32.83727731720992,94.19069237196354
-31.322085676682786,94.96481763483331,0.013747854772262851,-31.18817858100273,94.72591599452716
-32.26641411232284,92.68291346312786,0.013409848347400175,-32.15055382231124,92.55110596280697
-33.97673246845364,92.4331485128794,0.01189351718687589,-33.97888908117755,92.40049001461415
-31.736441685082536,91.44948994482402,0.009495940413161262,-31.676608065806427,91.31477301711364
-31.64816257380209,93.6137091867974,0.014199235373904868,-31.561028201971055,93.51423268012898
-32.22661192128437,91.70934244281207,0.013111633856902071,-32.20518277341412,91.60142674701099
-34.242301723738365,93.41280263477705,0.008928592686618896,-34.23780661308829,93.3917312402334
-33.45053794544018,92.32960145651153,0.016175851794395336,-33.30666966218489,92.28411160918088
-34.954565579840036,94.2342076625341,0.019106597134095762,-34.84112962243522,94.34040581809671
-30.934172032044223,94.07459647560232,0.014246251773127567,-30.835874761638067,93.92707738108415
-33.48509428643544,90.98269899921658,0.01534983347026859,-33.457117982424734,90.9800220305645
-30.378658477275792,92.2641864629883,0.008475562341008071,-30.359214888378506,92.12617732738975
-31.820108762533216,93.16386851456843,0.017372982664826692,-31.698000957275294,92.97786702036873
-33.751648044546755,91.2651369590912,0.013124375167757926,-33.68085513565275,91.26095836437212
-32.198706902678445,91.5436732946103,0.007473425878087631,-32.083314128051704,91.44192723014511
-31.578431478062296,92.30073387767513,0.012015096701337324,-31.613368495185068,92.22881540231214
-33.9077698279862,90.07824459883332,0.018675870282742913,-33.91129929363358,90.12735935850473
-31.29609709913565,90.09933141543758,0.014572643569701286,-31.279726072575862,89.9604770530026
-33.377225106539356,93.4930825378309,0.013098527085751068,-33.34184333225228,93.42848989290775
-32.00480234649544,92.88394430452665,0.009617683519656178,-31.945821348152975,92.88235056473897
-33.4408081481142,94.81021562840684,0.012503775546585058,-33.338157901407406,94.70649185550629
-33.333060776285215,90.55685013267232,0.006831355572659548,-33.308456049850115,90.53971960883621
-34.59230644653788,92.45586820743186,0.011544731368755078,-34.54299872050965,92.43462166983088
-34.78048525459685,90.31594418677207,0.0122515882138635,-34.79045772907808,90.26013194897257
-31.757223555805304,92.77559269586202,0.012013351466662844,-31.726011827670558,92.67611227580464
-32.1417917923317,92.40216222564229,0.015686389032695227,-32.08455477993867,92.34603363329028
-31.495002296511736,92.12521524774526,0.010041788108064026,-31.422646588831196,92.01381123916222
-33.393615791908616,91.91682854336393,0.017219039304920997,-33.353574837762764,91.86542826996723
-31.928892701648696,94.92284158890155,0.008641080739812432,-31.847455645778226,94.88860875274614
-34.03621549489405,93.18793148622859,0.016836493881781392,-33.99331773527207,93.26568650101089
-32.20902472136668,92.02598967925704,0.013210831707348767,-32.13738208810877,91.94816000047034
-33.41856909370015,94.81476228784489,0.012149689863921087,-33.317394804412515,94.76689423227063
-33.17602737825837,94.41800013123884,0.010185448324050623,-33.14608166491027,94.42264721638014
-33.98681699800661,93.3662416050133,0.015669646197729883,-33.91790891991909,93.18929259380658
-33.76063573276218,93.36517507553037,0.01528733845425892,-33.71907679516865,93.38071039324264
-32.66164503832776,90.87714158423564,0.013481670712532425,-32.647591548949826,90.77622289261488
-34.78971286300528,91.6248358210413,0.008480147484441102,-34.689234171975166,91.50553937155676
-34.33755012455477,93.17650612248471,0.017474516959412288,-34.25153847866998,93.15252278947175
-34.378449348653774,92.57417242255495,0.015248640423532234,-34.40515973481231,92.5543832217307
-33.4093222554259,93.17480575309459,0.012450921910307777,-33.36677733289209,93.17657732952547
-30.363645869193885,93.53963562391907,0.009152804890679706,-30.35514848805615,93.43100004640884
-34.40234976474514,93.08134309474107,0.011235986063366024,-34.39081473702349,93.07391255927763
-31.97431911924216,90.66353560006272,0.010633011075630309,-31.937014958028513,90.54042567751074
-34.72726337605284,92.82591468223463,0.011026462204121382,-34.67314267274764,92.76158757365893
-31.454418118795918,91.21472030873669,0.010921572585837997,-31.40553300969211,91.08267956560087
-32.69200329927012,93.31350286850358,0.01233536601557293,-32.701281749709814,93.17850713140939
-30.20121995824445,91.92079537205656,0.014752358527202976,-30.117882507938962,91.76598092799662
-33.782203168873906,92.64241448173158,0.008572908677031386,-33.83081620660784,92.57406449442787
-33.336872848843385,93.88174948255602,0.013713354305016055,-33.28697124671482,93.75058894268975
-31.172369867045177,92.33466851290818,0.009372372239529844,-31.218979032251877,92.21700509229184
-31.46664910063741,92.89958407077636,0.00604731242836603,-31.424740715547237,92.75284604538547
-31.57372004621643,94.69353638167499,0.013928905169403285,-31.5681639798781,94.62213881043157
-31.233676511422868,91.2387903403602,0.010032311645526383,-31.182886361066718,91.10953335695915
-31.60456108108029,91.29710112671783,0.005,-31.551399866457572,91.28109885631775
-30.103481029247188,92.81460162169179,0.010517578054165214,-29.98734625616323,92.71338763063886
-32.4289805845799,91.61539446965541,0.014956063737308324,-32.342950851949695,91.41473077825165
-30.371440148387396,93.52386371599998,0.01173482809542899,-30.307717370041228,93.40173044571425
-33.39600621108917,93.23711988066324,0.013513108648344624,-33.30891677822011,93.22042567220103
-30.903631328245602,92.25374911611688,0.008061828705375826,-30.921572724042527,92.19321961136092
-34.22829562602969,90.42782660865652,0.0108532916012232,-34.21077611027415,90.42758367179555
-32.41661442345592,90.27954577649479,0.00969054903905453,-32.41076647027409,90.22181896301804
-31.454776397987132,94.77860662507034,0.0077927891439583405,-31.39185377083242,94.63186940222148
-34.29602276121378,90.37463030123162,0.011830567169970174,-34.286749515860684,90.34815719444006
-33.6328862486923,90.1925859964313,0.014250488924017165,-33.595193396063515,90.20417146125669
-32.822107817684504,93.16455548228447,0.010250494701072126,-32.72028868670498,93.12843883650761
-32.98171914276957,91.59554308994906,0.010547955066798561,-32.89235957798833,91.46861621636013
-31.899910776448227,93.58838194089893,0.012197558980398718,-31.808944107043164,93.5257547979485
-33.89513621308903,92.48450346716969,0.011525620403287584,-33.83675724404495,92.39098660442042
-31.212986518913794,93.04657434831293,0.007742929666963078,-31.14842933271457,92.9187041357077
-30.652308553549844,94.62769973969218,0.01202848790459237,-30.535367972237548,94.33664093358138
-34.403821150641285,91.02656921630177,0.01421081993542677,-34.35302874069866,90.90050983064549
-33.57685762798215,93.37973085163262,0.010243578315722524,-33.44615896860893,93.41878470572398
-34.52243857013796,93.512981542284,0.0109732664865479,-34.51599551670892,93.45600142043745
-33.92832402138358,90.40809795713763,0.014171189606588874,-33.9367359783898,90.41411960027636
-31.00157967482486,90.90390937465612,0.006278915180105464,-30.953322322459602,90.88728008455129
-32.15113683589425,94.29023776513137,0.009649011745423389,-32.13832741427047,94.16753626730262
-34.462128279095005,93.18495251535377,0.012997325498411904,-34.382194101643,93.17384394267269
-32.958759765466105,90.52642358425315,0.011873052978344211,-32.88126922848773,90.4135494102939
-30.299240152426638,93.66334045917397,0.016160825087034092,-30.176883846458097,93.3703645174256
-30.9653371671832,94.99756728484093,0.012240275010779024,-30.857802780278107,94.77809949372353
-30.614192888392648,94.01849914837943,0.01214841671902691,-30.525739611480688,93.96916526344275
-34.25469587686382,92.20036284527637,0.012743571783946124,-34.193592227889425,92.2210521467175
-31.342215383047026,93.01977653183611,0.01173019581968958,-31.294110263692502,92.89191114658993
-31.703230640988934,93.36305519846043,0.006000834334332128,-31.671365887476348,93.32666414073701
-32.565470729936706,94.48664261089324,0.005,-32.541744726611874,94.38491720377675
-32.35527102349678,90.79209975906932,0.01465180239957533,-32.31148447965856,90.66795555980835
-30.50339545418339,93.62650521131292,0.007821633706684528,-30.495602233492512,93.52448852969522
-32.83063597641953,94.12371790741548,0.01591511210949747,-32.701737581101604,94.05906945042112
-31.151984551770525,93.00821572173746,0.018188884789182493,-30.999647464875586,92.77080467131074
-34.563158664145476,90.77368842094658,0.016476567560057095,-34.51163797218498,90.8543005407422
-30.262777079932896,91.20303506288786,0.01321026045372966,-30.23448857350524,91.06939697512388
-30.92738739437103,94.55048115588683,0.007554205293253788,-30.927263737273037,94.48703799516426
-34.30076278154771,93.17717587241972,0.01210604697427741,-34.34826558531283,93.13789774504995
-34.20198567730993,90.11768175409613,0.008891798038848622,-34.19412176133516,90.00298960341354
-34.53377877303552,92.47738333036804,0.010156417135186656,-34.519359144498644,92.44446114857546
-31.61154709245287,91.35124461723659,0.011030419015937038,-31.62163119309959,91.21723826527223
-34.59141630190869,94.27224954884204,0.01228450212939756,-34.51028542762522,94.27145619605636
-34.17894113489208,92.1735500284705,0.01025045214090741,-34.22717706594992,92.15253047696156
-30.14463905142164,90.38764799001575,0.009832732367759705,-30.115728601290783,90.27625706433292
-31.437127508415383,94.1345689360675,0.015232242783730702,-31.394467198029457,93.96485598823833
-30.708495656444903,93.44816476180148,0.016431665820245293,-30.65268644364959,93.2420625925174
-31.082981583173336,91.8304855933027,0.011188076211480056,-31.047211753990133,91.71931951499371
-32.363643020909464,91.08662851372071,0.009231129597958833,-32.32672455477542,91.01200312020873
-31.22054099395882,93.90253787238004,0.015655991097414293,-31.139395276052127,93.74501586648765
-32.21680489209411,91.76537961887311,0.010487077663356478,-32.22279182198158,91.70477538404488
-30.31906529520059,92.82853705771124,0.015032645610214595,-30.22425755119936,92.61527786238214
-34.33839981991847,94.31148653902433,0.006974616430366683,-34.2141736176843,94.3213246130502
-31.087319313440933,92.85150617449914,0.005192593071932167,-31.06213335608787,92.79922419529039
-34.08191064428628,93.69587534212545,0.011244934197846734,-33.97297033146929,93.68231372805677
-30.91367763852647,91.52601756207376,0.01252193208314966,-30.88934479321322,91.3557947300079
-30.628309805303275,93.2538879433253,0.0073390558990406585,-30.556194894161834,93.22271628683256
-30.279435462942587,93.37280110768191,0.005,-30.262183410642635,93.26133886243433
-30.6849640389966,94.48053189987594,0.01390646302040034,-30.66016403774472,94.28895112770412
-32.39499975008849,91.11590886249823,0.010594072816043416,-32.45325197787963,91.07438369884936
-32.596767603061096,94.14849890912436,0.011583621181628694,-32.55539760219046,94.07513296295203
-33.370174562993,92.0170113296571,0.012665575300316576,-33.31672306361675,91.97465676539932
-34.52804055697613,92.45633736392053,0.012997518164334067,-34.50452129555847,92.50715687139231
-30.692821436505056,90.22027209095208,0.013165290222206746,-30.655478018875563,90.1444132921718
-31.537773469923707,94.00659088043089,0.015569156758673788,-31.405085563711854,93.86853624152376
-33.830400368107405,90.52728872114318,0.01054375072760547,-33.926758631171744,90.55284121112452
-31.99792915518807,94.27485958886544,0.009350665499945048,-31.947797828162603,94.2198738432758
-34.81922375007063,92.33551908007648,0.0076024806345765875,-34.76244980128797,92.46734325696698
-32.04208112515776,92.22738270781177,0.019228806176459685,-32.036917679135634,92.10259630116522
-33.83432370622681,92.53244556600625,0.014639183907394906,-33.75942867422109,92.5471733604978
-34.95258324322525,91.5362994989747,0.012581811857665642,-34.891357898245204,91.55061453184948
-34.48903210298377,93.65457297082446,0.013820718092812974,-34.337987223733855,93.6219470580218
-30.230108720468294,94.39091049138767,0.00994398670780033,-30.26186194209411,94.2404543467887
-30.12861181485849,90.44631459008939,0.012184781550262752,-30.06260959758183,90.2762417938757
-32.43221864401667,91.511299121058,0.00985107374547866,-32.348333586058004,91.47511666095548
-31.658426743755825,94.10116035553885,0.012540762916887632,-31.559458274529753,93.95113058470199
-34.767103056058055,93.84576947665761,0.009077149062272631,-34.72158872575741,93.88507105575555
-32.06988717014014,92.15117187566783,0.01039171330028379,-32.01419467578799,92.07870976224119
-31.497023044332586,92.55824704851858,0.013220650029171423,-31.434488828684106,92.44087345462961
-31.994117185527973,93.67773415720254,0.01452442634803162,-31.988719186648943,93.61323872929046
-34.830353903063546,92.97834021100905,0.011710220730058514,-34.80966458219035,92.98119919799821
-30.754906477757764,90.72344122778452,0.010827740636419584,-30.7328298159238,90.581024891407
-30.070853963586828,94.60231762988218,0.017012833175031213,-29.928554930216627,94.33470670388503
-31.586784016035306,93.43551677722195,0.02,-31.509789934435194,93.33296812512043
-31.419068259102772,91.90101929684182,0.014488113181734479,-31.295247497454575,91.6561922113004
-32.99665250578849,91.3184687665674,0.015225636957016838,-32.906215373179364,91.14301476942614
-34.54911088354653,92.54205622144885,0.016334409737275818,-34.48058086551642,92.46691416391376
-30.065654057192372,94.68951345279922,0.013505289528409866,-29.992264992726138,94.47675903436337
-32.263051213750664,90.25914274458638,0.01070071958683615,-32.232316901307264,90.23805504155241
-34.570529661758734,92.6435182206331,0.01385334028773874,-34.627079034363085,92.60020716868416
-32.55973623097641,93.29048161025611,0.01841425879775138,-32.47734153707035,93.17901085469187
-30.107827459056786,94.38716595181644,0.016803253712272467,-29.972940592040942,94.0675225868556
-31.61334733527729,94.20426933178193,0.005,-31.57779809111425,94.10687813864764
-30.68120766027927,91.42815499124278,0.011233198418267958,-30.530920851456962,91.21485289537152
-30.573591907876015,91.83513891566446,0.01823411775431409,-30.487066135941852,91.52790170065488
-31.38415757161382,92.6906105562319,0.018118904479317202,-31.338350232765354,92.5722364793648
-34.21442799593427,94.4373900033916,0.012768677202909796,-34.1811057677046,94.48121176404506
-32.745778267709184,91.69829162197752,0.013633092836823079,-32.68838760865602,91.57434853030333
-30.342503501129958,94.59388523674946,0.008959785173727428,-30.329077394695897,94.51713912574249
-34.92218177302182,94.33511591222138,0.013564645007076022,-34.83841656262245,94.3625026441679
-32.58674396461076,94.43472345814092,0.016634938712168465,-32.53456447879642,94.32644749440124
-31.223517417274017,94.85779704730862,0.017780634036249177,-31.040254068320646,94.66620385191084
-34.24664221169827,92.81676807991315,0.010056158039731526,-34.23795782418278,92.90140113065011
-34.67183840314165,93.3699492572745,0.013112277866291778,-34.54617239676771,93.3543404561363
-30.342159333899417,92.73242077598965,0.01316476632732637,-30.30641147403334,92.5818587402986
-32.60852316533118,90.93446635731223,0.011932513224210293,-32.530185520160316,90.82232649267723
-34.1124272166442,92.27682670545545,0.00807748694748548,-34.168647116738086,92.25305905991812
-31.337311815899994,93.13821923234264,0.005,-31.27244377116016,93.04772201224874
-33.851690660879775,93.92288470266121,0.010072640596722124,-33.730073355639185,93.81790534618963
-32.387253323643485,93.35726869904312,0.00928691820180989,-32.261527192312506,93.25108068977612
-32.777973655152664,91.19813695271363,0.012409676107230868,-32.73951323529318,91.13259472081472
-32.00952411246985,94.88611649471777,0.005,-31.95021454872273,94.75399057103975
-31.30168914960997,93.65012797568261,0.012525812088174985,-31.201153239767326,93.54536106232253
-34.43367283314978,93.44113971693034,0.009799606296892135,-34.354086882690076,93.37110799036422
-30.7124234731428,93.96733536794318,0.01134209015443775,-30.584084688411153,93.93950823565925
-32.81665866534204,92.06552525593831,0.013990490334568513,-32.68564342864238,91.9939257336962
-30.4746346925465,90.49221097020163,0.009182059856852566,-30.407431548661545,90.32395065047999
-34.943320952916885,92.9432233630068,0.01150612442081764,-34.847566223845554,93.00243083357992
-34.377498616063605,91.5505175755605,0.01642694452598832,-34.28210678574932,91.52135459256144
-33.129123321388796,94.19608103461877,0.013978021412084065,-32.93697747232972,94.06442740494501
-34.1942039200778,90.20951063753925,0.01754321176561341,-34.22154195756688,90.17365695029297
-33.627440637479914,90.74424900295881,0.013179244782375064,-33.677762281936424,90.63842007063069
-30.044696009173236,92.70323531138064,0.016825831517026192,-29.957455263829267,92.54059096000374
-33.560669591113374,94.11835282199023,0.009438479634367702,-33.50579863097669,94.10139440485952
-31.217129133962395,91.4096982224911,0.008402726667364198,-31.226146947473715,91.36266441508677
-31.061341821039406,93.50504616758994,0.01110461471615887,-31.054760490861398,93.3600356242295
-30.160392605992232,93.78816416910821,0.015242981408082093,-30.085822808458637,93.5240220806235
-33.48551386180787,94.3826204979135,0.011664054691620731,-33.46000358574164,94.40518275335106
-33.47497256368318,94.51811448548754,0.010106172899160269,-33.3942718655124,94.51976765677689
-33.80037640293532,91.5513050713472,0.015772825794105747,-33.80984387734621,91.4644500181314
-32.422433139398045,91.6807012134703,0.013610007881617484,-32.39732020370014,91.56743111143757
-31.29046836745406,92.26783162995487,0.0128052877005401,-31.187486540088905,92.06036985756911
-30.88915862996198,91.76377597852239,0.007213078484992157,-30.82015983324108,91.72163662717524
-30.357048935370386,90.99451855738532,0.010402644180130944,-30.324194387765022,90.78533752026114
-31.502857774047655,94.02546276596507,0.02,-31.396389621599756,93.7546949431952
-31.294084815737534,93.85346504693018,0.014466698592254693,-31.22588253785093,93.68293599772579
-34.32855106720161,92.24353378421756,0.009244296503621598,-34.258572180096216,92.2557872303036
-30.7175993763677,94.46224484324149,0.009127352416782298,-30.641110905512818,94.37539199202962
-31.067016777290746,93.86159943346773,0.009867806622401219,-31.051581737337166,93.69707581736397
-30.365737437804867,91.57409283358267,0.014941211842286214,-30.22061468665301,91.29429502584584
-33.517420400118844,90.9018022702328,0.009423891915333868,-33.4799538543433,90.82183375303757
-31.404062662192512,91.72994873200278,0.014982871622366256,-31.284782448372425,91.54549091812942
-32.06750568604603,91.01596844940894,0.012361873049537831,-32.06554816793096,90.9992690661992
-34.368763823794374,93.37002612792182,0.010841455987378297,-34.26584153475097,93.25429586649568
-30.497370011328506,91.33205868972799,0.010622032187216784,-30.44537713639224,91.16691953845462
-31.832817126565978,93.73327364790222,0.015462777862051042,-31.769084476146553,93.56400177404757
-30.187117791414103,93.61880476492573,0.010347484580876164,-30.16233064604485,93.48650829293162
-32.399191649620676,93.71802007804418,0.00990870607900058,-32.31295804563369,93.70378082241513
-30.70524632933959,91.42749906689505,0.01009467536167316,-30.66934634558995,91.30539996285653
-31.422149474019697,94.46492599028437,0.007629742709468375,-31.310020570415162,94.41480583064471
-30.835502816434982,94.76726185147223,0.007938420801759024,-30.796484498405302,94.7443288825806
-32.627414877152866,91.84775459005206,0.010776460540236966,-32.5293862612736,91.78805990096816
-31.389070671314258,90.14595149513616,0.013389666652575504,-31.40665221145519,90.04143436577571
-33.418624583718824,92.15313504707238,0.011188212832037641,-33.42259285713333,92.08931472563914
-34.1830579621345,94.89194572059833,0.015006924508321105,-34.06873636344949,94.94269356238053
-30.185686573250077,94.13764413309575,0.013354305906737121,-30.159360588602805,93.97853226787555
-31.877890654701762,93.14900167732212,0.011977702523252712,-31.808494916156068,93.09426243899414
-31.395314074380366,93.5627648044368,0.01185027350798139,-31.34356647261857,93.44042894399358
-34.62808629937491,92.38391905903853,0.016866254260888315,-34.60714860648563,92.33106091533395
-33.24482207641609,90.14091886158,0.009538213336474005,-33.28014297896071,90.04541547670188
-32.76825291746454,94.52272409542537,0.012341688670478008,-32.7197524184955,94.48006579053697
-34.47954205952608,92.28639636499095,0.007309954665146762,-34.37655275266966,92.2508872911412
-32.60735660396124,93.69780414943804,0.010746920671345729,-32.611645742214236,93.60679256626678
-32.51857012535835,90.48916575987096,0.016241917160161684,-32.44983664551149,90.26741373783747
-33.78881496280558,90.58807493729373,0.013622273415412587,-33.7536044219296,90.5058238011395
-34.577687853466294,93.87708440050689,0.012580397080641629,-34.58410988389764,93.86370852404526
-34.39661990832492,91.3800862052027,0.008358129697393015,-34.349740063215776,91.3058609330623
-31.493774257921814,94.49715960784187,0.008748825451765342,-31.42729285474345,94.37837655469151
-33.95537208695849,90.66966934103905,0.012498705685533082,-33.96659970517571,90.59426977487885
-30.528500539157424,94.37011101945258,0.01027139626735489,-30.398214360440367,94.35526122255301
-33.21634207666468,92.73586750439773,0.012667970183565464,-33.15793110528152,92.71316880331808
-32.19898399117924,93.20146916854765,0.013877649317530213,-32.08686597530936,93.11428222862959
-33.735466617507285,93.43540992599358,0.012133033161027639,-33.70003744343951,93.4036618417864
-30.34352523530361,90.0778753912671,0.01550169173588287,-30.23524333366914,89.9262084332324
-33.59248587654595,92.98342978587775,0.016421686037570028,-33.566589576128045,92.88649111274405
-30.856397545105512,91.4262324133161,0.012960516668421235,-30.815955729200077,91.31839866905736
-33.89581049266809,92.77093646270919,0.017813671464999275,-33.8382452792451,92.65521824786349
-34.85242645780277,94.75272761010962,0.013686869211521988,-34.75298035728519,94.72495307358592
-31.186958689737207,93.65299915631545,0.01610348598626491,-31.140508709981354,93.4462008308513
-31.145579555720804,90.61011305362665,0.010441181423999865,-31.114538428247805,90.45787039131692
-33.52423008821885,90.65467980475853,0.012727237158181975,-33.51138089533612,90.61481245444604
-31.145665068494633,90.03845533023251,0.016856067810899968,-31.103152538004196,89.84120107134483
-34.827655116170966,94.4052736643189,0.009463188517406924,-34.72585667227026,94.40659763629465
-30.718473316910927,91.6719405066868,0.010560138571000369,-30.67684086424797,91.52529177654954
-33.177962887633484,91.78829985593543,0.010067263535965527,-33.130037797730445,91.76890800332048
-33.9400783387829,90.56824947071847,0.01421966877211614,-33.87127744420672,90.5511207434913
-31.88972531423609,93.30108600281065,0.0157469186551318,-31.849944839421493,93.1441218192605
-32.40513985364132,90.11900760003589,0.012462669871848301,-32.42735043866191,90.0150686774562
-30.19518732172278,92.48795335304352,0.013468459967638185,-30.14050270793377,92.3657376223342
-30.47092654466055,92.45090461389483,0.009768059164479724,-30.39240206102838,92.29378771443751
-34.64333084087911,91.38470087889971,0.008339559164958927,-34.63810034115926,91.40552105493829
-30.436127377765263,94.17184935163552,0.01343776032921037,-30.28640111111956,93.96189868727538
-30.51713415837247,93.95759321612718,0.012575949595988078,-30.490452592099068,93.6587409896089
-31.707401613582967,94.84249329614501,0.0102226776376774,-31.60790235585087,94.70864817379706
-31.18009344502902,92.32827002635062,0.008772015073775636,-31.15620486383477,92.28009690927747
-32.11070349122558,91.47631681585815,0.007036138715605846,-32.10208604411031,91.4575465984351
-32.90794870993478,91.709564853215,0.008713368357692926,-32.83130733242238,91.64179795871124
-32.932585042190624,93.1283423700369,0.013090491812508969,-32.907371192555786,93.0200124035309
-31.42568805572968,94.35311569241365,0.01246820158862744,-31.317096031483374,94.17421123426375
-34.28482668328525,93.63005997739089,0.008097269677025969,-34.31566416176786,93.65800307717285
-32.53531340106376,90.15354960474087,0.011842088194977734,-32.54766779223855,90.08739127380645
-32.91017422628093,91.59733985716801,0.013134331817221682,-32.914427356606524,91.53402591574566
-30.40540190405804,94.55276030554991,0.012467930649686746,-30.316212861073822,94.40404823462922
-31.475519750532918,91.27825909325905,0.01448778112979214,-31.402917236087784,91.26715416870415
-30.378914693088106,93.58324993402327,0.008727869683763823,-30.396759640228236,93.47211348730013
-33.49201822709152,93.52158827172511,0.005,-33.41286038655396,93.56340010512888
-32.0593484602908,90.68047659158124,0.010535567274369578,-32.071575214919065,90.64712963528255
-30.702841817480667,92.90825215196516,0.016473350082397947,-30.627217824625212,92.69407159292166
-30.536890435863665,94.38677767406229,0.01598990929774388,-30.44914537660453,94.15272110035517
-30.08304035588911,90.87922577980272,0.011523064692177527,-30.06784160058178,90.84169182262835
-31.338351577030075,92.3253798882321,0.013533398285629604,-31.24604663918282,92.13895711662879
-34.936442849140164,92.3018949326891,0.01566537760227106,-34.86047035242218,92.31928807010927
-34.12921385658746,91.25533860556473,0.010796033907290564,-34.06928188472279,91.23270393404903
-30.80743960660662,94.70342559356206,0.013086947716041556,-30.76165320209213,94.50658529561211
-33.357683430082474,92.96391411453729,0.011856696104516656,-33.34299052767124,92.94101306275488
-31.55791049927609,90.56444644026674,0.005,-31.619252012112923,90.48187313914296
-33.9971283266083,92.29499684554803,0.012197314212234439,-33.965870456125245,92.27553554579067
-32.8439942890836,91.32375680846889,0.013188564122484796,-32.807356704923734,91.28821714053639
-31.738850047447066,92.50603393472636,0.015750268731461545,-31.70115507132181,92.38823224434167
-32.772612651380285,93.39358301945379,0.014500958344829347,-32.76881586885827,93.37869536628061
-30.70822235657835,92.34395908636844,0.013744580900850702,-30.602129134597863,92.16598890609917
-34.65472806955862,91.83896422675588,0.014864222607284322,-34.63145274736009,91.86425710711138
-34.51887712475397,92.42533556569245,0.013367705907405174,-34.40032186200515,92.37163467723272
-34.20720890346485,94.20252261195314,0.015403325828078091,-34.122812269398445,94.21185837872794
-33.32381629012988,91.96989901100112,0.01418242139391128,-33.230143605266356,91.82243359868667
-32.06859936495863,93.54972404073135,0.010803136747466559,-32.000873434408525,93.39161444301763
-31.682524404169552,91.38619761028362,0.019527261479010224,-31.63134554042369,91.14930282582199
-34.9485643167548,90.20747063992319,0.009674321803673929,-34.91830735837068,90.23771951132979
-31.054126136142198,93.84684845215894,0.010159155563250583,-31.001783264714472,93.67102827140658
-32.31348023438255,91.4143774730031,0.009325735652650276,-32.26287252269259,91.45417609525745
-31.613928179961473,90.4269672295181,0.010296920418496808,-31.625069734009173,90.35651711634063
-30.354265044235948,91.88814299500986,0.013709494858927135,-30.265019822451308,91.6825415668992
-30.60671298019746,92.35607598696089,0.012977601666478733,-30.531304026905566,92.23059918137835
-31.209582721678565,92.2011993676893,0.014414080196542164,-31.136144712592106,92.032275335885
-31.778762176504657,90.15257640219097,0.009461275080022417,-31.690511953317777,89.94724550006603
-31.506258355679673,92.01400806453952,0.01622380808898469,-31.40194259795163,91.85681134270571
-32.72172710909169,92.20707828052757,0.007560360231488774,-32.70744775140252,92.1302264294139
-33.694382790803715,91.9525847185239,0.016653497750878342,-33.67521530043424,91.88066395541993
-32.47606843022234,92.489241412899,0.008756055931479918,-32.48667737236987,92.46808994517465
-30.488257792712037,93.40084175749726,0.014701764561491557,-30.324886730341166,93.11392212348031
-32.32800178314974,94.34290023109928,0.0087766753176705,-32.293451557756754,94.23342276120067
-32.94750086549981,91.40778777707145,0.007573395018175505,-32.97455801854649,91.40875600879538
-33.13553424684089,91.38813127252095,0.012162388156858687,-33.16084226740528,91.26975517880314
-31.16943456876661,93.90057304615114,0.012553973364765502,-31.047958703796937,93.70741638834058
-33.15125480393904,91.28448348199797,0.013094404830011772,-33.11705165744385,91.24899850207827
-31.85547451777051,90.89332210187513,0.015672844530078132,-31.808501546825827,90.74691429701423
-31.498462027545454,93.33320669542837,0.011860562418757228,-31.466865513854444,93.16733896561124
-34.819942362219024,90.38372413460694,0.010356661599210053,-34.75981767857662,90.36031790825874
-32.70063599234482,91.15133973379893,0.015627135803217833,-32.702090874237896,91.1072277975362
-33.36324925976606,91.94851385965485,0.00912679448049376,-33.356917509868666,91.97520024919804
-32.206096517345,94.0278529292796,0.013581975656808958,-32.13056184642914,93.93304976477425
-30.02852290047796,91.63123412336375,0.012731292401249192,-29.885913693299177,91.4058376008548
-33.15120914133021,91.61425704243024,0.011071052586916555,-33.08237804588707,91.52738239773961
-33.06665749736336,94.97488367773326,0.014617275329463136,-33.048916767708064,94.96430147596001
-32.535999403613424,92.63446400130302,0.01105360019803565,-32.51383516664119,92.56052420483296
-32.10200323346306,90.61061192862417,0.009446233979389665,-32.07585597050051,90.50163056636163
-31.90014902097984,94.05076568916304,0.009660489427321957,-31.800908528477386,94.01909376261466
-34.38617286652865,92.90642212557269,0.01195820215044522,-34.31346867806845,92.92218251846282
-34.536370874509544,93.20747895071462,0.01319855171073837,-34.5063331868623,93.09464481289181
-32.2339441507869,92.82448303034614,0.009571409101615531,-32.208557773692995,92.78781735864115
-33.98493221150821,92.7641747528629,0.013875887858721299,-33.92321927548032,92.71776339313452
-31.65895876723969,90.0785821052454,0.014182728283849916,-31.56593695941522,89.87858250721632
-30.007902092000087,93.49906551918647,0.013500877140244446,-29.871697486766738,93.33944202600067
-33.33323266380911,93.78287679096859,0.014090198682693969,-33.29245137364643,93.70459600179164
-31.990946896385935,93.95107068614696,0.010699305920270618,-31.919912863102148,93.90456552242487
-33.51131809290007,93.7176503000581,0.012088409325357027,-33.46524293003806,93.65833833333384
-30.407884099296165,94.3132300642222,0.009656186280991071,-30.384725263122217,94.12451053169441
-31.37629720083716,93.55241255505436,0.012435435269396753,-31.29415923070655,93.3919124174158
-31.82396381592682,92.93042337359051,0.013531367495199294,-31.740076890391702,92.76481928265481
-31.894394087637792,94.64160169974409,0.01362693986297404,-31.816100319698627,94.48663845421504
-33.122311274885945,92.73796850833632,0.013655089468342468,-33.06831936094702,92.6828800421566
-33.65968625214131,91.43938784770548,0.009792629016615111,-33.55659513581049,91.37436800610963
-32.941222930019386,91.5203593376857,0.014934061032775578,-32.95644618767748,91.45909864177179
-31.499617017638954,91.0219749965073,0.015329857442810891,-31.503254197936336,90.9248188735494
-30.146738093949164,90.61136776970828,0.010679941501257822,-30.094367030520417,90.50980179008833
-32.6000205548057,94.5208092246215,0.018221152939410408,-32.47219661023333,94.43043677863298
-33.09236443034572,94.7746921626794,0.016808062173701312,-33.01945980566217,94.72359071807779
-34.27859944479023,94.6790162370997,0.010129140939981445,-34.2743153136498,94.70418049931854
-31.546748015244958,92.34010876041718,0.011652597022508258,-31.645187622176312,92.25893612141428
-33.298166925815096,91.05729922242305,0.00812018186757377,-33.30026618862743,90.91634731368035
-34.37348885342701,94.07828186587642,0.018098513362755555,-34.27142034945802,94.04515971850601
-30.729337871788097,93.89360455313619,0.007761512569028303,-30.682389398482943,93.8410153523256
-33.247652809371296,94.07402321747205,0.014324722547322376,-33.11871921358605,94.14105220005384
-34.407309308479256,94.54447189004513,0.010139443023522154,-34.309830275623945,94.64715203015533
-30.484002478375036,91.65717075638554,0.008609102945052037,-30.46001613535471,91.4965673101223
-30.730840575979563,94.94368933654874,0.010658362628093056,-30.598057025114095,94.86633626600306
-32.181344854482745,92.43336075116045,0.016950843556527474,-32.04242794911818,92.18505376017322
-31.187515553978958,91.73913168753303,0.008211433950260093,-31.12779439682954,91.5256489894559
-30.895144513684908,91.9278102327961,0.013969735392066907,-30.799237969688797,91.67618632825776
-31.750088705293308,91.39333300889736,0.013009704404469115,-31.788835112263797,91.30017444450309
-30.406152538650595,94.8577353429706,0.012462293780061506,-30.380499635740065,94.70309620396128
-34.54541369405585,93.85860019119986,0.010121724695670417,-34.515648039342466,93.82540520234691
-31.969613226909285,92.29077311087727,0.00984653234094126,-31.877844004190717,92.18578613071672
-32.99854055790768,91.64518766682497,0.012191908467465283,-32.98424462331926,91.54217297231871
-32.73131126491601,92.13362445868246,0.01673194218501438,-32.69302204490831,92.06498164595072
-33.4700431219162,92.09742600940291,0.012334792823755414,-33.3891211144981,92.06307327264153
-30.52259697074107,91.20663402687003,0.012996122036342162,-30.50037210375816,91.07818502644803
-33.72973817347175,91.19876134618744,0.010251710839972393,-33.67602051395622,91.12912286877533
-31.775007830799705,93.01651758137386,0.0087515272965057,-31.7633538292681,92.87733451179757
-33.38486038632262,93.50778313766666,0.008242963166315537,-33.41140300760896,93.56238634060672
-33.25416266415662,92.58033258527335,0.012076026737616543,-33.18765527831092,92.55106457371707
-34.768156515039905,91.71399080369703,0.014164652542388141,-34.6727344515626,91.72368379722815
-30.21039003521928,94.192161707241,0.009317862529653262,-30.15719282688658,93.98679703830445
-32.66111215747199,91.75910342554857,0.01937980092424014,-32.57215503920593,91.70034585544859
-33.483203777932935,92.84524119688584,0.013591246002595009,-33.4086387281946,92.87505350287087
-30.84889583601865,92.73428187775801,0.014729915141618435,-30.82934526407749,92.67351815542857
-30.672738458838538,94.62733283195703,0.0063581323113746915,-30.661358674082006,94.53369045816375
-32.10984302816139,93.71889133340993,0.010274947399613314,-32.00741397720042,93.61494217888065
-31.10941939005787,92.45132030010505,0.011844019547140367,-31.082123320872217,92.34028395613012
-30.595148349240286,93.7506677849879,0.01303712869306403,-30.52935865288479,93.61075088705302
-34.3646522777151,91.29388130497534,0.017728572614460945,-34.325716118095954,91.2301401606658
-34.53966029744811,91.36981347022207,0.01323217828399039,-34.5085816243164,91.38541226081375
-31.597657573345316,90.08154566969131,0.010539876629855477,-31.494862056779294,90.01264676355214
-33.224987167888386,90.47592911521926,0.012701262319028649,-33.197888713097704,90.46127496322212
-30.85843297755168,93.93343337244477,0.011975591211285923,-30.818588935175736,93.81087346348394
-34.228615055795665,92.73032148617821,0.011250662125083884,-34.15288883871964,92.63754277596622
-34.8943935239446,90.64184187184685,0.01420843312413514,-34.85425287060067,90.62951873408194
-30.52770311853867,93.95592475951632,0.01548913144471182,-30.401623137874573,93.72894443311071
-34.65734253232706,93.47180604731358,0.010799132730284893,-34.5694053849162,93.35402750708057
-30.163383683988165,92.74293194318153,0.008176821162545393,-30.06525509046622,92.64736391029626
-31.941336852343305,93.97531940740672,0.012443508006082425,-31.825443105043895,93.75395364994485
-32.766319526804736,91.78988875635211,0.011785119815612718,-32.736695738816245,91.76034875467542
-33.484018212202535,90.54257887586728,0.0166658467988728,-33.45765975847631,90.48499632935152
-32.32836343267892,92.43897205897889,0.009617949214625611,-32.32124463647004,92.35978488655752
-34.60439535265067,90.36375411339317,0.01371920435163664,-34.495135041695434,90.37028941263279
-31.63213765309319,94.37548632971324,0.009539500921773457,-31.568631289486127,94.30936568305985
-33.625937036707995,91.60303903824884,0.010154220552458649,-33.55345605874088,91.54134957973919
-33.81186467858557,91.73646057383831,0.014010335836654125,-33.69164930302232,91.68183850600441
-30.715119278384538,92.78079229897588,0.009852511976105744,-30.70222660741952,92.68686323734032
-30.349121252005652,94.67753959871385,0.013212803156063387,-30.22649489637194,94.39663047193284
-32.06333657221172,92.6158352274882,0.01100800564245735,-32.06969453320079,92.61100047112049
-33.189246529586185,93.50443810858991,0.014394096637335983,-33.140522651031425,93.4646530716044
-34.131904187651536,94.78676234531312,0.012239995279439957,-34.04030590865879,94.82709091367113
-31.881181051617148,90.44869520688106,0.012693377208832348,-31.831782574528226,90.28517720050712
-32.73841920099383,93.17533332797481,0.014227871979531162,-32.6733349014239,93.07583929289939
-30.75696491401283,92.81124072515964,0.01215450987082795,-30.733388526559704,92.73401939753714
-31.273305267556513,93.92419358437749,0.012793829367180555,-31.141173726841917,93.8281997173254
-30.09770014515496,94.58768816613572,0.011274402465863661,-30.011435432647847,94.46414463475703
-30.74923327785988,90.40793495738473,0.01095702432663033,-30.67101560556898,90.15205819496913
-33.43185028255261,90.84330276859835,0.010314142656326148,-33.486549632088426,90.61232692690808
-33.449989291976465,92.04994792757316,0.01616040335608335,-33.41041573150632,91.96880248966595
-30.636926380137147,92.44933726453478,0.009787815712029014,-30.601727888692057,92.36864774716231
-30.53916605072194,92.935606775439,0.013932575235772713,-30.441041768297183,92.7692529412021
-33.281088095060326,91.90239772481209,0.012094990206377726,-33.316073352286,91.86627518336492
-34.30859964158315,90.05674187476636,0.013051082871168221,-34.30593457949901,89.94512806246607
-33.225157977248614,91.28241968765906,0.008144517226480597,-33.27251762478286,91.18435068100206
-34.81404849557618,94.79228238743707,0.011446497907348634,-34.7571160208356,94.76198908761013
-32.065529656584616,93.25504407926708,0.014395317463762013,-31.987719717166545,93.10191438358784
-33.564953120285026,90.06651313286775,0.009484161770587415,-33.52221701726473,89.97990244897014
-30.081376128208323,94.04149457882966,0.011387968966583558,-30.037109355854028,93.89537856678162
-32.390322870795316,93.72284719641775,0.009946567772446617,-32.4077237342531,93.66903388650091
-33.11121156196833,90.66419429226255,0.018841822027026202,-33.06710060446354,90.62685139363755
-32.91424682815322,90.38499385907834,0.008515712487765205,-32.947957464220906,90.3789976296411
-33.67477261476491,91.31240223379727,0.008727577699221337,-33.65885311726896,91.2065525429444
-32.6319384121874,92.32971417051282,0.007124670159030777,-32.59527324975425,92.21867674607635
-33.64224434475741,91.80884518682714,0.008338449240584352,-33.61562548099599,91.80705211922526
-34.09979215590231,91.42890010504829,0.012304802756551447,-34.06434017830513,91.3176120894893
-33.27539104936852,93.40648263226375,0.008132014314959876,-33.26369290556859,93.42587038802372
-31.027168766767517,92.34879089160802,0.009344638184373998,-30.943746909408173,92.25237126102837
-31.191514070801276,93.37368804247546,0.02,-31.044393989681332,93.17597493143855
-30.726575939558415,92.03417259340617,0.015947199454907714,-30.636621159530666,91.7618988681772
-30.411769919591634,94.57490558832816,0.013549118700761047,-30.38358185654536,94.33863974963735
-32.14715934755516,93.93609138815988,0.010452954584805418,-32.101483342290784,93.92261288173364
-31.59571168814182,93.78266223906758,0.017684724321451906,-31.48744786431042,93.5696563279929
-32.05754722779632,93.27893827965183,0.013372256926931756,-31.982413524397014,93.18296306370326
-31.52516698841352,93.36671434686936,0.008021292111224754,-31.541002830121077,93.28484255225652
-33.29465700610145,93.11172319248551,0.013818547368307168,-33.30768683360162,92.98661486309591
-33.13312510166432,93.30696251287995,0.01540213293605208,-33.07720710159665,93.30491098667443
-34.741554643263136,94.68531270748097,0.008441945810555193,-34.69592065249688,94.75082579553707
-31.67318610298989,90.90487074227774,0.01661041409607427,-31.581487030716225,90.69155074884186
-34.737885723576454,90.77067660236484,0.013719889466040266,-34.710109582654816,90.79371191346117
-30.97352703127369,92.03960674030276,0.009427778318465446,-30.937351786749364,91.89044983971849
-31.367592723667624,92.52186411165606,0.010861300990660351,-31.292497705840407,92.34089676063557
-32.16135156739133,92.77974449383761,0.010607360288076814,-32.14648870659702,92.70996997351219
-31.842514790573187,92.2568472462925,0.016021478353370915,-31.75835490147894,92.10470867823577
-30.00989372024919,92.89192919596816,0.0165734447655093,-29.93496617821639,92.68092506294347
-31.141961340713934,93.33182639587663,0.009278970410417276,-31.08366764420731,93.22917521439703
-34.26101187662427,93.0219109861981,0.011811095903207756,-34.223730839966535,92.99165119804579
-31.5116263927046,94.23574953170491,0.014625039683336817,-31.368678246732077,94.17157271601485
-33.46680934037051,90.65272319579145,0.009662695642223265,-33.38778551270917,90.61336947649687
-34.32288262971775,93.90825745873538,0.009878574808848292,-34.33034639279327,93.85279852201154
-31.575354909880904,94.72575792885485,0.011006889525766733,-31.495404342453547,94.65044378809003
-33.33459878972415,90.1431507685662,0.01575350063088688,-33.29884614556312,90.0003150473092
-33.6584771421935,94.73849192233693,0.010801135713836332,-33.536062102310545,94.83451494861067
-31.113969076760643,92.18954166081363,0.010529059840266392,-31.109466080125372,92.03050438380541
-32.40970037052707,92.76804775840237,0.010572754087254234,-32.39811592685402,92.63223266095878
-31.47728284584491,92.10489396313754,0.011328833658667659,-31.454449878262775,92.05007983922816
-33.48112601046811,92.13125677917395,0.016624693065374563,-33.44875578536464,92.09622342331116
-31.949855430702858,91.39541594925221,0.008828300994270424,-31.972384563309536,91.29434782334265
-33.63891500772462,94.21239852177942,0.011112457497825624,-33.611786109189325,94.2811207942826
-30.02153275881065,93.8687549388594,0.008960713677695154,-29.991397403529433,93.81632926311778
-32.01907468812696,94.9319217921395,0.011742806215120027,-31.894802471009537,94.75950254726466
-30.415355999814963,92.91655081864471,0.012545730279592117,-30.29187354424463,92.72996380069904
-33.176093072458784,91.68666601085349,0.010788719356186005,-33.12918657360191,91.59342347513042
-32.94510544826828,92.4141821304911,0.009034621204212681,-32.89139676220954,92.38770270585643
-32.86566304463264,91.22723716513708,0.017325683706908408,-32.73223905022448,91.08431769413524
-30.54054530787417,94.16359204555394,0.007626669973855043,-30.478604883141138,94.035958281223
-34.83757089207962,91.05906062086363,0.010217101496746313,-34.83244703004455,91.0081159431324
-33.5597171964935,90.59522742101092,0.012824068046513768,-33.5278967992581,90.50321142742719
-30.453367166088636,90.85143956048768,0.010460356850120863,-30.37468636742004,90.71390715188497
-34.70267466588465,93.07475924004878,0.005,-34.6958066015742,93.01723838334208
-33.75192153593716,93.58774081124254,0.01404458321942789,-33.765240528365595,93.45706546189584
-33.12191428677969,90.9680455865378,0.010112459220202874,-33.026189166956456,90.84737971116424
-31.954638627820003,92.66189381972144,0.014358737822504835,-31.8892344296306,92.49300177468167
-31.222538835235877,92.64030743597522,0.010202626990756768,-31.17495475595593,92.54916379493699
-30.604997165892073,92.53661217820601,0.012563369686912913,-30.46933609092414,92.34553059577965
-33.55891338480988,93.67955787833992,0.015460190648779033,-33.50316474183619,93.6029693668157
-32.33306081368575,93.8679550820502,0.011997635223950209,-32.227728967672256,93.77265401582063
-30.2277370410048,92.88056514909975,0.015628032342143536,-30.132766515617686,92.62684839748012
-30.775565899243038,94.18572238099264,0.008736704357150547,-30.721389522613944,94.00792637309286
-32.316334247908785,91.84153195271517,0.014977367505469843,-32.17785853112755,91.73547320721093
-31.47422951819896,92.51889626521837,0.01020732070202629,-31.413907393630865,92.3690733549182
-33.85827159556447,90.50850998621628,0.0073219938984721185,-33.863291613730965,90.42528115214384
-30.303349915615225,92.1319690793453,0.010508096862493021,-30.279757318257285,91.96731788287494
-31.04704954783687,92.77934615564497,0.01177753084747033,-30.91952772014677,92.64903472159055
-30.266553130734252,93.40633022043478,0.005801638741631791,-30.22785329284486,93.27264930473176
-32.436347980639454,92.70424743021552,0.01266025076115496,-32.33744287965398,92.50407354008404
-33.04202483470053,93.10277203878336,0.007370712368364694,-33.00504107043295,93.00516345692975
-31.892917245449638,94.86937616768762,0.014702724838960735,-31.755428550990892,94.68267442779494
-33.92103613841987,92.37486013344112,0.013120263136503095,-33.885492553520045,92.22776189295429
-34.245017456828464,92.28932259555525,0.0065957002166982,-34.25550544389422,92.31373584012512
-34.20286183326919,90.06241329453621,0.017058670936430896,-34.13736879236892,89.92163755817177
-30.177428117915653,93.88324772115695,0.012628639196855364,-30.016171255546826,93.76135881395564
-31.05233571226263,93.92611068910979,0.009419841786722689,-30.97891918470216,93.84842643085986
-33.880030190605936,92.72655372561451,0.013216290080293878,-33.832373134163596,92.67603027276058
-32.89353893609318,92.46827748457676,0.011720963760645594,-32.9096012571041,92.37030226006289
-33.060601935933896,90.81726184322602,0.014171683057669327,-32.96958337492712,90.73884064680557
-32.27920840388073,93.86428782934624,0.011233268794244128,-32.26667176469009,93.74957432789594
-34.899546982479535,91.90868331113123,0.012344063163851518,-34.7696839071279,91.92492472694485
-31.079369486958605,94.93067988231014,0.008638788630467673,-31.02986102967323,94.7626386852028
-30.28165514735523,94.27940248854644,0.01386669498621336,-30.18237606653844,94.09024955896984
-32.369397523515,92.5128390927255,0.012497515058708475,-32.36916576538018,92.41761453556728
-30.62844203572357,94.90894592298469,0.01468203388534432,-30.497783099540637,94.72894754450913
-34.020545116029865,91.06187757134508,0.009357565379227632,-33.954860024047356,91.00591874429301
-32.68337181992543,94.56215401603045,0.01385466195843537,-32.65241121837727,94.50362813880332
-33.79665189285686,92.3974418728683,0.015466404351397836,-33.71710709623104,92.31653773873774
-34.63756188771728,91.69870431915615,0.017223262794237804,-34.56993073075539,91.76726641005123
-30.695183642121936,94.05184629937385,0.010558532482802172,-30.671603399381258,93.79670060074808
-32.60958899146089,94.64796737462363,0.016951133906741148,-32.4829938095039,94.51074771289768
-33.002086464198214,90.51499640572773,0.015994858913140297,-32.920632846028184,90.4760289082886
-30.54160077264413,92.40700518624637,0.019767497275104268,-30.49174922761127,92.15893076692878
-30.951913099689225,94.77594938399258,0.011828728377852588,-30.889401259141614,94.64369268492183
-32.82338651568161,91.11488737512022,0.01263490633548176,-32.853252262881675,90.97076519280563
-30.748814163265287,91.7007579145356,0.012281064307953666,-30.747554680348347,91.55504889731
-31.942760008266518,90.26364776973071,0.0055278006707310855,-31.982230167126055,90.23278314780003
-30.396855438748027,94.36532194364906,0.009550127300578082,-30.289564824139287,94.27986372773299
-31.23353235709654,90.94520775358149,0.014581668725052973,-31.243924502377805,90.7515333728776
-30.2855945593174,94.37589332505162,0.012688938905491304,-30.202296646471982,94.19444742908732
-31.705704373647123,92.08043230201058,0.015171282017075065,-31.686432363144892,91.90444582456469
-32.91450461710784,90.49811913881948,0.009665680860995453,-32.8640408265358,90.46336431838247
-30.87838229068542,92.2120579525443,0.014214162388174047,-30.85908870579557,92.02991566589246
-34.2377631881209,94.54785404648057,0.006414917975941532,-34.224470864645724,94.55833727430192
-32.779561593539015,90.41198383156775,0.015434021899083999,-32.722698217903506,90.35606635310072
-32.85032654428486,91.32316561983994,0.013788072343960817,-32.82788433858135,91.31984744862771
-33.59516843018934,92.05452132690543,0.010052864756551734,-33.52770248131404,91.97603444676452
-31.280715731521997,93.84327041016412,0.009220151733689045,-31.21314426289383,93.74403504588307
-32.87044539886196,90.6380863832001,0.013165435857086395,-32.92174535672441,90.56750566873065
-32.98279289893042,92.9441102433623,0.01049666928122417,-32.92021379057855,92.87340221053375
-33.64226310608513,91.2870722535185,0.012511688307754162,-33.65121353147549,91.25797480142032
-32.72695577083041,90.21947001473738,0.01029332168828567,-32.71533489849935,90.17651827202286
-32.36868377663774,91.10450226892279,0.010875942438844058,-32.35276621119723,91.01243749171128
-31.96359113208235,94.83019779391542,0.014297029590004336,-31.886412628975194,94.75559524215399
-33.174986492342846,92.08548416355933,0.012442383223870201,-33.17990993285952,91.94385747114167
-32.20150779908177,90.12739691256874,0.01602906766578149,-32.24800892839838,89.99490503340012
-31.46143033769214,94.1677093444399,0.006556083554588966,-31.43055457241731,94.05269347760446
-34.692079151246595,92.51881564665771,0.01091102959013205,-34.63892920016199,92.42131879066511
-34.21954638123293,93.9551989712965,0.011000838493111193,-34.18212030413853,93.92750185201395
-30.822107679110808,93.73003611602802,0.007446859543375216,-30.724784243556073,93.59665791400316
-31.02898898125157,90.38941984600196,0.00986920936491257,-31.016258575892927,90.25393911949502
-33.342443755311784,91.52174493317223,0.015131670353040513,-33.20962128307313,91.48461561236837
-34.248972834422034,92.82902029514504,0.010874080505316021,-34.19461602822014,92.77063822195231
-30.970635990785446,93.46841640582045,0.015061127503733902,-30.86101830073807,93.27100391258838
-33.11120644375753,91.7986335960418,0.015209757818415482,-32.99646178212453,91.67385587086675
-33.53325417333314,92.24087805833359,0.012791718014892284,-33.43539482495547,92.20857775008724
-33.944138305738406,92.11606453496002,0.012780233164144639,-33.94009669416801,92.01286363199895
-33.52881640757915,94.45508337716693,0.01602387286611396,-33.40395856023273,94.4395657770972
-33.8294361870297,94.41507126764766,0.00986537448294842,-33.81874986950105,94.38855961747018
-33.109331390010524,93.67126281092874,0.0149135654982018,-33.02668892408591,93.61259745335707
-34.36727417647848,93.6700579230923,0.011664584122646083,-34.3004612969078,93.59153325080959
-30.428158503337098,92.18288888166403,0.005734886163459837,-30.387519284904716,92.09503769387318
-32.568160762732326,92.35227292385959,0.010632657436203266,-32.51475315083697,92.22686045265186
-30.29026545013309,93.13193022179642,0.01315770412300407,-30.180926579940568,92.8903131647768
-33.28933204249555,92.18857460889984,0.016666438712953542,-33.26269581527737,92.17605945404324
-30.745905757125975,92.14378808427946,0.008148106629288603,-30.772288523372893,92.10363685663353
-33.74322426787503,92.15469087886676,0.011299702788545429,-33.728421315520364,92.06304772855059
-33.941393162573,94.32023812360634,0.013978558184937392,-33.89872352594132,94.30126118660205
-32.03554352630111,91.95916234473361,0.013860393998996561,-31.939421913191598,91.85112837579614
-32.508059853857304,92.36889162811812,0.01345622106821019,-32.465592210057515,92.27379846307248
-33.23215939207396,90.49265932379743,0.011456343755955957,-33.15211550479921,90.51639434846481
-33.123800450686886,92.3503794898425,0.010495031879193305,-33.07347405266254,92.33132899649722
-31.161721605497583,94.61117097336948,0.015515598194809556,-31.10396736757005,94.45651132210011
-33.00375690585708,90.85915076901954,0.012482920798805522,-32.99093859219003,90.77555135117179
-32.82865764138661,93.23094786413984,0.01417634967045876,-32.802247867040705,93.12925053697006
-32.630488379701944,92.54568190772504,0.014604399446284446,-32.59530599145822,92.59066328591983
-31.43708794149097,91.96264559459756,0.012779618015359002,-31.465474047415718,91.86411162346751
-34.30805486342073,90.14631859509652,0.01353856599015296,-34.224458905009435,90.05912985637478
-34.79158760412897,93.76487422765541,0.014088391439489532,-34.724601957581804,93.67606957952688
-30.927326702379343,94.0064328037295,0.007923828356670102,-30.862518101573325,93.89716412188493
-30.47512843942281,91.07875292327076,0.015765028914923644,-30.424739060715016,90.86597565933975
-32.67539988387939,92.93475912848024,0.008982797594879844,-32.622248030715504,92.90947973959825
-32.46161388903034,94.43194028621869,0.015730469697753807,-32.36002081124299,94.24182970971313
-32.314324730348794,93.87349608784399,0.0151767554393817,-32.2158853924084,93.74417096338402
-32.12475610495712,93.43215365779324,0.013734723897282232,-32.03040731444364,93.29375468315396
-32.81562095342389,93.5908038817901,0.01583044353964344,-32.7038500777966,93.47453138908234
-34.75987009076839,91.50202840650044,0.014889829090330577,-34.74209830280375,91.48581073766518
-30.505339107031823,94.68125095896974,0.006334300841395702,-30.480093462040784,94.57731188270691
-34.6452889266925,93.0450588160505,0.010577835979717991,-34.620333185050924,93.01873274169567
-30.82818401796879,91.03152349877057,0.013243638512255728,-30.725959392358153,90.88416747601497
-33.62263325901195,90.52992444164822,0.00922963966989835,-33.65305501971164,90.52743600027199
-34.40836570486573,93.95112030873639,0.01204442543464598,-34.31446092589966,93.97786688465997
-30.758516798977226,92.56894776192985,0.011040113197727202,-30.782847030106296,92.40370882786576
-34.87720914305691,90.87554502926308,0.0077020588226208424,-34.820164939170276,90.82273643053996
-34.219438171742375,92.78220749289571,0.008466199013126443,-34.171289368004345,92.79273787960298
-34.75143204982547,93.84227342447485,0.009474631210435793,-34.71364369597404,93.70305352425476
-30.282314697237766,91.87994274061816,0.006060209213860333,-30.244269764289733,91.78070183167684
-33.443705506259015,91.91784797857194,0.00660667778980835,-33.498349079448474,91.83563557881452
-33.15469450899657,90.40798376440924,0.013952761433839797,-33.170133101763135,90.38509839000459
-32.16109113317987,91.18556772530304,0.013085465353378217,-32.122231891840364,91.22269776655237
-33.10997957983689,91.65478488183858,0.010854449977738484,-33.11142598136833,91.69243933118018
-33.71991240142021,90.21152970289278,0.015594981628111484,-33.735924898958125,90.10133811868127
-32.864069603218006,92.77506927218867,0.009063947974478025,-32.81697649090311,92.75877233647788
-30.664798258955727,92.28914772722257,0.017216232017675193,-30.5200182709353,92.09395224865106
-32.50808371790915,91.00364205330183,0.008107453251864355,-32.510931669005544,90.93101224439445
-34.593064154782226,94.41212108708942,0.01278641859708319,-34.606114829280955,94.36070772884248
-30.63222711494505,92.6520434569672,0.010951319309608642,-30.525326693790152,92.48967588959574
-33.593266866406594,93.43289264869009,0.00990472379473268,-33.46696959568415,93.3869039794824
-31.41687806446575,92.84322294452284,0.011624218897477827,-31.422188706840622,92.76774532007316
-31.017717778417687,91.07347319024196,0.0156249834917445,-30.9156447463568,90.77597638695357
-32.48537843204419,91.22169542750372,0.010180846919635275,-32.438074419303895,91.22345932971504
-30.779320148266123,93.98549790423223,0.011617372114427017,-30.6580138328002,93.91977572846002
-34.95982205203434,90.89328266476019,0.010003308793516772,-34.98016862917782,90.91368539886561
-34.18606196276565,90.88065531971255,0.007277897181445876,-34.197174034029054,90.89377208222203
-31.24743077899203,93.37537367228867,0.014424162135355864,-31.147894486812277,93.19472237521285
-33.71095563926734,91.47715260392785,0.015487122340912025,-33.77457650071689,91.38499942008595
-31.717931228221097,94.3162765461485,0.013162529610295192,-31.692092123397426,94.2877265155943
-34.307360686237644,94.50551253093535,0.011656071565638075,-34.22121384790088,94.50118258213911
-31.06886146867934,92.0965620044746,0.014357118207178148,-30.947221536454563,91.89243385060072
-33.779335764893865,90.85095140759387,0.005,-33.73412758050116,90.88305800407458
-33.253234820131965,90.12145141210614,0.012173395202179953,-33.213862276681326,90.10283246174762
-30.065996078590594,93.97398960692857,0.008061036440780683,-30.03127872474887,93.92574107885207
-31.71745667474381,91.70776421558732,0.013868198727870209,-31.713396217765293,91.55264283180291
-32.360068980050485,93.7863995151247,0.011692527396107334,-32.387640663298285,93.78732832565785
-34.89082388349068,94.807913888765,0.007088304337641445,-34.83713770589623,94.79382593456877
-31.867739183683717,91.78046459348616,0.013289091943407768,-31.80775629659481,91.73479817608134
-31.719761730256298,91.03764073302834,0.006359157665129866,-31.620119324674523,90.97095784688634
-31.51709301291545,93.94756281492748,0.015020046534287467,-31.357555641806545,93.7581620944674
-30.732666165815164,94.47539923888037,0.011405106984844341,-30.657284511432124,94.37036689834045
-32.123096870691164,90.2681165149426,0.014282494304103829,-32.17012040886751,90.14300945284214
-30.7572611963202,92.31370838246377,0.011189284356918214,-30.69765123032037,92.15136508695045
-33.69274900361911,90.30760551231964,0.01386188180710368,-33.656998226423276,90.26491571004236
-33.475896255885495,90.80996366937104,0.012408563511680229,-33.41169643447722,90.69896901925021
-33.294646414888945,94.81064499708305,0.012146812561819695,-33.17933417783507,94.75609356849807
-31.8331452435163,91.32141655165215,0.01671570165046818,-31.73378093853073,91.18293093847335
-34.72140851870243,94.17957064387488,0.014012437364433538,-34.625044634303286,94.1438030782846
-30.956529516331702,90.11611487492671,0.013828481066997744,-30.971391024654054,89.92142173613176
-32.990015994778005,92.04882061851468,0.014163332394624768,-32.88940409404855,91.96197467137205
-32.45790592972081,93.07217271089736,0.01322133316497966,-32.404151398292875,92.97839323845261
-33.29742053197609,93.6279090979535,0.016944298444435117,-33.18019811958206,93.54257133062339
-34.010411648900984,92.87213697493193,0.010568775599246388,-34.00196817698836,92.93213557308265
-31.660280639076294,92.22089156006808,0.012056499579508172,-31.663289679339343,92.08422012442436
-31.880963039564666,94.6000213424981,0.009286781900285014,-31.791963168115085,94.4876643369585
-31.149636563376205,93.67801590476672,0.015407113813389139,-30.99890712154564,93.52139931204529
-30.036107030577917,90.69219893238017,0.005233386158542723,-29.939756464319977,90.54054654267394
-33.20683429889092,90.44100079449812,0.007183907149414419,-33.20479726402502,90.32742412337173
-30.87636867492641,90.87003705906228,0.01197413403738617,-30.845997373143902,90.6495827646666
-34.06135406224725,92.19279529232536,0.007601779969076073,-34.03888770567961,92.20110834840676
-32.60265455237363,93.17392096670048,0.013279917824016546,-32.5897744669474,93.08113271517361
-34.932647716161426,92.01325188852346,0.008089792130225208,-34.87014992465274,91.96535602314155
-30.417836229121846,91.16260498830204,0.012990261783262179,-30.37786806448144,91.03579253827041
-34.997998015168776,90.52118902217431,0.013473065653154313,-34.96039240191598,90.53009828701045
-30.6904205076617,90.22179449446212,0.01416844258733308,-30.640149869546757,89.98837933436612
-32.03943581586502,94.75537788320175,0.005378239899855382,-31.981335089747322,94.72622999669619
-34.882894157352574,90.58079405883765,0.014608588284845634,-34.81396694767367,90.6006864157335
-34.32771221528566,93.37809172836894,0.008096097954841782,-34.303154128540214,93.36807394839708
-33.01107183656634,90.11278840007158,0.009444875752560629,-32.94378390321657,90.06659805219518
-31.194778653489696,90.99787550765092,0.007296114682864655,-31.166765087043547,90.86763383033092
-30.667236443273676,93.18176795265019,0.008502453074792287,-30.652898314054646,93.05179594855575
-32.39811117735689,92.15502274751388,0.01631736971651209,-32.28695608643014,92.0272681531035
-30.35389648528081,90.59217901165377,0.011078938794195121,-30.303418031463025,90.45947024591786
-31.778311223505593,91.55667661045771,0.010501122503851379,-31.713229900526713,91.3382386810511
-30.76909558917643,94.28702224727101,0.012624419425326501,-30.6389742109351,94.23075006468123
-33.86177946600521,93.97988900467416,0.01304941568262935,-33.71754307528616,93.97493929803345
-32.91743557310516,91.85529400430588,0.01499984286001152,-32.86422163264668,91.78557182678627
-31.26769465717878,92.9742676052073,0.012614561204781155,-31.178699066093234,92.87628378503557
-33.691192277482486,93.25298307247391,0.01608023925401856,-33.588326015232745,93.16940867020828
-33.67614322718884,93.51038510666643,0.00938360336873635,-33.753836432747306,93.50785079682625
-34.48291351492381,93.90434177542345,0.014600743348558844,-34.301474277912206,93.9493469938773
-34.54188214526508,91.92674543512882,0.009180658146640357,-34.50415927145454,91.85291408412034
-31.53861003972129,92.01676150493431,0.013655796332686808,-31.49392271968567,91.8884194278277
-33.51932427806786,93.34144591791797,0.01360186373127384,-33.45557614840646,93.29736617245133
-32.262525562891234,91.16154181538603,0.009662765155725507,-32.24047808872435,90.98573669527013
-30.604829007935685,91.0349077546561,0.009821150167536357,-30.60548074419205,90.92868231371706
-32.881493773947554,91.9652205374406,0.012644953383413558,-32.821812459435,91.8157266775971
-31.49823312290038,92.58640022684533,0.011202122134898096,-31.360127579537362,92.50522543819874
-33.2973286931554,90.55489162374202,0.010260060138899654,-33.22069006416518,90.45105858849956
-30.00126718329352,92.57619643370855,0.010997254154327826,-29.96659630646243,92.35252101078146
-31.324025984364273,94.64965248605178,0.012774682981308572,-31.239063996598677,94.4725402244549
-33.48868072075225,92.13577443876807,0.018175263466501813,-33.42823635388917,92.00181514308917
-33.04816501270729,91.0532893808084,0.007727957733426237,-33.093278009792286,91.07423597874035
-33.107515479763784,92.57620265591318,0.014047032358589609,-32.93990151476689,92.42211989567197
-33.624050335241904,93.97283273717974,0.01664363450926454,-33.52112120042221,93.82377841596224
-32.01476834217128,92.20650448910797,0.009874453406154272,-31.931715343119514,92.08282083441813
-31.66672298648622,92.2423856758807,0.01543682465881148,-31.576644784927904,92.10914942193475
-34.614538348373465,94.90290658374344,0.011717222202040448,-34.50504279044342,94.89425449774551
-30.044403929016497,93.74762617203025,0.010636032881740368,-29.98438344803994,93.54011724899108
-34.748520608883005,93.25684118448261,0.013386680913882147,-34.7139706416059,93.23992284381815
-34.23206468307518,92.65722112361968,0.011309390744769058,-34.183773947427234,92.68832757752803
-30.4208163878776,94.83711596660153,0.01200383914027601,-30.360858985336495,94.61061093885345
-34.415111667730045,94.17482449505097,0.011036868241113074,-34.40280749081851,94.2009702529643
-30.822763071365944,94.10698425368051,0.017620048762041398,-30.78445479760154,93.88004086993745
-34.19210615327428,92.10745321347972,0.011864843727554687,-34.17105224264574,92.10342356054436
-33.33846144092902,94.44145011367658,0.012255840863058335,-33.24293326915168,94.46736780028733
-33.88585751439515,94.74639540353238,0.013570556781852487,-33.771633946865876,94.77497047182521
-32.58881273655716,90.75299756673542,0.007086878885721989,-32.581879956164585,90.72385138985999
-32.923203833404116,92.29457624849113,0.011850402370815048,-32.84681614088091,92.17348025210823
-32.187374626853845,93.74674722434172,0.010022077064325787,-32.14139501308812,93.59940736995209
-34.020618423877586,94.04278548747891,0.009899389083208218,-34.01616460463063,94.10479621975318
-33.06973687019412,90.32931274494463,0.011603671745527476,-32.97977137956884,90.21475069267856
-30.359121944435877,90.60734768951974,0.011926375984180896,-30.319349180826343,90.47841936838631
-30.85024873935166,94.00009882902086,0.006265629415417583,-30.814885508523936,93.89628562991057
-31.582213091139693,94.04970251537117,0.011123162671597624,-31.518809962508946,93.99094617847338
-32.464757440323424,91.62257677024456,0.00898370823373056,-32.38264377920848,91.51155832649513
-33.6959008572811,94.4123311592165,0.012239390245407376,-33.63532811416448,94.35407175943517
-31.14217664541223,93.03887607330525,0.01593408116978046,-31.11545400192654,92.82409460111104
-34.85310809312171,93.79581167602709,0.01243645218339456,-34.831605950272575,93.83568759062891
-31.288532673231852,92.75663589569152,0.009565178631664048,-31.211315848162464,92.7417098288516
-34.44300561924711,90.89460853496699,0.013620665399993712,-34.375970881684296,90.8895228357616
-34.95539644095734,90.20008161357975,0.013734941466589122,-34.97318565878131,90.19364588365734
-30.212169162427625,92.8805783764859,0.011310619961623528,-30.083043419187238,92.76164531995231
-30.229054811016454,93.62308499661815,0.010317599985422825,-30.1666851871611,93.5011720054675
-31.725059856150413,93.2080602555357,0.01373058747200532,-31.713230522122338,93.15182346251997
-33.859478317546746,93.27498142565622,0.012429307319231683,-33.819794202544095,93.2344607316541
-31.07759984869714,94.63193464557565,0.010549188994959343,-31.017946659120067,94.45325451211374
-30.041886152148777,91.83031995529993,0.013557707250474147,-29.95348944776781,91.61390361498896
-33.33183315916165,94.90965520018854,0.009719132187284587,-33.241721426589045,94.84232101135602
-34.75773237829514,91.40481127548406,0.011965229241637615,-34.6761562359002,91.35946502976437
-34.810095258893696,94.51569900674534,0.01334299219780288,-34.71445228906421,94.58759045322672
-31.418890716243943,91.86775273252937,0.015493740791278828,-31.347491844123287,91.71424002213597
-30.960014843908333,91.0656415384491,0.009833483699489293,-30.870736099254103,90.97882204675828
-33.34115636746759,92.40951360056435,0.010352930194441775,-33.23144214056652,92.34324252333867
-33.374970227748335,94.08696329395528,0.008491593003086374,-33.29383188586853,94.14062517510514
-31.821403404331413,94.04176301124471,0.016472566379410806,-31.742745691372974,93.9816524461696
-32.281332389587625,91.97956472057942,0.01152563446723977,-32.229557679828815,91.806581999226
-32.31000587508167,92.24507100643517,0.016959433743788853,-32.181568878973074,92.1060117604577
-32.63353699682516,94.36225577644652,0.010705703239845194,-32.56312979659653,94.2520096461969
-30.32737462470231,91.13683250623203,0.011143891958319987,-30.32501717805715,90.97530666607234
-33.35685197727551,92.99782515994688,0.013839583023656859,-33.233819151584775,92.9869755555685
-31.507075496847797,93.2952274375537,0.011126843650755388,-31.422105815060117,93.09854593822757
-30.158252710350574,91.68560771144892,0.017199171758709463,-30.047138663796062,91.5327254682626
-34.49381824070555,94.66562671119453,0.014384823366692251,-34.34340746676738,94.66520333305921
-30.242545247445502,93.81425841155011,0.008422879355775069,-30.253792174682562,93.75003353663625
-33.75143372842069,94.17356593179751,0.010431594229515598,-33.75671850581023,94.16606813735032
-34.221260238589366,91.54018345011859,0.014856104844291524,-34.14881016266391,91.39784333708491
-34.467643099325144,94.55366079905384,0.013455677794919163,-34.377601540310536,94.48469190618125
-34.18882478847962,91.82103010310584,0.005,-34.15428643967108,91.83553476288624
-30.481251241767573,91.79622123841655,0.012649243174044766,-30.465375182581475,91.70267674549339
-31.455805563652596,90.84856249899056,0.017958292188821747,-31.442944718025494,90.61298964408492
-32.15670072352199,91.17336372969534,0.007439771512321867,-32.18072726091173,91.20339811008776
-30.098443919790185,92.10733902952776,0.011986176183863202,-30.050594463474138,91.96781153817223
-32.29224788824721,94.05830617441967,0.012007655233716313,-32.250183591259464,93.90472865553626
-34.436733142710615,92.46032097375635,0.010158015225040028,-34.34322343369005,92.48007395848367
-30.153830929884712,92.98660207111634,0.012418801009264438,-30.048351744882083,92.81747258320193
-34.482103569525776,91.18068718299637,0.012840865084844673,-34.492736595911495,91.14524866858615
-34.72672322428914,94.09969847915254,0.011445102722764453,-34.62094327227163,94.13266658351483
-34.252148685586,92.64515234893992,0.016219926082028248,-34.1941910366133,92.63000647171636
-33.90612633409935,94.63343310603526,0.010349455785675761,-33.81380943372075,94.61522031836458
-30.91424370448148,92.32095317264779,0.008419186190333383,-30.89405116177684,92.24644408698879
-33.32803413537792,92.92498501266036,0.01435673204651465,-33.32391785398004,92.88217622211374
-30.885805370346365,93.66122728497687,0.011792100101937092,-30.794026273930836,93.47776850660038
-33.60289104688013,91.13386014536813,0.012291100390451757,-33.55204770522204,91.06111461856663
-34.54688440902565,94.61022898287968,0.011740398788568963,-34.50600673581388,94.57052946342654
-33.76409918635295,91.92772207372613,0.013953344413860255,-33.685176469922936,91.86138585425434
-32.176353179489475,90.30098248908915,0.011877046142034824,-32.15158054960821,90.10291400905845
-33.4281493160542,92.3295032082077,0.010734349228394896,-33.33589755669817,92.2855676521692
-32.521557828693304,90.94108878017623,0.012745295048732619,-32.558228680993636,90.85000771454105
-30.4492723207295,94.79484382951462,0.011941360564786944,-30.376412398472144,94.58711589633678
-34.694250574863126,94.13523468425969,0.010398999452888993,-34.68589715663268,94.25598817694808
-31.184221895817508,91.16741421958986,0.00880167861223088,-31.162195868589706,90.99160451153352
-33.1842956675772,92.65234544208236,0.011761163758929357,-33.10387348197656,92.54785812371888
-32.82718618931056,92.25129433098576,0.009749858659082802,-32.80163804315679,92.24928766579383
-34.482408498922176,90.4134000074616,0.014643632891460322,-34.50602300168137,90.31210489252395
-33.06379505979278,94.19399255199043,0.012703472110108366,-32.980806352391674,94.1988158856548
-30.743529029241387,94.44018088870831,0.010675138077975236,-30.67143096612504,94.2301103988815
-33.98640660325905,91.05568342668506,0.011489482627579813,-34.05514608397779,90.96292329721928
-32.6475204728214,93.48890821292586,0.009051967709630375,-32.64574974260503,93.44859832119704
-34.56036215515996,93.34483940308141,0.009780800859798667,-34.5810287845983,93.48093350416774
-32.06002651453372,94.20202777876034,0.018043830958803117,-31.96452124161605,94.04409757322873
-34.845419140992675,90.58711196559217,0.013359789102191,-34.87909804012766,90.50506124047679
-32.2729462476733,93.49630591851103,0.016141837118616092,-32.24659005861859,93.45855209530072
-34.521752144530346,92.6210907059122,0.007077138807930147,-34.576979007947465,92.5638037655072
-33.73300012491704,90.87015192097547,0.010169692554144703,-33.69567180621633,90.86614523634994
-32.81834729187383,90.30786153375774,0.017181408545350232,-32.72311220661932,90.22385354755865
-33.20643878212883,93.2343139857529,0.010317196737029178,-33.166926293945885,93.15801867598815
-34.617527747051994,93.60207863787055,0.012077151004873313,-34.507815344291515,93.59542953082845
-33.894321081278925,94.41088238850679,0.011246197765597654,-33.84477166555998,94.40519253053996
-34.91704352210399,90.250424550755,0.01500120581104596,-34.897247006038285,90.25397807688135
-31.299304924438587,91.02689532408311,0.010379472333741438,-31.257028386945226,90.8329407942938
-31.24573007919049,94.80200805505892,0.013574763168563323,-31.149742267747147,94.59793380989792
-32.77519464577822,94.92485928877545,0.015257312456098935,-32.65588541682643,94.90797304933923
-34.32924644284203,92.80743882222251,0.018826963251932973,-34.34051264213633,92.80316442311906
-33.30525472925185,93.5190565311505,0.012246363209083028,-33.29774957213915,93.42914542523758
-31.11331240047407,94.63761021690257,0.011799641608702132,-31.077206479216652,94.47337832968682
-33.44347424815838,94.50514331044745,0.013318158705287754,-33.40932898844781,94.4422229087828
-31.229225987837992,93.43754693037239,0.012470466074743197,-31.203350974778704,93.40886528027643
-30.667365598499714,91.89403869595097,0.012912996611399687,-30.617367745352663,91.75605876712395
-31.179565631065863,90.18930792542928,0.010514063706762297,-31.16866163584145,90.06588489802998
-34.71667436781484,92.92272351218682,0.014735041360225222,-34.68635048837508,92.84143803268707
-32.9972690113031,91.03852699566107,0.011413672439825185,-32.99802550548561,90.91916787031059
-32.196179246008406,91.74079637893942,0.00668555874117953,-32.18126507286589,91.66613066939945
-32.26785155815143,94.55501024295816,0.014595672771206767,-32.18319103585123,94.43372750428068
-33.102612035924565,92.31786849494675,0.016850196963888547,-33.02994291008785,92.22019605598443
-30.70056886149483,94.21445737926193,0.011658561768459181,-30.66586725110148,94.08330332237405
-32.33353532060625,90.52908084140147,0.012290842447615228,-32.266468409517294,90.45987927357376
-31.29785716213263,90.61055963638066,0.011271774693064993,-31.327056812358002,90.4859844417553
-33.06196425193305,92.77285912030796,0.0117687252472736,-32.99423408065124,92.64275537339586
-34.7978511063104,93.32247558847025,0.016218363312534265,-34.72953200652718,93.2661950312939
-30.09106879672768,93.76959406025347,0.011947243470713893,-29.996703704743435,93.52516014994701
-32.971701456266715,94.41258907230443,0.010314454061154872,-32.93285841101843,94.30126467480811
-30.592659324557324,92.62961993188478,0.009458386488773198,-30.537032526324218,92.50749729770489
-31.60743916545808,94.31643363585201,0.007261499662683255,-31.49604890269355,94.29293739490761
-33.00367181981916,93.35325001717334,0.014830007479026469,-32.9496625156601,93.32299655099912
-32.56768940596257,90.98918696718896,0.009160083757778617,-32.55913901217939,90.90644737882704
-34.54021195272963,92.82426649094381,0.01437751353177701,-34.423911961396435,92.80122772048054
-30.320998559976857,91.69421233069806,0.010799328149311317,-30.29486579263829,91.53147593547875
-31.207611169824723,91.8901818307325,0.011384841473950174,-31.161365125138143,91.74164986456579
-33.54235819479112,90.84339387707972,0.00816055940683232,-33.541210892989554,90.70530268694513
-32.31447084921219,91.81483408561903,0.01637456187453383,-32.316248023246736,91.63949107999522
-31.554148506923028,92.0171513994206,0.010677825443189308,-31.514153629026936,92.0275265311722
-33.508899222740695,90.11808839566982,0.013370919357796114,-33.51226918055696,90.12519177540064
-32.74080445780061,91.4415350691576,0.011771031433544743,-32.70594383493618,91.38227144579827
-31.05889755423932,92.83079118365355,0.011925899604660898,-30.973094432344027,92.75771147008757
-34.92107475716708,91.70055277515236,0.013332318045968839,-34.853284407974165,91.63339125286971
-34.78098555898454,90.90075552950161,0.0174320269728862,-34.72577071993601,90.78760528998019
-31.49279966577181,92.92559917636777,0.012578948584245657,-31.439980139235782,92.82716891907056
-33.87195348709387,91.19788747405046,0.01361295567890636,-33.822442089485115,91.14112820056847
-32.218601985537845,90.52464797478773,0.010493249680696898,-32.213427397857316,90.44008639339948
-34.80369085956547,90.0078484950698,0.010969274478035754,-34.875679963527176,90.05666449269403
-30.222475089859405,93.5751943579958,0.01460945760027596,-30.086279238312247,93.3063909691591
-34.48937368247898,93.18331637219201,0.012283439217307313,-34.52060194932795,93.21425242511921
-32.41407994982674,94.86021155554073,0.015435922405043729,-32.29577041932546,94.7273998735468
-34.52961843130011,91.83146083305797,0.012642647540934332,-34.48100245164224,91.80303339001388
-33.52052296992888,93.40522799864372,0.00992063603036452,-33.49768054306674,93.48716116051683
-30.17918284006975,91.82450784431498,0.013481671888234865,-30.12676355234292,91.54305995495834
-33.158211214533594,92.0240435553181,0.008784633696664091,-33.21066606655274,91.90501575784587
-32.557841872849316,93.21730214489214,0.013219460842997292,-32.459066298065494,93.16697607197246
-30.44430759578767,92.92160070346083,0.01508718467862761,-30.412465160455678,92.70801877261994
-34.987721994561376,90.51462647972959,0.008088921002206713,-34.982008030814754,90.55201177347286
-31.10793707918251,92.97318900570282,0.016473177569914066,-30.972358756670417,92.79568657720993
-34.183190185623296,92.30259762456926,0.006576711883619961,-34.21475531819648,92.32745217775938
-31.020353426593463,94.28349320298156,0.015713956843465073,-30.91378154403933,94.04223248093135
-32.96280456538686,93.02060437365371,0.011703714290720263,-32.88575867577454,92.94811600567928
-34.17859734418221,92.19429835804004,0.0080651862985054,-34.10752436156779,92.17909379440931
-32.54421410560363,91.08819042703475,0.01820843198685844,-32.52791849070445,90.98351175879627
-33.12945177847401,90.78676746816387,0.01728305006044683,-33.134384239560916,90.6962169802754
-30.418233104718347,94.6424606453186,0.015277325126393165,-30.329775699695233,94.49019812801265
-32.89297600693702,92.7547742133921,0.011060200783708169,-32.82770252896752,92.55826500025515
-34.76265484394121,93.67385847846103,0.012271981918583103,-34.795245266842215,93.58903035780945
-32.94109588831605,92.2512320078416,0.010209911125105563,-32.948213166809985,92.13953045691396
-33.17987794994783,93.98088654509182,0.00911737062960498,-33.12429693054101,93.9682772211735
-31.55278922380086,93.8904910537,0.012379650807796704,-31.50652984190753,93.75729904973912
-34.558748105944,93.39819782330291,0.010237531180511393,-34.49020495426244,93.38869442128434
-32.30616396847741,91.91652466764513,0.010378403119386708,-32.33197817690373,91.80604398550216
-30.258050824383687,91.76717671759046,0.017467368850628762,-30.222534705115713,91.54984194524822
-32.3230063381124,93.87132315695942,0.007764096811017143,-32.2876316209144,93.87204526379236
-33.30145889291438,92.96192637298255,0.013319543688186778,-33.27177422972972,92.96450073263625
-31.458096303034083,93.32456139010704,0.013425050691489264,-31.43116137225867,93.15177925684274
-32.59445676299197,91.26435744518925,0.010309000966878454,-32.5741537221381,91.22626024856734
-31.724215293984386,93.95813392085617,0.014789404653711029,-31.651544091998456,93.88926337108768
-30.455959871491604,91.13921087191483,0.013710738923490525,-30.416694123599147,90.99291151092221
-33.097044884566635,91.68453177271594,0.005,-33.091405272636464,91.62144259346246
-31.7555520326836,90.13685840895464,0.00941879804717962,-31.79021349007601,90.13210386526313
-32.57800520615858,93.53306484459488,0.016797424646263433,-32.46300907343062,93.44525502468458
-34.53361810078378,93.79332051394249,0.010200329141508188,-34.48722362538938,93.72048121428458
-31.016547242571352,94.02947979724209,0.009926097118586835,-30.909450829820354,94.02147996593668
-31.841084986668534,90.04472109128125,0.015741106491652862,-31.828812547197376,89.87533391983209
-30.293774450135196,91.94286001880117,0.012799580531175516,-30.17911936128871,91.74859493928317
-33.8087854310052,93.77083020605981,0.012654332615798845,-33.82566503720798,93.74578559296847
-34.30848686409447,93.74622609789138,0.008147745900587143,-34.22808357686585,93.72330040782879
-32.25677408399189,90.13027723932342,0.011686496861339926,-32.256900682525306,90.09308354571414
-33.43423954644378,94.84464943490762,0.014551864982593404,-33.31107378988992,94.87947375491002
-31.20563847635996,90.4029638672342,0.013751373616790168,-31.258041964036465,90.24957958089043
-33.881527039015374,91.44663789492425,0.015118835637004144,-33.846141378082514,91.37048049829194
-30.430262386411922,90.07765176426746,0.010946586590307655,-30.347007185256697,89.88363343758745
-33.057774078142096,94.64519713124675,0.013010565311604985,-32.89516886646867,94.52679915174397
-32.96175538910597,93.16552755844853,0.00919367008390942,-32.93224424713552,92.96717784031975
-31.654290217211546,91.0472841542204,0.00621799437770807,-31.651788372849943,90.89525908990231
-30.288739060040275,91.96246057823691,0.01631924544633612,-30.201674458644703,91.73926012414718
-34.3386512083083,91.41145823732684,0.010643487120468214,-34.353747531967805,91.2863039837026
-32.44104503732517,93.3415479225262,0.011620411770334937,-32.39538594855224,93.28852202283286
-33.95350214400517,92.03182637154015,0.012654264173806147,-33.919911943717146,91.98975126752848
-32.07642347035452,94.43421635105113,0.011170753834716739,-32.030963371907106,94.297928251451
-30.505444884101287,92.89589306740878,0.012173572973000906,-30.56673319877769,92.72004926241753
-30.16701967709143,94.74450588902864,0.006866211007500456,-30.119807875502566,94.6341686472265
-31.709372482233693,91.2924366325144,0.01693605685861603,-31.625547762582308,91.1852972026325
-30.200985298662964,92.01231051338766,0.008001673027374638,-30.11998789180843,92.03870843549853
-30.224224702783584,90.98954133562128,0.012199809863481756,-30.13531996250869,90.80044488694884
-34.317725288891495,93.67975556231883,0.010527011851248174,-34.27931237900754,93.70164958950905
-30.018827214393333,90.59499855050241,0.01409528833651809,-29.98450099112883,90.38119984894341
-30.61315963195949,94.00511527020961,0.016178325970217247,-30.52168393973233,93.89036708079728
-33.03138281733839,91.49881483108874,0.005471218102244557,-33.07388394182136,91.42294798414626
-31.82535967396199,90.7291665783111,0.013301033388290494,-31.852436201900357,90.58074705986529
-30.126652098673823,91.30359045624724,0.007910976830171982,-30.11749600965857,91.21486609447878
-34.5777492820654,93.8053371785452,0.008985654686553827,-34.584022598635286,93.83009044767418
-31.062259888993285,91.62053542208274,0.006977055840841472,-31.03248562027337,91.52109008359902
-34.440594056500316,92.53995074761465,0.011402231367770235,-34.42532024334745,92.49424611641581
-32.84124527553864,94.46450043639729,0.00952111021886412,-32.788414248235725,94.44352622880756
-32.84390692592027,91.52007622455119,0.016456820640883482,-32.86478966517059,91.4299292794074
-34.42259900807759,93.36892317277584,0.01916961065741834,-34.37585444568501,93.41841314273897
-33.13054120305688,94.54442144364178,0.008919265669876705,-33.080366096033316,94.54995850042171
-31.096359904275225,93.50825718807495,0.013992902809210627,-30.992280996217865,93.32307645122455
-34.10484932955886,94.31494827344912,0.015676808015171937,-33.97628828634198,94.2847779787379
-31.718577141617594,93.48601755919825,0.005,-31.678544476566227,93.31993736991092
-30.36375890292748,91.1006091700297,0.01205280751569319,-30.34671489479404,90.98552718433513
-31.247268156074515,93.9378234885655,0.010678609511797471,-31.188660147184006,93.84879140913074
-32.01944828475741,93.36876449246907,0.010377589283120596,-31.931294992070498,93.20833491399041
-33.713196370217986,92.32228338912277,0.011284666799106197,-33.658248268272295,92.19147923255713
-31.46865186351226,90.80607612705165,0.013654113908223535,-31.406072570398063,90.62987447864347
-34.61968215898189,94.39900483442716,0.013425311278587607,-34.524410831816304,94.36706213291184
-33.21344676703155,91.62749903886555,0.010868980018757027,-33.214512709421975,91.64758740268208
-30.06025794790792,93.42361836685774,0.014298944410900056,-30.048012923471685,93.32023063879784
-34.323998841256675,91.71552319636727,0.01059820198334782,-34.354255398875026,91.70964773464823
-32.732066568782244,91.59639669446551,0.011927465896004578,-32.6880556120511,91.54648501984688
-34.774156184023845,91.7214327440901,0.014054019480196533,-34.799150274326564,91.75872972404927
-33.635555706062334,92.27269636871955,0.011084647989891444,-33.6790133768456,92.29177820603041
-31.505303422153194,90.59252849860933,0.010309687359830568,-31.44174819100854,90.49607017419521
-31.77021446125729,91.44648274211711,0.011570857696898609,-31.7605128772444,91.34731980677019
-30.76602851685621,91.14934231190948,0.012883888043968384,-30.79430305735119,91.00611423590858
-31.600310579604194,91.40995383149448,0.0074162234170153775,-31.54626769676767,91.33323713594339
-32.133782979120106,94.06522348226073,0.008162978730303482,-32.00538677154901,93.98424758824439
-31.378566910858,92.6094484653751,0.0107999515290073,-31.43439925609032,92.45654009431408
-31.164865558479857,93.08892787014173,0.013589050089424149,-31.07688500469418,92.92933572791063
-32.64298271266922,93.04642864271193,0.010765619870028435,-32.57597641514547,92.92614319582236
-34.67273588331179,94.95209230991426,0.009305931256987192,-34.601793859480686,94.96885799103576
-33.538011045496496,93.37304152103815,0.016478894417344812,-33.49849140980863,93.26450161706246
-30.32497188719082,93.24608469790151,0.014916311482767525,-30.211546525876063,93.04120236360085
-32.07348797066185,92.32460195182718,0.011919667463267974,-32.04962148793734,92.15409983053718
-30.119489720635347,90.4045562377752,0.0161366906727637,-30.05709342773351,90.1731949992492
-33.39768152904326,92.15401676384148,0.013155234487256017,-33.34964036338288,91.98759956497693
-31.817654871786328,93.949960566341,0.00843769015239109,-31.726139175390024,93.91739439464855
-34.697768065577556,90.69504837618236,0.009458265425059903,-34.679173691117136,90.69364117805056
-30.759046013837022,91.86171493955572,0.012178605089333038,-30.778494433739255,91.75335753816691
-31.35899052108726,94.67135397648576,0.006798365312639092,-31.25913940812104,94.60084133207026
-32.93838804327811,94.10843601582572,0.014000402160443638,-32.87328905044721,94.02173039845943
-32.387594932330465,93.07734700440575,0.008105756678936761,-32.39532311852,93.02656591284237
-33.181020292889094,90.28668807660748,0.014637608001699045,-33.128913510637915,90.17863590300372
-33.84547785679532,94.14038355598552,0.012341050161066987,-33.81007995514997,94.05222318301178
-30.684311471329902,91.18702903488483,0.011232484924273967,-30.705912622223227,91.11718884231016
-33.642146977560564,93.48607798720545,0.016150877789863845,-33.60099621713521,93.48008493919669
-31.212502293440124,93.27439709690786,0.010374113976389309,-31.178161676220146,93.19182167153603
-34.031621409210494,92.37727679350726,0.013790739123190513,-34.0374092258329,92.29835205831088
-32.531876294699885,94.35029392112304,0.01142119450615742,-32.45068940297238,94.29315124577656
-32.41363819002407,93.57358567981899,0.015586441909761042,-32.35528824320572,93.4100930333969
-33.054737825820354,91.01213839408305,0.011325362969650636,-33.06448904616741,91.01655826620213
-33.01747660600512,94.45016591664415,0.008128394996643277,-32.95636812776218,94.3565188798621
-31.838689189310074,92.19717212937958,0.01533320554653089,-31.69550878571305,92.0275020648255
-30.899449062928362,92.37015244458296,0.011584465490431028,-30.821972495545122,92.23061100095275
-30.066542137799388,91.50315768630139,0.009557904038910802,-29.960296123644635,91.36663490524523
-32.78887719830118,91.21287591095951,0.012167045644995132,-32.778474878369515,91.12487554393266
-30.111066324519655,91.94331866189889,0.013719412396083196,-30.070216211358723,91.73493646802518
-30.21777472142352,90.15170996682764,0.018990443865037024,-30.18722743934221,89.87429385797729
-33.45297490368915,90.3855850760791,0.017857096272907935,-33.40473505487273,90.31623751175748
-30.817432776471687,91.31277109315705,0.012708523453723647,-30.794547797598405,91.19122652107377
-34.89632200320561,90.18847088185746,0.013034887319232755,-34.86025089097995,90.11861037506917
-30.24790191887186,92.26309347382104,0.013531928644258999,-30.19441459402138,92.06911602709783
-34.9649573568562,91.68942208551141,0.011622128646150863,-34.95825711994684,91.67247430782243
-34.207366513245546,92.27876587003414,0.015492909338794868,-34.17220405315152,92.30625201018017
-32.179022246048625,90.00363038011639,0.013803361321540107,-32.12303028514798,89.84243040788415
-30.26423685410984,93.71017630348646,0.010797378697480793,-30.210015437356706,93.50402187514767
-34.62552716665892,91.45570250291522,0.010357414140216362,-34.6033327084249,91.501085067828
-34.467754475797534,94.77553781562835,0.009248156699710417,-34.45633470459715,94.73209216441518
-33.17640372357589,92.05878575703208,0.011492284362838966,-33.13776214406369,92.00364726125808
-34.81254866889159,90.14379147541206,0.013823982501347825,-34.82741093164767,90.12654816721002
-34.173266406208356,93.1513322923799,0.013150524549969747,-34.16348764352546,93.08012781666797
-31.045898114479883,94.30098850778712,0.013282489692851104,-30.91933426749057,94.17772422552143
-31.656236258273992,91.26227858793276,0.01506618103003252,-31.63133205477957,91.1202537918332
-31.890366197034723,91.73962165994195,0.013765072114553118,-31.86330715118324,91.61486333210513
-31.667526697371574,91.44007362237156,0.013767605522875658,-31.657653762864026,91.30592580841092
-32.70970427160142,92.53967132026017,0.009575107119861837,-32.66942370325978,92.46589113389932
-31.678474537755385,93.83591207956789,0.014291289577312249,-31.63950467710739,93.6794223594168
-30.191196266457943,92.85160268577013,0.015995674497028205,-30.094850858297317,92.67063469574134
-33.2589252908644,91.99205787845385,0.01429637440671471,-33.2584270616183,91.9464455488735
-32.00594696440122,91.05923359612844,0.0076147172961763395,-31.993825258984177,91.05960549896167
-32.690859299139774,94.62132135712093,0.009799585064167497,-32.67047952878476,94.59942763273695
-33.029374051102124,90.17310252230428,0.011061026829874976,-33.00173492781564,90.18604212337424
-33.08584684200685,93.83146300269823,0.014303727126633307,-33.04130088718313,93.77068914768395
-32.36403291657863,94.93305833833064,0.010653129875070947,-32.204009834600484,94.83448011529703
-30.659047534534125,92.60730475363103,0.007548553765531712,-30.63094253089977,92.51254936357056
-34.50741938852102,94.48107120252727,0.01204774060386216,-34.48466973335516,94.44349489430716
-31.259770013110497,90.22916582164277,0.013906937817165652,-31.277344831638818,90.14736978827861
-34.27896191696358,91.9532273103208,0.01632305875936639,-34.22170192103617,91.90862116116337
-32.088434018964186,91.92100106482911,0.016726549850524085,-32.00907973268858,91.77738068858201
-33.96758605039046,90.61676453601447,0.006926803309686158,-33.998773534564876,90.64858310192803
-30.385492337975407,91.99180352455654,0.014972929693205194,-30.273753542930596,91.79412365132644
-33.40078494680588,91.10442772051526,0.014446783397856652,-33.3410705922415,90.98199298253597
-32.508702296527595,90.29699216389164,0.010610706611096078,-32.484025427746154,90.1504042735342
-32.943207482370326,90.13680750731642,0.008750087008840628,-32.89862572124118,90.09287814032045
-30.082106322007647,93.19580251537406,0.013296338070298074,-29.974626881496437,92.99333221814354
-31.2152820149074,92.57039277387874,0.01339579067330063,-31.179689879513983,92.43253214756515
-31.18145983795032,90.720395046124,0.0093722175404566,-31.183383834051977,90.65892361044567
-30.604652378573466,94.86063367102186,0.005474730361661665,-30.57191260935767,94.82578337006203
-32.94251408905893,90.68051893026865,0.016364766490085135,-32.963451209285694,90.47833724726841
-32.646564139863706,92.14918685376594,0.017164537555290772,-32.576524920177384,91.98445721696004
-33.67147883175243,94.03298739195088,0.013469618853430699,-33.53042900018832,93.98964596066101
-31.307155818150736,94.99541760652129,0.010908514737732746,-31.23505757943231,94.9691669650769
-31.683406994493858,92.84854060322347,0.012634366676940841,-31.584449547410294,92.73239338404149
-30.9796805144736,92.02445544794031,0.013222355203461373,-30.8739372699492,91.86039423124376
-34.744093872037666,92.05106044882469,0.014484273947118612,-34.66554140988572,92.04897259480195
-32.25590893787614,91.36064217174716,0.011606236806204652,-32.17586322030588,91.27578393244193
-32.6280756242543,90.66481975909724,0.012267949549901128,-32.672030069903215,90.67574371531546
-31.093112237359865,93.48473776059964,0.011362818885070642,-31.021324504868833,93.4257778818518
-30.184513661488587,93.08337476144293,0.01422472862641504,-30.105443065578246,92.93258328959355
-34.680140291302386,92.6736511835057,0.008822227816183751,-34.671734560270366,92.66073637716227
-31.125500030510487,93.11863427361347,0.015582976176108366,-31.02836434866302,92.88131334602645
-33.876266916386584,94.07904487105401,0.008699976838736571,-33.790000997596685,94.04100100461045
-31.771529193136935,93.3767577864917,0.009954978365420569,-31.72074109212736,93.3150530019483
-33.1902623292698,93.98519189989788,0.010143027623077873,-33.13841462315678,93.91452812539383
-32.85632515947154,92.86283871673075,0.018659975039682926,-32.869685610669336,92.76252824405402
-32.95268577834435,90.36416403339892,0.0064216289669278065,-32.976010841548906,90.34213269493954
-33.09222741664653,92.12304568537284,0.009647935190642883,-33.09397369031249,92.06361254692263
-32.25535192138435,92.82023764022448,0.016462495485610892,-32.12145151678012,92.65208505675973
-30.13347950813402,90.88549391339504,0.015238999342812821,-30.09544971132389,90.65064408568239
-31.613576650321182,90.20554864560812,0.01094628682564291,-31.62850462563337,90.15502923008896
-32.801369845435794,90.3267317849182,0.010096505773329092,-32.78179174397863,90.22954424223452
-33.201434255768085,92.37343199833333,0.009896726013439914,-33.18349608164399,92.26186937996975
-30.148330740867788,91.30007826854774,0.01121417476051776,-30.071219244907777,91.17171466118394
-31.366075446800288,90.19870873212142,0.010502480257102369,-31.373602839994945,90.02089721280086
-30.21859189071217,93.1333024870932,0.012800656684740369,-30.197184247987515,92.82863361216805
-32.6673530569995,92.1867377693797,0.011003556384856412,-32.6204902471419,92.20586686605087
-33.997673711873254,93.40291361369584,0.01706694112119819,-33.962857091872465,93.41461062158398
-33.08344350828132,94.71627102334052,0.010494221636295178,-33.04826047656694,94.68619802193071
-30.525478789196256,94.22367639691794,0.014689396627655903,-30.39455317666476,94.00719269640327
-34.88266456443724,91.47666779706849,0.010775329126728713,-34.86572031905418,91.4352212267796
-31.424968233587283,91.23237337007295,0.007020478257357506,-31.352778976606395,91.07656835295379
-33.49485902415369,92.52230874034072,0.013746277845773406,-33.398039762423814,92.51618450446098
-31.151815829429733,92.06954176563262,0.01362469524189345,-30.969923862696827,91.9328466442673
-30.99905205709568,91.77744307059005,0.012502409230012796,-30.960897924000435,91.69715259354376
-33.11331454741573,90.33289669554304,0.012967204831140803,-33.04750727158529,90.28294744364813
-32.883784275720004,93.3857702138646,0.005544273243864782,-32.82542149750915,93.34552943652751
-30.981757678962307,91.40426221992347,0.01396488223958168,-30.94260505241464,91.23554945011394
-30.682648995882992,90.59922419423468,0.012468573046462796,-30.609993063757553,90.49015350737315
-31.67802934241787,91.728602478509,0.013795449088550423,-31.594941416642037,91.58090078910479
-34.57829447702552,90.33631991756918,0.011430727113237548,-34.54378653060291,90.32347326236061
-33.97224082905956,91.60918380261192,0.011064525510228521,-33.96168210873577,91.6071132050814
-32.77726787732504,92.84723684419083,0.01678443878798632,-32.734430894705255,92.78734224698854
-33.76277713066166,91.03775305099319,0.013578613300027709,-33.71320814800968,90.99800086107726
-33.16937535916789,94.6208273358129,0.01562923478788334,-33.02838511498102,94.54401455974829
-34.03803316877714,94.15611661595779,0.010938181887727643,-33.944183750542045,94.14136494024017
-32.112603185930205,92.59009028325578,0.012704194425556056,-32.06576367257612,92.48345634947457
-33.87303778339624,92.94100059592783,0.014073971237985353,-33.76645105263665,92.90872716737576
-34.76573133948421,90.27689391034208,0.012236361544632049,-34.77244962085248,90.2065392355967
-31.111926830394328,91.66436855781508,0.013075918974724586,-31.029094100837096,91.45381420402576
-34.23314792268104,90.52224670106574,0.01089578357199138,-34.23129303796475,90.52085711608633
-34.09676261417428,91.83244954399837,0.010674032638653571,-34.06751498234162,91.82828229983218
-34.17563259035495,91.72883259902574,0.00586732812932758,-34.140625204938075,91.55396153619019
-33.53079011132798,91.23868190352594,0.012976467763640054,-33.53181695831733,91.06821766701441
-34.52298116529266,93.19533557022658,0.013161024137134325,-34.5018798646212,93.2225644261777
-31.481827121173726,91.14562531942683,0.011830160803220035,-31.429875063993933,91.00770546243206
-32.966879780015645,90.52604438097899,0.015393134127627817,-32.9953534458238,90.36202249841418
-30.00752831020742,91.12094519855731,0.006525365859528834,-30.06540513951834,91.10995393948578
-33.54897508076298,90.8707532499522,0.019879254742010258,-33.53621516645041,90.72298384385067
-30.78298360515925,93.13852867702892,0.012844234747362637,-30.756018838303156,92.95652832019921
-30.22823090323505,91.48667060357256,0.013113589219042427,-30.228017840022815,91.29640211955301
-33.69653858575247,91.48022878181429,0.010340583443590456,-33.6516805340775,91.41522721817306
-31.72668775124845,92.57730096686821,0.011123212549280958,-31.64102689878578,92.58407352914828
-33.7209776545056,92.58704372802488,0.014803985879126885,-33.708627705956,92.49867868477303
-31.079707584239067,93.205349010454,0.007145778196314655,-31.051223821374496,93.13483410766574
-30.07159117148606,90.40181879628747,0.015501895935560513,-30.01505865978033,90.2552693564891
-31.94323865842597,92.0136376161385,0.012889981862374259,-31.84530012168151,91.9336320167869
-31.712442793492624,94.26671132727454,0.01507222422729618,-31.537172833993797,94.06896016324623
-34.218798945518486,91.66612229643776,0.017573607511492728,-34.221781998348966,91.56627313679019
-34.3239199148793,91.45583503779743,0.005,-34.2392674266145,91.52533983464183
-31.1502679937045,94.91944353716659,0.01860861854051827,-30.98511688624171,94.68027574129336
-31.559210686259696,90.4141666831713,0.012004069046419945,-31.500359660032483,90.31930339383696
-33.080022348651795,92.61170650349055,0.011957127040495253,-32.965462724681636,92.52609114227523
-33.81055075291784,90.18323803010817,0.011046036841279836,-33.89317029877753,90.14644180661156
-33.26653653130294,94.45565372321565,0.0162626360639744,-33.198922877294216,94.43606924930188
-30.697287155051484,94.40959287708189,0.010171344893321662,-30.667845136887497,94.33163152220023
-33.85798661389313,91.58693895985567,0.006944150102169748,-33.80685808944483,91.54931830916676
-31.176766987921887,91.84655253758936,0.012514335709703462,-31.145088719911357,91.68959441850697
-32.936309610525974,93.21439600536932,0.010014434037778016,-32.837050583213184,93.1524076048824
-32.50690062873428,94.34297362600348,0.010713335862968831,-32.46088262152163,94.38959365657126
-34.68682138529504,90.01698459271192,0.012081424766705826,-34.59896028075997,90.03405268100045
-30.68500936938836,91.80878657517735,0.018830132994553796,-30.60237914759913,91.51349671262687
-30.58398032362433,90.92815804504237,0.010123101400764662,-30.529019936807735,90.78930438925522
-33.19384896259795,91.36224827906503,0.013485448329179944,-33.243667260263216,91.23920192834514
-31.540268833571343,90.75256054204668,0.005,-31.43192162768593,90.67276026153417
-31.860050166429627,94.5230638409914,0.012953271934435571,-31.81403995484925,94.33689368666458
-31.60044593903526,93.20739720181913,0.010364882104832008,-31.489916349717465,93.04893547975234
-34.08541752496815,91.1021276260985,0.0126590191833095,-34.08876704238546,91.08042028251027
-32.930753472795864,94.29589575383463,0.013787733960402941,-32.856602242745105,94.2148487490904
-30.87178410667346,90.9080018831934,0.009558696754993858,-30.79148405098438,90.80694123117325
-31.45996661313758,90.58942661090998,0.01817382603439835,-31.396627403313257,90.29385234576236
-31.62167242322346,94.81917688198457,0.010610413914646675,-31.48605985119848,94.73235139935773
-32.12417614331202,94.87717314248684,0.010236710713178035,-32.08158199774643,94.7856771966187
-33.31660664642337,91.78908205230819,0.012204063758561243,-33.26445191153851,91.79093464280038
-30.447749964437705,91.47851785932404,0.015618138192793365,-30.328308000149256,91.2824554916204
-30.04701721566818,92.61599705805418,0.010970658570667764,-30.00279317862347,92.53261676774471
-31.59932306103773,91.2854919014788,0.011972891765939032,-31.581239698671922,91.15503225403563
-33.44060545799725,93.81658731130382,0.013341133963088931,-33.33178728149596,93.7679832123934
-32.407013048866766,91.20287601292075,0.0065024407922149,-32.344646465115595,91.16948837597099
-33.094187241735504,92.18311133582536,0.010255173664764212,-33.046206502565504,92.11562758670162
-33.32024781542912,93.39084381229998,0.015016541465565586,-33.28598189811563,93.35829531901035
-33.2270890491573,90.08101883358178,0.011358440847387834,-33.32019916912404,90.03116935922998
-34.91291284902898,92.7518872961149,0.011291947079085304,-34.869448855345084,92.7019616886526
-30.426419961393805,94.42969199826011,0.005,-30.342482982817213,94.44874502787253
-33.841245026239655,94.7763245180638,0.007628856473818402,-33.72414967317688,94.75022535957063
-34.11875950423486,94.97713398376972,0.01287783375840954,-34.080882304882536,94.97650257167932
-30.017691300741138,90.78194090535581,0.006512887880077634,-29.911441382070734,90.5849754126007
-34.36155973727208,90.7251236410773,0.0140299168968369,-34.27979210354384,90.73513238296492
-34.410572656502666,91.4133699805999,0.012430864819548965,-34.374967178735325,91.44773362182252
-34.208204707264656,93.72884136449586,0.011177090903874403,-34.14383556212667,93.67880392994353
-30.14662646909303,90.68567193040889,0.009089647329782164,-30.15663140636123,90.5033459342934
-33.557025183889955,90.59599474244094,0.005,-33.53125600665359,90.62997711840549
-30.645152146443053,90.34578161147019,0.0158587796838675,-30.517766514715746,90.07727545518951
-33.07227967107692,92.13812923679716,0.012996049354788512,-32.99277501110649,92.0804553618595
-31.76589208666091,91.69490844880688,0.016316790835336804,-31.768722077579767,91.53206247147656
-30.5299377039646,93.31893487483957,0.013660382501069681,-30.36384430911533,93.16807635660689
-33.63289409213497,92.65893276345949,0.017171006048492466,-33.528931618085274,92.5728910420767
-34.36174915155086,91.86836266598807,0.012918691869028763,-34.26993624311607,91.84888484016089
-32.336579864909744,90.60991437158891,0.010501634389802325,-32.343950834794526,90.47027817619244
-33.57767602459615,93.29460620227471,0.011880064908912715,-33.507577005174014,93.28076475857979
-32.61630772939861,91.34641056922146,0.0061953390846556005,-32.55277977532652,91.34376000599883
-32.574805446919406,94.31908252536611,0.01631119203124606,-32.489335910882176,94.26024706741379
-32.49671503795029,93.13847197378725,0.009627411334297155,-32.39803441865702,93.06102053048795
-31.260789917104425,92.21400179376916,0.013633466894462747,-31.21738828767768,92.10296726606286
-30.024950476285866,94.67895663711413,0.01157776532349306,-29.928945698992784,94.48174266486618
-33.05631216114446,94.02534802573813,0.01332726181939944,-32.92812176439461,93.98586285231087
-33.414554960986386,91.1646696455053,0.013114473172098195,-33.399648787294346,91.02011981971916
-34.28836041180111,93.50764538629812,0.009849523895040369,-34.20331864520167,93.4946301116499
-33.42044976816786,94.09223172804097,0.005523374002130714,-33.44927781287121,94.04476005919372
-32.66534589624153,94.94898752524752,0.014192034106420023,-32.55208035385281,94.90885081104236
-30.31352378202794,93.93508325841614,0.013649882085040399,-30.2512308918633,93.75039369707343
-30.88232629918162,92.43213130829257,0.016471852605668864,-30.73817650370128,92.20821670496213
-31.82958953605277,93.48910290361285,0.011913911158035506,-31.8369448704904,93.50468293789525
-33.28966700845898,90.4663423286796,0.012860601598109908,-33.358816660682265,90.53301734289083
-30.926397083804062,93.81062641486682,0.00988890676780788,-30.87345891854514,93.56838654200142
-31.055699070735717,94.11916489547104,0.0176616288668191,-30.936069447923668,93.95070058532345
-32.32731859885931,94.59977228799194,0.012082726393283852,-32.25510756807756,94.54935259265619
-32.14038299410329,91.65890500939003,0.008467364112482311,-32.09929699223919,91.57033296546058
-32.52141653832028,91.66064547731723,0.014787285676106317,-32.522489282013495,91.54702295578484
-31.913614223857014,92.33681200680073,0.014210795159710469,-31.873479854805193,92.1659147826806
-33.06035146010609,90.63864256839497,0.00738121664107872,-33.01493779136912,90.54410602216248
-33.97004027943547,93.41178022323153,0.011950335052611685,-33.9654154578905,93.37136415614823
-33.95053812845163,94.68846476075166,0.015531470813835475,-33.83618783508194,94.75914877704723
-32.40439619832975,94.5757862214724,0.011661095029991912,-32.324968409554785,94.5304784010137
-34.42268425390145,91.24371224716332,0.011816976717051304,-34.48660237869295,91.23049312866094
-34.9056694721656,93.30393482160218,0.006293601055509864,-34.92531102573587,93.32165441492258
-30.769998772429155,93.35310124013226,0.008522204569973095,-30.68647816441067,93.25805661824116
-32.76027893979637,92.94299413722864,0.012776873594548691,-32.72644969969728,92.84607792197355
-34.565681892936034,93.42442328872052,0.014359734306189306,-34.55385420066159,93.35964211850322
-33.475857287588866,93.14690727298526,0.007249995216176294,-33.46416064295748,93.08826193858594
-30.168300850339442,90.96919621721959,0.017242154378945187,-30.09792540201098,90.73220076177331
-34.2080223585674,93.55334763362592,0.008705234359257607,-34.19096809846452,93.46776532257749
-30.88585919211694,90.8292483086788,0.011802813248775416,-30.79647256428051,90.68687591919533
-34.424269799564996,94.15381853576892,0.013410334413520054,-34.36840429568117,94.21378765587386
-34.61338035103004,92.65650050070207,0.013903804613534555,-34.63819678209756,92.61696555345262
-30.039543690017695,93.2011650358301,0.01090665786118938,-29.88755447042173,93.01492896574817
-34.43654287964654,94.35290822433619,0.011770089043983986,-34.46843217943916,94.37831779669399
-31.78608563183286,92.78124529856551,0.01376154605770333,-31.690903213189923,92.62363714763889
-32.019167883474644,94.53466824799789,0.012424395945115987,-31.951964930896462,94.47871682507355
-32.06534232798375,93.5011033030558,0.010960539345904723,-32.04779558566171,93.41822048547209
-32.404887749274735,94.7839324639923,0.02,-32.33592338908966,94.70261167194718
-30.890607689519726,92.44620140004463,0.013913885574822937,-30.81794086654436,92.30699372464059
-31.068069281482895,94.04992156222845,0.010501545925055093,-31.03324367271555,93.803594891413
-30.2701859211096,93.11713211178494,0.006367291331747596,-30.234348106327797,93.08465406732135
-32.020380733567826,90.43434963200214,0.008048706173012798,-31.97298724090425,90.3352294904653
-34.34307928976115,93.83759166733505,0.008058110179874092,-34.346812626327605,93.81840603810832
-34.3680367321895,90.50681691545742,0.007302581490905815,-34.362754400628944,90.52145685492316
-33.26696092944132,91.62037887029946,0.010643496224561346,-33.24953127952445,91.51787619824249
-32.115351986346724,93.73434436005934,0.016767932175746455,-32.013490328427885,93.61946044244836
-31.17262250782543,94.12474492879741,0.013877919987115185,-31.05107525396251,93.9232410547206
-32.837485914904654,93.27992644882336,0.014705769895740317,-32.7069972016531,93.23743940960922
-31.141305605576196,91.59414540336267,0.011375353092992061,-31.070825223168477,91.48785728527368
-32.154713467372815,92.73086466361484,0.014885462389577397,-32.01238423872987,92.58569279910037
-33.018599671249405,93.15224323447431,0.00810465752883616,-33.0114392715316,93.11965865085004
-32.92894825143922,93.09530558969018,0.009447467484772903,-32.889789545134064,92.98893572073338
-30.59258472126563,94.63515344656012,0.016297977841435937,-30.477198696638705,94.43355350089834
-34.5020001491741,94.28077034199276,0.007493775510290216,-34.49115538824759,94.22271543939124
-32.2799185217105,93.61191374491034,0.0068096966859779486,-32.25704749979657,93.60299320440352
-34.0880801117092,90.46201694039661,0.013320622462799386,-34.03909701643537,90.36957837801006
-33.64061480132033,94.36783948735466,0.007780584845866207,-33.67093711818375,94.30097905415826
-31.976880564083757,90.34405812057851,0.007442309566659836,-31.95929187591845,90.19978449897845
-31.927033410185224,90.84112158053698,0.014329241123417233,-31.949029255930977,90.77410967101025
-31.41005516524781,93.46593673060553,0.015653912136128833,-31.320382522928824,93.27243042360756
-32.90229109705675,93.37424157487088,0.012808964148089075,-32.7922273132114,93.37287357416874
-31.697041247807196,93.10538714827321,0.014975348619135135,-31.626367474302942,92.9661848904397
-30.72738276590764,90.8250119130017,0.01401433719410848,-30.75623062851786,90.58357370261446
-31.76073224866416,90.18850878856644,0.007433450576524635,-31.721645799496827,90.16315874931068
-30.450070912236594,94.88882761389613,0.013228003793963617,-30.460025718678967,94.78979241537634
-33.68935627072751,90.0658202695863,0.006028914479969366,-33.618574565345774,90.07191913230776
-34.032876605878506,94.40980807998095,0.010775189518386135,-33.97480244377414,94.41162292911048
-32.43535182805069,93.72924219670135,0.010189286863311768,-32.4324899497022,93.68293026277993
-32.46721836307308,93.5042872034675,0.010370639616523812,-32.38445087402363,93.397479275697
-34.825755501181625,90.67733254381662,0.014285658527168349,-34.78753309126071,90.6147079352289
-32.40334485654459,90.06257503741868,0.010707395669698656,-32.41858998186939,90.02709973926753
-34.936986316135645,92.63616596916783,0.011636525616158185,-34.93979617729391,92.73480439110882
-31.63752438330647,91.48469022677128,0.01585584579029811,-31.673717825684623,91.32457302874175
-31.479521590603596,93.60043833764364,0.013524440712730967,-31.39315766646101,93.44919103558888
-32.179446012299586,93.59187478094651,0.010127915282042365,-32.06623433042941,93.51206068214331
-34.29221254764492,91.39477025625904,0.01220192895289308,-34.21434563168665,91.29750141540423
-33.22746260780572,90.9880592332409,0.01089315907075948,-33.21478811605137,90.97876165545212
-30.859476104909056,92.25748058554383,0.01817589645883268,-30.869417522517452,92.06016390748258
-32.89280693365423,90.34390953372858,0.01646853691307356,-32.80588474669542,90.18428961593949
-33.849225602264525,92.9240243719954,0.011049493291245263,-33.78112316961005,93.00281574778757
-30.54018314683458,94.64409013513706,0.012292947654404366,-30.494031642943035,94.48615002723837
-32.48869225777841,93.83245786216544,0.011688037113375538,-32.54682800018383,93.69873347084612
-32.49275588167267,94.16952488062091,0.008813879097502907,-32.36888006414602,94.02542161024826
-31.543226718778115,90.31211720917887,0.008693939941878243,-31.55169816009015,90.22732242334959
-31.96079938243408,91.03689934278253,0.011682446764710972,-31.953080329014785,90.96794668017722
-34.81413512477132,92.89229385412574,0.009341567376705742,-34.755922574424375,92.94331022928324
-30.89639376992291,93.20489652150232,0.017096773967808253,-30.778649352149625,92.94926282479763
-31.338495783849407,92.47775155524408,0.011723346503191984,-31.207380069135755,92.33649898478598
-33.13490123990967,90.32705584039485,0.00825125801089683,-33.077331029644846,90.36145811617159
-34.96616092365856,94.50766061206143,0.013289015560186884,-34.94342898695057,94.51453425409412
-30.51029958162293,91.28904175508123,0.01592045483981986,-30.479744318082588,91.09397623598305
-32.48596500988885,94.09611705205636,0.016016388200148064,-32.41064866471294,93.94186104058815
-33.052205967766525,93.25503320885039,0.009918525617695448,-32.9973716347083,93.24873700764866
-32.96744168098707,90.99714451640531,0.011735776548187676,-32.9782903009603,90.95257970791421
-32.0816815775074,92.60567616296106,0.01225603602815679,-32.06346614122295,92.50461531251452
-30.079846986261252,91.76870546448818,0.010777554117375658,-30.099845225954766,91.60216919401472
-32.24652794207619,92.9716303001374,0.013406489427438665,-32.28533954930312,92.91092738289638
-31.69286640499962,91.31783510865161,0.00871303901020617,-31.611951859643746,91.19870052431624
-34.463739118454974,94.76605156480619,0.010099028960344324,-34.41437127748821,94.76427248640195
-32.399936045103345,93.56660859089808,0.011537046137898709,-32.31920895861772,93.56742678037374
-30.947726253845772,90.31484475569374,0.015831480689225734,-30.88120219746803,90.07054482767835
-33.43491310352682,92.02073574776685,0.013270524952949392,-33.36482188508075,91.95235273677761
-33.71348546995938,92.7615615250829,0.011872174139580072,-33.790686044452706,92.73104365654586
-30.373607139212837,94.8255582184627,0.007854464999221869,-30.375953996781778,94.77993910863462
-34.00935046887657,90.0027661847059,0.013115098076657021,-34.00308638927292,89.91872213831417
-31.23662937249665,94.99889011457456,0.01351430543023097,-31.13614005775598,94.89774865758525
-30.76283058010343,94.6654116508321,0.013875547313171305,-30.642760233605745,94.52404939482719
-32.124376020901686,90.72455645534563,0.014593297851916723,-32.11107944085597,90.62621550431817
-30.740008549115593,90.88111181269467,0.01340509346340044,-30.72417399682101,90.711143924687
-30.43508898864765,91.76630469181083,0.01029076482190442,-30.325216214902994,91.65389609775528
-34.921349130249034,91.70608554801095,0.006594315390846681,-34.86928254174748,91.70233555682047
-32.710904735845276,90.97921551606088,0.010703355532849729,-32.6562819617427,91.00492465489232
-30.346194207890417,92.50543409305637,0.011337656356923912,-30.27112609248827,92.37443830166279
-30.663814994582275,94.10871561686568,0.007885387998637302,-30.62955173805048,94.03085248368221
-33.00189756411009,90.45200825521476,0.009841517956072098,-33.04803791715451,90.36141340774422
-33.34545009102597,94.30696137931928,0.012292953343739645,-33.286450403005574,94.19304337241113
-30.579237084570764,93.5065109701847,0.007481423051774378,-30.541363079360334,93.46673950509177
-34.57581361128196,93.68260617559015,0.009281213418894058,-34.547353722601166,93.75314481559694
-31.064340453696616,93.4255790841108,0.010383485282535585,-31.001114191473548,93.27977491308803
-30.754833349437877,93.14667634975075,0.014276621296799269,-30.721422868482186,92.97943820420025
-32.42174491582769,93.51051466917815,0.016299642642097198,-32.28917557062913,93.40071888682726
-33.292214379695054,94.53381992683907,0.008565939989732572,-33.22312769823469,94.46880589631833
-34.12348414293563,91.30109740286014,0.014243738878318129,-34.142479841718206,91.2049760107791
-32.5090921098199,94.11720930878815,0.013030467697679616,-32.496809193999844,94.01894873596751
-32.77691227752072,90.96800361865249,0.014399042493008432,-32.79916305852025,90.90530367057889
-31.953983738239494,92.96978058187493,0.016131688451545577,-31.872639573906152,92.88139075315182
-31.633708327156334,92.11655157537606,0.009125446750162334,-31.560334518444638,91.96609013026904
-30.672916184208685,91.74535023655604,0.012501328048722685,-30.585050229568047,91.6200068607974
-32.93434628170067,91.98631052466622,0.009698882729548882,-32.879081284413886,91.89247316481764
-31.2558255632691,94.95866899755045,0.006983254786901219,-31.188498528602782,94.89221053692576
-30.508281554898332,92.78666324177019,0.01831693795628648,-30.465830369565694,92.5684684306266
-32.40984300593544,93.55680736193385,0.009781584134644479,-32.384083577945624,93.47411435511142
-33.991346820153375,93.80274694621474,0.013458229766430314,-33.866040028494524,93.73049951263448
-33.96961707137833,93.49028373597703,0.007017043468364204,-33.897012382011404,93.52382051884692
-31.787111742521798,94.97676159031631,0.01073724692348095,-31.744408496852625,94.841767625955
-32.69481284475281,91.47245114987395,0.012821267956401693,-32.644285247938036,91.33090885003591
-34.20889285043892,94.58353689176357,0.009030887198858497,-34.14870719899248,94.65699592943149
-30.209409491428733,94.54312572052731,0.009072611626648174,-30.221971372680873,94.47476344100767
-32.64095340689724,91.90091966928017,0.008451466870746136,-32.71524241838,91.87148991348639
-30.738228459677394,92.16231016510669,0.0169264013170246,-30.69077254161977,91.90406590495606
-30.059032017735476,91.56996172518065,0.008409192577952937,-30.068962256082997,91.51657718120303
-32.467661651478245,93.78407295686027,0.01066638302896375,-32.43476334733613,93.6618359253429
-30.931761269624282,92.74957638403492,0.01215487273777379,-30.86010733297385,92.58298618440027
-31.23829854055726,91.94642022957926,0.01423454694585245,-31.28902010156939,91.8058484273374
-32.11652718331123,91.91397687474662,0.014551933234529298,-32.02677232981509,91.76414119356312
-31.600835335754127,91.40627106370148,0.007399144554453864,-31.570049594317013,91.32806303369752
-33.66876469184789,94.55059151419897,0.0117642026988025,-33.58358678638169,94.46075061111786
-34.468567079782986,90.95682752788629,0.01404615827128955,-34.442056257075826,90.97246447717392
-31.306192714005896,90.54891905304048,0.010229072217453849,-31.33177105894188,90.44806765222393
-34.12131731293791,91.27629486917598,0.010193809249284168,-34.0514392650343,91.22761820070984
-32.393173731291725,92.32945900810365,0.008321171854671204,-32.352790623310476,92.25945929133907
-30.770929263166877,93.83921173277474,0.015706541746702794,-30.697064380717297,93.58957582035752
-32.09684143757158,92.0411324112872,0.009054808688066199,-32.044619932123716,91.95227397100479
-33.022529187009,94.51306487099109,0.013138368385075053,-32.95468116559114,94.45513624559626
-31.039551062002598,90.24984137153751,0.011321889625238581,-30.976624767416723,90.19316692587067
-30.46698263590284,93.62476896917049,0.010467082091165689,-30.4035775943128,93.53844314430519
-31.01659722165094,93.05892573075023,0.012351617310834187,-30.970287915520732,92.92567601642683
-30.781254574438123,90.47136416797068,0.01566051642267134,-30.79816764344708,90.2410838591498
-32.66239858086811,91.62183595349111,0.009893446044730398,-32.62673872960109,91.6326864865183
-33.169411674934686,92.61762774762946,0.00909771257798939,-33.18688307037148,92.57374624750328
-30.932339402356803,90.00333707473783,0.00864755715480202,-30.899069316340483,89.906950317395
-33.13672615336699,91.11708344658311,0.01127383729572444,-33.11382286189285,91.12991544884817
-32.15109363615277,93.36604104884353,0.007056644954894047,-32.0854094788919,93.34378313792168
-30.681491627805116,92.9776307476175,0.01049715229045618,-30.60583938064605,92.80026263406968
-31.68555976442799,93.8275525908961,0.009185133578138258,-31.61244284210617,93.79882506318893
-32.35040374803766,93.807030090204,0.015359745843729218,-32.34690265917497,93.6844488521503
-33.60186247212615,91.24888028353648,0.01549283455005676,-33.50602260528756,91.21197600465456
-31.982985594999843,93.69570822565278,0.011002393102734905,-31.900956273353156,93.54750877252008
-33.299683000874765,92.47376366465983,0.007928264083117025,-33.31626072130963,92.43380891906558
-34.08003733195421,91.36946887117605,0.013295174181044377,-33.951033658195776,91.30325616261213
-34.67787803846535,90.79245016677062,0.01014132621698085,-34.7525806743752,90.76884397884099
-33.285260714886,90.63785292131182,0.01641273214027524,-33.21944056650973,90.61155444356109
-33.33670531640784,91.20967563129634,0.01430117205916975,-33.296035585662636,91.08403260765836
-33.838798638638515,94.10884932159257,0.013005769137360781,-33.747645686679824,94.05873000529115
-34.64126680267579,93.54062300883346,0.012607978102567407,-34.664669314136276,93.51932347926922
-30.36874536135438,93.52313692108382,0.013136255312347503,-30.311649630525775,93.29071364514762
-32.285412060037714,91.49160636191104,0.009695447624024831,-32.25624327144937,91.46634379764977
-30.324880930494707,93.06189885113376,0.013937164846237967,-30.259291265460774,92.79582019765894
-34.51454091272993,94.7951196123375,0.012336171746540095,-34.415634880104605,94.90554864972243
-33.49007444915075,90.49512590338472,0.012738973176316993,-33.4343558840191,90.46435246594748
-30.729461175145346,93.90456866283853,0.010041438089518849,-30.657042512771543,93.75400399631582
-30.696103577995068,92.56044324616963,0.012484228977846965,-30.602638118432594,92.38322141187768
-34.1490759503459,92.80563088410048,0.0058011238904318784,-34.1552949396489,92.76829433162882
-30.317240011149902,93.80034742770835,0.013338154374699646,-30.185543019587055,93.44259350016137
-30.854126431065417,93.46019614401621,0.011390842163982801,-30.75869532928158,93.42175738174701
-32.74423849413853,93.30766414613868,0.012695952938536642,-32.701359374464836,93.20368808539153
-31.854016972675176,91.99469238388691,0.01542785961217434,-31.772622134517114,91.82875879295528
-31.19736166743964,92.4894344534013,0.005,-31.160003627590783,92.31852207355058
-30.977566936675544,91.5552598654415,0.010115102536032494,-30.798382200004237,91.49007279238866
-31.355735975186995,93.80688486810051,0.005049779084661724,-31.28803785857877,93.74476762240523
-32.5076283935906,90.99160573280341,0.00784219259065106,-32.50822232172293,90.94596352443502
-32.26741016124642,94.58247098805283,0.014012484469436355,-32.14091834164099,94.49427828218364
-34.25637263517623,92.11374495860679,0.01291136847493064,-34.259743290920824,92.0366656249222
-34.740511047405676,94.98718070714246,0.010439120823912892,-34.706586129138174,95.0668068531902
-32.10670502291208,93.37734122025837,0.010838193036386522,-32.05866998467812,93.30928547054187
-34.28268936476466,91.49869502242264,0.012472174428671235,-34.20257123738877,91.51850320883389
-31.860550289623074,93.21243423535634,0.01232327985266842,-31.77072447809882,93.13436498813627
-32.20264509251321,93.0812112448658,0.015339140779986063,-32.10406797050667,92.98244837989861
-31.00486540854284,91.5198364816911,0.009158717065235827,-30.912518278169728,91.3759977601913
-33.69345636579543,90.84767789187873,0.007108088137575116,-33.68696380617013,90.86512011756349
-32.004906614871174,94.42640338213644,0.011569260288070036,-31.90646895414322,94.24404156337279
-33.522153412178824,93.29365219776284,0.012523124472218752,-33.51720814125941,93.24765706156178
-34.54581058403777,94.42532912720725,0.010922604591723688,-34.48284246999258,94.34277916918693
-30.154721278942933,93.0052733017622,0.007166739313358267,-30.09153367033114,92.89271637704478
-30.342029213891383,94.52338390172119,0.009574078990799673,-30.322100641825127,94.3640790991752
-32.73394312488908,91.26236327363411,0.011744729231467077,-32.65388193721404,91.18980216315667
-33.342019072721385,90.09841908153257,0.01014342478177681,-33.31908270751208,89.99951111448662
-32.53561831771007,93.72442568039429,0.016375114979543887,-32.422450022672656,93.65030874791567
-31.257568839000214,93.09214702317767,0.009241156307691636,-31.17796678517806,92.94827107765839
-34.60548369119383,91.1775063509275,0.015561281019586445,-34.631919039474916,91.12535764078223
-34.85519663590564,93.81897308957906,0.01473853289626571,-34.76200593208597,93.80924048100196
-33.56508526066239,94.49180987613968,0.007181923009537231,-33.59209144005677,94.35434248917524
-30.400467428255293,93.45588711525262,0.009912753201437512,-30.383052696349832,93.30448157637272
-33.67806975006278,93.8212946093988,0.012718388473871377,-33.64347023163269,93.72347265866567
-33.84058781248518,91.33664750365335,0.014158053844233407,-33.76873401505101,91.33384663263853
-30.87131239381486,90.84106130539625,0.015909542472764722,-30.865784786770174,90.61279027708655
-33.54431243455765,92.29486276731888,0.01152094862704423,-33.41777594286532,92.3353802367044
-34.24221199892167,94.62102252276905,0.005838523693247737,-34.20337625081154,94.5744927500966
-30.249997121030148,92.77051838014698,0.00989083936328353,-30.244627508541782,92.6713207240486
-33.119578743539144,93.64860433321009,0.009282893904107312,-33.10339824806725,93.6096101112106
-31.499389035250488,90.79679868991226,0.011091998335734522,-31.456188890153527,90.65549957815587
-30.789862706407174,90.45731018773292,0.011871001756395976,-30.73009861761147,90.27980682823004
-33.397672565663676,94.41741790921502,0.010801404599256544,-33.35007586640065,94.38790738281624
-34.672360477172326,93.83039739024753,0.01365669814071146,-34.62877379836163,93.81899246715366
-30.098128283750327,94.55310196704878,0.009589761927186065,-29.990816944361573,94.36111713896854
-33.13125739601072,91.65625270761528,0.012969174154055386,-33.10462050006722,91.62677290781396
-30.66452390345978,93.17554247344542,0.0195910274965422,-30.625545400603652,92.91572288777552
-31.608349032521282,94.30184541650789,0.012327066313213524,-31.567587119765097,94.24757501637025
-34.62218172658392,92.93638953497066,0.008001835767908048,-34.545057891093045,92.96859094702573
-30.030887120084664,93.28244354176812,0.010481712573186268,-30.0146302431684,93.23241200072705
-33.24694155846454,93.43740909441767,0.017306980402947664,-33.13950335821013,93.38479950313673
-32.797703504671766,92.0912512404522,0.010817103477954317,-32.75683057279988,91.97034802608614
-34.903594063031775,90.86152048627912,0.011186498529175075,-34.88986882340149,90.93149679115945
-34.35782254338825,93.14532626370321,0.015163023555522879,-34.28543002768572,93.21535552404708
-31.250070513740233,93.60570829139105,0.013247309477371913,-31.153599951617924,93.4815509450045
-34.06966700654179,93.050946395188,0.012682207799006489,-34.03640815978069,92.88815532803383
-34.14576609019029,91.71184005028087,0.01091274747073829,-34.08248333718433,91.69360614347873
-33.08923660265702,92.51952350188496,0.011262039697053283,-33.07787312198798,92.42227637363021
-34.27754888786543,92.79234296030249,0.011590024302507267,-34.27740301583595,92.79829110242741
-32.756256857941196,93.53368988677786,0.016206111932961016,-32.681352621685676,93.44612846722872
-32.78568105427932,90.58640471837852,0.01610866043400452,-32.78818183947763,90.49473053655912
-30.16064647302456,91.53683712715765,0.009746652755921025,-29.98585570973397,91.42083427679388
-34.72617714510659,90.8356131620746,0.0109232025659843,-34.703630186309816,90.76240490636687
-34.65552017599879,90.2698467093582,0.017560823456306697,-34.628485117577526,90.23223416043061
-32.1269825613288,94.30072794151629,0.011438893045656612,-32.049981318318736,94.28817935275767
-34.75736893938582,93.61389145771402,0.009169294120443127,-34.70219827550435,93.66986429301096
-33.363163872989354,90.36848529506275,0.0057707395558050725,-33.255125186016606,90.36222086238487
-34.11069475557371,90.88200592944352,0.011574674087761166,-34.01464050798226,90.82310527837518
-32.96346532397834,94.67942801992088,0.013149146503310775,-32.848300845604115,94.55371673688451
-34.25174078836315,92.76402451126741,0.013248157455509012,-34.151234434446145,92.7250860120628
-34.866923453264384,93.86600154525713,0.011752509210871925,-34.731806172315046,93.8583397371285
-32.063309465582144,91.72541351807148,0.005,-32.04695288891827,91.62212120497911
-34.176519182498815,93.73299854032726,0.010849074010790402,-34.1707841330768,93.80868596404457
-32.280934795621974,91.95480077717613,0.014880414218262614,-32.25646630882813,91.86660421850806
-32.848081131843266,92.7232217626263,0.01092009049483667,-32.83732262855676,92.6449270835813
-34.66784767801254,90.44422305429693,0.012547795042338142,-34.62130042008383,90.4165449041097
-31.227004912889136,90.81355597131997,0.01165671563737272,-31.198653065459613,90.62960656477199
-32.151550599159314,93.86424732530918,0.009730668198430426,-32.11458653145868,93.8516008606176
-30.16283080046893,93.68999691066735,0.0077051238674962635,-30.0927811908548,93.58389884579256
-33.87501064521361,91.70075109569244,0.011758677127839014,-33.886671625325754,91.7298152686651
-34.980515099382366,94.12937720351417,0.008589459555837174,-34.937279199369826,94.17214478057572
-33.757601489430876,91.10012748921234,0.008719447143764061,-33.79186164209023,91.03387004762631
-30.248493143386842,94.46750616836562,0.01666316618003913,-30.13602817765743,94.31030219095965
-33.67785537662612,90.45247361899145,0.019079270374366616,-33.60179040006717,90.41722768928591
-33.570258641679665,93.84752087977165,0.011463651968432189,-33.53234195647185,93.76334489469434
-34.48344047644688,94.05387778666483,0.012686600811737966,-34.39370287790714,94.06225989323927
-32.73350988178993,92.11307625081957,0.008298410870923091,-32.76597786783804,92.1082590116248
-34.65211850203824,90.862191708117,0.010928306933570166,-34.64773686579073,90.8702970129687
-30.746579138333864,90.90268540428107,0.009070618020462173,-30.72653507196646,90.63366812108873
-30.147048727495687,93.1171040496681,0.013180593144904516,-30.049507626475556,92.92956945380872
-30.44065795163612,91.18270192270263,0.019787480216874716,-30.37406145418109,90.9583258521479
-34.44118475411713,93.69413432158542,0.008195258307379754,-34.46013015284371,93.76158500571262
-33.00825772055129,91.44832563550634,0.011626948514980922,-32.91307190904326,91.36942670682853
-31.333892752725877,94.50329235003267,0.014927477006526352,-31.213573693365152,94.36778430778578
-33.352766412191244,93.46121085773014,0.005810309208595297,-33.314828806014056,93.4590369901402
-30.438649185335976,90.39942385237774,0.013158982903632427,-30.40003419990504,90.17501822410514
-33.34396242856775,93.75431709976354,0.010197790477491255,-33.2111817120064,93.64977802485369
-30.588545368297545,93.95683248408176,0.009716315801737554,-30.560839123392828,93.85038201493417
-31.476729242324783,92.63134049197824,0.011923681020972781,-31.3258470558054,92.51247159959935
-31.00879426021093,91.49057024856572,0.01712952959122416,-30.896213903245602,91.23959847029222
-33.98052336986426,91.12636616700168,0.009711052502092072,-33.96381350868742,91.19967886106573
-32.06859793187369,91.66553379093355,0.01167585214295396,-32.00041346650622,91.57114193253578
-33.872036626624855,90.5180352414547,0.013619345988460395,-33.86153687220159,90.50282147694519
-33.7696891638776,92.16006916227637,0.015095962548845111,-33.81662198506254,92.093168878559
-31.671622977339357,93.39346323007571,0.005,-31.665775672997388,93.426205435214
-32.58899983719214,91.04595878921796,0.013443202497892269,-32.57482889329731,90.94165133298166
-31.83032845661382,90.57890787005655,0.012248965957161012,-31.794335837334646,90.374787647986
-33.482793493468016,90.70355263692088,0.007064456785284028,-33.531374470559015,90.74394838100247
-34.8754187768518,92.8716763073745,0.013428278960294198,-34.906114427205445,92.8979114434089
-31.344436426813402,90.19569804719329,0.010518329970229875,-31.288152466700673,90.15290465446407
-34.11683469042948,92.74989708024509,0.014093675847827626,-34.096789761030685,92.79311621535625
-32.28336467934716,94.11742788215767,0.016386880165644165,-32.17221792496654,93.98178341347588
-33.78096599417684,90.50916218056257,0.012902463857075696,-33.74139207012521,90.39596583754926
-33.830164571151705,91.48740864186796,0.01576991896952381,-33.84151555921556,91.46078648409093
-32.67053682697616,91.38155878017444,0.008212455723652394,-32.66242224673214,91.31734838303049
-30.517612371111227,90.11131245613117,0.007147899545222566,-30.430332836473596,90.06290720057224
-31.28806137936398,93.55466065162017,0.014800132823329034,-31.154466916531177,93.36809211122859
-34.12857715240183,90.33289936793537,0.00519391868247048,-34.12161264752078,90.35467956091436
-30.457162521444673,90.55734977322336,0.013943898167566127,-30.460359706003235,90.43770176931004
-34.54103160493925,94.4052242802862,0.011306923818016295,-34.4225660682794,94.47092902151712
-32.37341061325497,91.22111058213443,0.008790580001232588,-32.36907571445361,91.27108971232826
-31.79665091162427,94.7484405619438,0.012468531719113789,-31.655507193511593,94.56379164562138
-30.87457719835819,93.97736549117295,0.009598540458464214,-30.74113130633847,93.86850776649693
-31.96922041304861,92.096389745242,0.011717266640194358,-31.87846726804831,91.99193913371937
-32.8975607713957,91.7926211071554,0.005,-32.889882830811295,91.79983797338637
-34.36343833001438,94.83625181498019,0.005,-34.358945248650855,94.8004534607473
-34.049114852315974,92.93739352349051,0.009618697794960256,-34.025115011172566,92.89847436937396
-31.26187136368913,91.8389949273634,0.00887966124135557,-31.229342382658253,91.7262765315316
-30.395409224040705,93.90474849615781,0.010263176900738535,-30.309834952742563,93.73875826457451
-33.12419374229868,94.57729303968107,0.015049085963469272,-33.046241956516646,94.50942649895867
-33.95122328131254,90.3090747739665,0.011920497987260288,-33.95561299467955,90.29330668766728
-31.582309060220638,91.2408443228167,0.012381950106759704,-31.57668312176239,91.17057625602902
-32.1159592222262,92.11980858098548,0.011458652747489091,-32.03225564519633,92.03762975489735
-33.57969316215036,93.08434643159784,0.008062291604226921,-33.605267684090194,93.09150017829516
-31.7767154517527,91.26637587106782,0.01405570996272629,-31.77018510821409,91.0831880475988
-31.16069256153344,91.30555415198623,0.012723623215227702,-31.104324900733623,91.16922039245497
-32.315180627644644,94.0714204173104,0.013262604077206974,-32.24120208558624,94.06046788605592
-33.28783719316989,94.24575180121104,0.014524747398807842,-33.17849228417077,94.22120547076057
-33.37838152341847,92.26782762986541,0.01567364397621581,-33.43143952808538,92.20903321368263
-33.794297100010255,90.06226495080658,0.009830028484705463,-33.79647488609694,89.97485853993534
-33.68441733838625,92.16131819411362,0.012561309027691538,-33.65535037365281,92.09144061331745
-30.649767397005142,91.52955539437897,0.012453339093464879,-30.611496036840556,91.41138045435358
-33.674244523957256,94.17679808233555,0.01037802920921883,-33.68381511186711,94.13661197220183
-32.84274769741628,92.08168324319674,0.012055871486520623,-32.834503031980695,92.06330795787274
-33.47697602932331,92.80692313352571,0.013725460641775033,-33.42713119224002,92.8406268919049
-32.096999814591015,94.95287101257541,0.012013201768376053,-32.05417338244796,94.88179780757389
-32.95025824420461,93.49222474106269,0.009743676442438863,-32.864573234530795,93.4398344435865
-33.73502128061899,92.14920061534315,0.012723572043300397,-33.63251816877349,92.09474364252877
-33.730963018782134,94.22119322023292,0.02,-33.669350021294214,94.195615992451
-32.84792312388329,92.30402676629355,0.007821645645209954,-32.81637981187262,92.2813608269981
-31.62458320576964,94.24897113060713,0.009316352930872868,-31.57469059720782,94.21361847793729
-30.05793020805563,90.96676326772108,0.011241280821638604,-29.954676264196447,90.788660352363
-32.412647254549285,92.29981066271999,0.006893985932573055,-32.41590360262821,92.2138522255241
-31.77016345003171,94.89780538362025,0.01239919297473446,-31.721393314301636,94.808231710303
-30.225323129759936,93.85736287990925,0.010637138044595384,-30.218852939905002,93.63837852384518
-32.16954425045684,93.01642564110284,0.014478204169014543,-32.109848095467356,92.87343353235876
-30.37797226916907,91.31175556449512,0.011628920290328658,-30.22495437402118,91.1107338709534
-33.89916456969957,93.5954965884456,0.009153875403993709,-33.84899372420385,93.6201762512994
-34.05855569138653,93.09158869996034,0.007696861765561928,-34.0783349863893,93.0370290882809
-31.82912375596278,94.56448781547073,0.013729491569947645,-31.7327053552989,94.46700451950426
-34.18365597891234,91.9051104975558,0.015881377794649057,-34.147175980695174,91.72425875930851
-33.89335412294253,91.75472536304532,0.005238892264270816,-33.97653929443098,91.77241122771362
-32.383056722124515,91.61464626502789,0.007893634412537164,-32.35071127671697,91.62004622718835
-34.09427438650616,94.89266732735392,0.013247993654615191,-34.06504401931454,94.90280269509866
-30.46639797550725,93.33276071554124,0.00984459911015814,-30.42642969492974,93.25518880863706
-33.492650511587435,93.9365215513223,0.009007040675620217,-33.43982208227508,93.93312173259295
-34.4365810108776,90.25447513973775,0.01219513448814456,-34.49009857905826,90.21099964540663
-34.23138968811902,92.81261220649253,0.011497436778496345,-34.16880235188621,92.81963235220645
-32.15899055392659,91.49737748438575,0.012199684916182101,-32.08541761038562,91.333478345655
-31.062479002780464,92.24509173351235,0.015738140510080677,-31.04090241671231,92.0239606064994
-30.018048712324962,93.17114755301097,0.015972650435155923,-29.927617319255592,92.96502222486527
-33.30463877065603,92.02129972489143,0.015465966101417329,-33.2935795290545,92.02242520769616
-34.93101965429146,90.56639690834646,0.01417869319981901,-34.80392980430891,90.55735833633005
-31.2840727974603,91.55349067056399,0.008967665693930933,-31.255490022267953,91.46161556777237
-32.620231183337864,93.3270298253327,0.014988481423326826,-32.53639877256654,93.24144430988827
-34.03586972343848,93.87235209904854,0.013730841330935132,-34.0565925324285,93.88107324074703
-33.425748885890165,91.54924047158936,0.015249750176924455,-33.387520407458325,91.50362541117906
-32.073560701174806,92.98346275906512,0.005,-32.038111987918285,92.9262887702558
-33.77520763956878,94.40176608544621,0.013310379966111596,-33.74816001754249,94.32817258917004
-30.32227679558379,92.3000028010884,0.01023632348196137,-30.258868570380702,92.10577658197221
-33.71085577594509,92.40229768261365,0.013278126260154276,-33.73000495725483,92.3907829194234
-33.582046230723485,92.85076577036591,0.008697134743168508,-33.450516872096415,92.79162351552421
-30.01225923679312,93.57163320392164,0.01388496617490606,-29.93174082513743,93.361184262513
-33.84020172356334,90.29129887518374,0.012207781991087135,-33.777102161053094,90.23294276237677
-32.917095456156524,92.71092264715239,0.00971595761741313,-32.928844752600654,92.71045423624173
-33.67909711709663,93.09893165989556,0.012377653274550348,-33.582610300432414,93.04127884641255
-32.614088103659256,91.83266075974709,0.013911107556831115,-32.59131467644487,91.76021284311479
-34.76744859232251,90.04517602503071,0.007435954206745515,-34.858497886295496,90.01013709870435
-32.93405679340334,94.32425092175596,0.0119515045982166,-32.925500682729854,94.33198138041958
-31.241388609331512,93.5594019622003,0.013665608452136135,-31.212456092018275,93.43153447248632
-30.045116183112583,92.86795312516202,0.010805950037380108,-30.042137999124115,92.73428290074628
-33.84788036998341,93.93585021688018,0.009704389622931256,-33.83679630511982,93.92955375090831
-32.18338610215998,91.80435579007514,0.01188740112521569,-32.09716249070966,91.71140889860088
-32.673628175366275,94.96077242395778,0.009835313871576542,-32.56731758047402,94.91596428153005
-32.808393480023675,92.18801829172331,0.013215043981676692,-32.82635368112738,92.12850088242675
-32.26764720436249,93.04890949610274,0.010997588788046854,-32.236569419408376,93.00016352661561
-34.3556300830711,90.88364440264677,0.015319690419453264,-34.233237974235784,90.81184656404298
-31.526777986498637,90.80759397720723,0.01316704058552659,-31.428528993696215,90.73860041271432
-32.432445022617635,92.19253908212725,0.017121773123988368,-32.383553876135586,92.06055926130736
-34.01800767943796,93.07896299343665,0.007817027459062148,-34.02245119427185,93.06813123882553
-34.87776955034844,91.57116560022251,0.009197522200562186,-34.878157972631406,91.51953365866659
-33.04136013066542,90.20134277153394,0.009774589821273025,-33.00185954750601,90.06099586122765
-30.097352467416474,92.76151020038199,0.011324428950004458,-30.11801474972632,92.64036880957352
-31.591665832898823,92.9941279725874,0.00983562168208893,-31.510005669415996,92.90342742012379
-34.42663658455472,94.87772478630643,0.0055260036329810615,-34.37296155232262,94.8830772713902
-34.534323304094364,92.40350458164632,0.013245385762905059,-34.470391179185874,92.34146677188234
-33.47388126359346,93.2354624982155,0.01273195771022026,-33.387269194892426,93.192372015195
-34.54832182612392,91.77605646218736,0.005217042720751189,-34.530153646257354,91.7241616274009
-34.34246287213844,90.84975711979456,0.013256452095049007,-34.32218114878191,90.85235549851944
-34.80889248109825,94.01869549681197,0.015846524818929987,-34.74966182040302,94.01746270200192
-30.014397423283558,92.03281741568554,0.013060832788067729,-29.896125040394818,91.92704002011972
-31.966689957095845,92.77768529605886,0.012005241055855044,-31.92873459110343,92.73748816245998
-32.15187770280263,92.64651091802197,0.005402300191276595,-32.15033822814905,92.62512520061425
-32.64659106084165,93.39209047921376,0.01363459278315163,-32.588651732312854,93.33765757476955
-34.081459943138846,94.66101822734407,0.011850386753148291,-33.96273642000142,94.69489966824386
-32.40082187004561,91.98283047769121,0.012479009804598111,-32.34144975060154,91.91579772848542
-31.44080819120024,90.6415253201821,0.015915467043261283,-31.364644208698508,90.46065768698678
-30.132643487812285,92.03988369156998,0.015360623246129973,-30.07524325659492,91.84556195960535
-33.37488650513151,90.82480872507759,0.010745533838380901,-33.2891402467101,90.89572126036335
-34.479025585826015,91.95847570238642,0.010127210141845741,-34.43695579890871,91.93302945383513
-34.3581610304626,94.8856243229067,0.01316128841690447,-34.37188306529885,94.88837301505984
-33.15880973095838,94.91611157272607,0.015665235183208483,-33.132893383536384,94.907845607761
-30.802963679608666,93.52345223847101,0.012413448835036915,-30.736828772501834,93.35796049982076
-33.10292714408253,91.47911037044067,0.014391445883879042,-33.050811014656496,91.35903303594323
-34.71099679181376,90.6097494072547,0.015041819146958494,-34.622388062842994,90.50888899046166
-32.28756452637327,94.00612917272973,0.01690897932269369,-32.18917449357946,93.80444296093923
-32.68586135872024,90.89205812867834,0.005333472668930961,-32.606454009827125,90.85858823652805
-34.033628860684814,90.56658932993433,0.014567857652273492,-33.93861815907932,90.63295593744283
-32.65817051154889,90.37172470279171,0.01512888794543092,-32.631971318069255,90.2348530603379
-33.96493406080523,93.59465087531231,0.011219256665763861,-33.92094548021647,93.71335102205803
-34.371991834843,91.36052208793107,0.011736671069855084,-34.29390045442863,91.30030630392518
-31.650022352637578,90.14619590973989,0.009550856229892232,-31.585839456920787,89.99958143376455
-34.45702937864258,94.56222729922474,0.011931016750736117,-34.44132802744519,94.52778010053501
-31.943099123895617,92.07380374007589,0.009210899847767098,-31.93448244968477,91.99582213080426
-34.65093157618177,93.3789700704429,0.011522269219101676,-34.60094219068866,93.34605187518383
-32.74255889188059,91.14708539520602,0.013250770260724309,-32.77042303851623,91.17161134988099
-30.113201743460387,90.72750262289576,0.015803452206187073,-30.103182321217115,90.56111673113533
-34.310596805987046,92.63202342563828,0.01640690600084011,-34.25297728168622,92.52621038763739
-33.130443291688096,91.29390017721465,0.012812156122483135,-33.06841771621635,91.21404979759042
-31.232365437354947,94.41708269987305,0.005,-31.19163059652208,94.32519451037064
-30.083094796279248,90.06361862715539,0.008195555011270348,-30.14729815762331,89.8527042993056
-33.3659709522389,92.5610072875818,0.01136420002276375,-33.337709471872834,92.55274090806925
-30.412158421615743,93.87161227107005,0.012078403831506969,-30.31142026875737,93.74677643413197
-32.15243979897525,94.18368053983677,0.014394616331759572,-32.063427130279045,94.06272962384786
-30.586821157113853,90.31640333873237,0.015784980976761086,-30.45820521734349,90.10752682660258
-34.88370184422162,92.6914824596112,0.011478149950343113,-34.886544718648565,92.71486225448554
-31.862916982746512,93.56601152040037,0.01005037194069884,-31.838793869248764,93.56849436492446
-32.31489163494316,90.06848186248655,0.015393613279055687,-32.269904994310366,89.90167354549502
-32.23912149347975,94.2735784867634,0.010167384293954602,-32.2222596148799,94.18786218143673
-32.153232620332254,92.4226798041296,0.016031996090015564,-32.11283226224632,92.24081475941094
-30.59434903510761,90.89293359026006,0.01654618265891683,-30.54206070568227,90.69131856039716
-31.815329539218574,91.38428089490364,0.012440469458317975,-31.77671803806355,91.2549735126775
-30.359652894789313,92.34682198377547,0.009821344723428278,-30.297578976334712,92.25445104582043
-34.30684255631316,93.11350241819743,0.013035892404918497,-34.270027036864235,93.05142508627866
-33.80338768633911,90.06736584686294,0.008904345060279303,-33.76978677624462,90.16101027952381
-31.92606157874777,94.52978602744979,0.013533282972708598,-31.851646232172754,94.46706196746104
-31.034574917989506,93.1495056832471,0.017573402518519004,-30.997323589144443,92.94782217842214
-32.2113095771775,92.71146228096167,0.01316977443301627,-32.229253893214725,92.6419645853065
-33.1914758404333,92.00734974618473,0.012820245950228654,-33.13756724265454,92.03752428966625
-32.024731875701136,93.92656001454243,0.014140949151508118,-31.940891396803053,93.83092857042128
-34.55133392695417,92.88085815655596,0.013634942294232712,-34.482460082371695,92.81858273950716
-30.56441133592657,90.93240651441828,0.013802713697363267,-30.515871290406935,90.76483058928783
-31.4083602145364,90.68837430857667,0.011285103625511399,-31.346798883182526,90.5387004267305
-30.183489522926287,94.5371037021982,0.010864952380753422,-30.109538813232575,94.42242105443827
-33.896288494772776,93.9040192950906,0.014142725177317019,-33.86593919019628,93.91391442504651
-31.80965336764659,90.79175348876554,0.010589791967336677,-31.643857073019344,90.61629565456029
-31.43948748737045,91.49567760030799,0.011445198489824384,-31.409576499745256,91.35327321353579
-32.28979722761852,92.9798875672554,0.01686827216251854,-32.23250535492641,92.78789643960589
-32.75923980012935,94.17962357966708,0.01594042287360475,-32.60854822042335,94.06489372251447
-32.31922411383081,91.32920118567087,0.012372270171879392,-32.23245580934449,91.21829814499189
-31.105069113602827,93.25530409938987,0.012423193774455792,-31.052372143772157,93.23402441608081
-33.8662677182433,93.78147024206913,0.010920034320897366,-33.83794391378605,93.7568325154329
-34.034634255377185,93.50019104912708,0.0163630593827011,-33.979609404019925,93.42298768485148
-30.181004196846942,93.71503989203917,0.006938446165960537,-30.096324981698135,93.62113975830991
-32.71541165321946,93.97666302044601,0.016609584185647043,-32.67759752055472,93.85111971322753
-32.42588063198767,92.77590200094565,0.014310941443454697,-32.349637865406784,92.62731333790362
-34.44397736239831,90.69588257559356,0.014180401597953493,-34.44767759710032,90.71487256542743
-34.05398097962464,93.10360378923251,0.014129785587322155,-33.95970517686923,93.16442739807654
-30.04862372755446,91.55208553564108,0.015173673925768454,-30.009660302114405,91.43896901441539
-33.73517242912559,90.32479307036719,0.015121640519586576,-33.64492669846118,90.3485503566393
-30.285400330315746,93.80154510093905,0.011978629049232501,-30.259518977465415,93.60232177979115
-33.52595617007545,93.0339726794524,0.012776898080065557,-33.47944785172372,93.0223355517503
-31.6924400093362,91.28153531645412,0.013784492876794424,-31.595101995193673,91.11234395174468
-33.440716378646954,90.50762413724637,0.02,-33.442013169231885,90.45177507652826
-34.67217803601749,92.66265366416168,0.013059868702355485,-34.61851111686552,92.58923279444222
-31.761235162810312,92.56112367647687,0.01035667131595474,-31.784939545405134,92.48426075684091
-32.64823101504071,94.12485845932366,0.017167101494290668,-32.53567400883469,94.07909734273433
-32.456940255814374,90.10489139343007,0.010161347766137193,-32.449614396414695,89.95341363194281
-33.91727750967433,90.0885989265436,0.009324637621275134,-33.87350254220352,90.0505451323927
-32.40532326237773,93.1431614980114,0.013073816013896119,-32.36373809209382,93.05162991247185
-32.80654549336798,91.03308473969442,0.011441726716188661,-32.74158982089674,90.97582416433545
-30.15154252699777,92.24816638910825,0.01353788914805916,-30.1156718700609,92.00356096925948
-34.498679151827304,93.03341574264527,0.011821556611975006,-34.5088728724659,92.9507149993099
-30.145646985127954,93.8085757026779,0.009793742425063872,-30.128465913645872,93.60296754454852
-31.812187118371458,91.53893215554508,0.008521639974905565,-31.76653493456225,91.48891563803329
-33.51808265459756,92.39401747859786,0.010143630676300024,-33.447505108919025,92.34488697020205
-30.431927492190972,91.11152879024449,0.016148965943690717,-30.377446859578384,90.94017008632309
-31.038680547901045,93.80797658328541,0.005454755557186933,-30.977241218656996,93.7154781263384
-34.32754407777737,92.65798882187632,0.009695144702140154,-34.27510847408788,92.55701028250526
-31.303119014323933,93.8244407726091,0.010000214334675626,-31.248481527489005,93.84849712994209
-33.60257548646456,93.24231255127252,0.009037662343667369,-33.64816251635968,93.17085106217354
-34.56997154500862,94.56002809802088,0.011039391062446289,-34.492659679182985,94.51786295154909
-32.20404599125356,92.54368586879002,0.008155577674653003,-32.17002229281976,92.51392643397315
-34.67620046164858,90.68354429947838,0.015214580296268508,-34.65623565879562,90.66214222793421
-32.16860589793631,91.100100093294,0.008798898030725049,-32.07014198304724,91.06381253296512
-34.025157033186716,92.23141731372847,0.013924316380104568,-34.01206543158164,92.20459005104166
-32.547553841565446,92.83227409304634,0.01393386610223853,-32.413266318240396,92.82739085525027
-30.492382869133433,90.35267550434574,0.011560525228068053,-30.4848542389893,90.26045960208893
-32.724670408117525,93.75400333635139,0.015570022541236466,-32.68559843664571,93.64865178320409
-30.11049883599966,92.92977149074504,0.008127865557615698,-29.95618618134037,92.83286243459115
-32.52456463486039,90.02727304867867,0.010101530291877062,-32.44593675628352,89.91642387493908
-30.918594722472676,91.36239717307018,0.013592201445257645,-30.904407688963655,91.09842123451963
-31.29930149245638,93.15457152108127,0.012658224022835016,-31.192690964039198,93.10574205453115
-34.08869514534,93.1356899482486,0.010723038408871656,-34.040187752752495,93.05153376628385
-34.102862412633336,92.1178375713012,0.0092376247995811,-34.070357150939486,92.1193995638817
-30.197578643187377,90.04834560692225,0.011753483555787241,-30.172300132832188,89.85167749771354
-34.063418065914924,91.17895698934261,0.010225425344350808,-33.996636707987086,91.08350629996322
-34.832070911611034,90.21423294326138,0.017764423156918948,-34.83157119326134,90.1251105418247
-30.70716009239191,91.17345057716416,0.012782778110845477,-30.57027948693743,91.05505188619397
-33.44008807131372,90.80263700377144,0.012651121778105292,-33.44346036505029,90.81198236081076
-34.469035536620254,91.4514740483682,0.01611292173752503,-34.45293163402686,91.46994525760668
-33.86600415959132,92.78873856447807,0.01379305293583916,-33.781050837560706,92.80691947583912
-34.81230987434407,93.0929393661369,0.01120856543167394,-34.73242235572321,93.08787587063655
-33.495594976547096,90.72654343989191,0.011004212029502178,-33.45416398446941,90.74741077118227
-34.285381861203,92.46907580731128,0.01198338900396527,-34.21138936496018,92.53209488284304
-32.39633800337853,91.97048553627515,0.010788966521416695,-32.418285852449706,91.94472948841165
-32.248793755190036,92.57835957706689,0.013458714365424842,-32.271623796075474,92.42804792274376
-31.326840564234132,93.16179468594312,0.018806112484350462,-31.360243587166792,92.90719301399496
-34.239169914248855,93.10164284083707,0.012906993912910888,-34.17293658113967,93.18825523412318
-31.47150081156921,94.39110005432917,0.01072829206507327,-31.390822975367552,94.24326153436206
-34.3133403661244,91.8139402891564,0.00905431371549117,-34.27999193179409,91.85385192609891
-30.329548617497498,91.51602454711312,0.016937747010341963,-30.181496802019804,91.25372062396688
-30.75903080282364,93.04614032252991,0.013529382233604587,-30.648160725621192,92.87615326463299
-33.58858405908012,93.88731674131343,0.013253746748910748,-33.47953943592526,93.8236704200639
-33.931259116520614,93.80194427743976,0.010104605309549536,-33.915725020774374,93.81635214444607
-32.277241893134196,94.77850754410782,0.01351568131137422,-32.21248449173921,94.69824306848868
-30.07579288757803,92.07615092800278,0.01690482347477607,-30.004628935762945,91.8567897823799
-30.690075779667158,91.9587920189179,0.014223497590990664,-30.59404251985191,91.7323003265029
-30.836461030538445,93.54567979869606,0.011527943200146353,-30.81788328476112,93.39912051450315
-32.893366938128175,92.45614567371659,0.013470642611425797,-32.809616978617505,92.43670033990463
-31.008335818637537,94.27754872182295,0.01659510525044469,-30.84578446004603,94.11633560775321
-31.900866620952634,91.74104497924141,0.014605265751401166,-31.845960180876872,91.65306228677554
-33.40696653910458,94.17490112220901,0.014863877621136171,-33.243624297660126,94.08476608631663
-34.71209676920579,91.52193424753884,0.013250449772083785,-34.613083044795054,91.48110095870564
-32.27049183053677,94.82768779454064,0.014363699823166674,-32.143108090439696,94.73303647195837
-33.80493700635219,93.01969551786583,0.011603909052014902,-33.827531777283134,92.96902167566701
-34.48295338328958,91.99343330538368,0.013622134009978203,-34.41321357648408,91.9527947234058
-32.79255548863855,90.84624834683287,0.008241052059030073,-32.86994631662229,90.81204290960841
-30.736785224989355,94.23733571452603,0.01725659139825215,-30.59219929432715,93.890742547896
-31.16886792738432,91.78776721505962,0.016806951177295706,-31.061869660084668,91.60762684703624
-30.988429098057736,91.85698609293759,0.014885639164143311,-30.866953879121724,91.68803816900325
-31.643656145846688,91.01401125944695,0.01230933699312542,-31.539500267288616,90.92168959132115
-31.02728253416383,93.355304978756,0.01279711869126211,-30.998616734477284,93.31190558790324
-33.40487480767489,90.62650890371899,0.009575675649697517,-33.38352867107901,90.63533960682199
-31.211801723519574,90.19806077708786,0.012229527506825018,-31.129537510317217,90.0435819827915
-32.02451684715365,92.39474819266357,0.011606698554395651,-31.97173002551141,92.29436422992099
-34.11527887646022,90.19100118833295,0.005535049549921055,-34.086957296507784,90.15838905407044
-30.26372222811202,94.652107440242,0.012056517441089844,-30.203226604119482,94.46718639768237
-30.379077176018953,90.147814660904,0.011261869489918737,-30.362255386605305,90.02137543139769
-30.111363266310594,92.48394369368091,0.016592466838771594,-29.9713134399469,92.28472462484709
-31.8323874873475,94.4601611031792,0.010570147828545758,-31.726201580709432,94.3194602801954
-30.370046512975662,92.11922041705789,0.010719611261861097,-30.3047782369876,92.04946267298735
-31.15140994917042,92.6407626056672,0.01390535936219283,-31.137326320651862,92.35435665537189
-31.590895485292148,91.37718252869614,0.014854228273734083,-31.555939709589257,91.16727510167527
-34.21633211570347,93.69553619032808,0.013702371929835606,-34.194273807151866,93.73629217769609
-30.370813030306465,91.12553461677606,0.018294256518148085,-30.290097926522467,90.90010000270915
-30.541172222891333,94.92733175974641,0.014203030391295973,-30.49298087184504,94.6596715156256
-31.733365706957617,91.76581037933478,0.005915396507590749,-31.71223476519315,91.66878162199978
-32.1528132597171,90.25601731150694,0.01332007023913818,-32.12775063439166,90.11737542070492
-32.79470423959467,90.38566654997427,0.013266420607618902,-32.72273262087949,90.23162530553311
-30.029152023708583,93.78970857523497,0.014005485565866883,-29.903170005758064,93.54403477358258
-31.019743711354494,92.6829909753862,0.0085943254268787,-31.014877688427415,92.47490765002797
-31.53095564459492,91.32413106544729,0.01250871843118968,-31.470756813017296,91.1281301179548
-31.478434494891523,92.71581463238219,0.009888121397229038,-31.3589171537082,92.51540587396124
-30.440144263693185,93.2446349095234,0.016344303219390694,-30.29556098822232,93.06646038420726
-32.32431458252271,92.88642422991853,0.02,-32.21708310886715,92.6738757268556
-31.52308378770871,91.00472481343965,0.013511320604745995,-31.483524876678448,90.85333961262931
-33.31082065169043,94.4413035158609,0.009787235956257006,-33.28313048437973,94.38683710378338
-30.065834807752204,90.25120340207671,0.009450705630209777,-30.111007867652603,90.09820015220848
-32.45437829916101,92.97875634784555,0.0115239272023237,-32.3251133896116,92.93449333261779
-34.21417014423699,92.33638526248212,0.013200088881459396,-34.10792436314583,92.3167461500089
-34.93933158492425,90.97588770799901,0.006982735463301232,-34.858577572442435,91.12113074029796
-32.95393979366798,90.75804576080088,0.01203239680712559,-32.92283463508143,90.65906658517396
-31.344347946483204,94.8223404144273,0.016539714601545828,-31.18325095980017,94.65139444555678
-33.34701184696002,90.84020726067766,0.011629402578205748,-33.20956036397438,90.79721002842884
-33.00172145343091,92.06787825052069,0.010219021398876817,-32.949002483975775,92.00199962820354
-31.258663673677006,92.0106156600989,0.014852854530124929,-31.207567299865055,91.87585241170656
-30.263527989503814,93.17630080854224,0.012729951930331595,-30.13878724362611,92.99711029769281
-30.428391474964553,94.22057867221422,0.01561104165737063,-30.277613173032165,94.02397005489979
-31.394505969196565,91.05342884154527,0.00924542699307247,-31.467362255231702,90.99412957626595
-31.800620491120156,91.34347976143643,0.007731726456267743,-31.902143856809534,91.34930151250792
-30.28926677183784,91.96494982402842,0.014905724158943872,-30.23782332082402,91.78791540053129
-31.298905825232513,93.05221681311178,0.012123285089691016,-31.288474314715714,92.92293087444214
-31.5457602415596,94.88365095478201,0.015064969024163424,-31.415065277350056,94.75849716837702
-34.31015618815365,92.70522536101551,0.012542847735213587,-34.303312175843935,92.76288943995088
-31.93080495518172,91.50094044147484,0.011469695613098171,-31.94565909506232,91.36870627078198
-31.26374549065493,91.51687992621844,0.014586106563886979,-31.194557850172103,91.3832450409032
-32.816089576934914,92.43949103015984,0.016445376244444428,-32.77512166908805,92.37087043476423
-30.530200179605803,90.1847771927728,0.008129686111814242,-30.53385985033667,90.02480740074425
-32.15372279809846,91.50319702134513,0.012950393248813538,-32.16933601338695,91.4319571956762
-33.74132477060067,92.7598876583877,0.015215038886765984,-33.605542394274124,92.77799934241075
-31.27505223104955,92.74856611129361,0.010959612444774666,-31.26112126460309,92.60505142388779
-32.37025330613269,91.61994775938591,0.013705415880458816,-32.259700063023914,91.51975102895821
-32.628179209727,93.44988771373815,0.006728514428243336,-32.58966879018894,93.48490775539605
-31.69714418285098,92.113368224268,0.01315783087368382,-31.66441222425193,91.93101109216478
-33.339941228182994,93.20428236863222,0.012690767910075163,-33.28432631453079,93.2189678711147
-31.145424413807593,93.42102792696221,0.011466138338156155,-31.14176598206637,93.29967906253489
-34.861114070657905,94.38682193396468,0.010124078332496084,-34.8005669821918,94.35490531239454
-34.23187829892377,94.05806142087368,0.012274373827806207,-34.13960996904312,94.1184587351616
-32.28053271352576,93.62473464375739,0.009491627722228847,-32.242882356680184,93.54052002109825
-33.877694622263284,92.44407379576523,0.009971076835456758,-33.78518598607135,92.41193316915965
-30.41783323587697,94.76351863091597,0.01557479256556979,-30.314589047992737,94.55676488487946
-33.653687637797674,94.84999147388802,0.014846389395767358,-33.57486983401381,94.7311092108506
-31.7078564495063,92.08221353039347,0.011587876939472563,-31.62171084659772,92.0207893959262
-31.616906353783495,94.86425465451126,0.010308711705347869,-31.50141434606072,94.73754671688681
-31.852041803275515,92.10719708292635,0.011456259510616506,-31.755241116307985,91.9953903694907
-34.70225161911475,92.2479167578118,0.010024045092853626,-34.6867196137776,92.21367377297655
-32.18162905679744,92.09250114951244,0.012172118064077374,-32.11936783922566,91.99059273465711
-32.3452484925462,90.52666392635341,0.0097948392302799,-32.32508545786593,90.41357590432875
-30.9366011845192,93.79906930620915,0.014131553281381423,-30.930728743834337,93.5903987729041
-33.12084111846184,94.5559713449425,0.015169506781329108,-33.04473750919483,94.49551550378631
-33.73562384287594,91.02112887624853,0.0072035318902145835,-33.7774240075292,91.07244596482154
-32.941360091816875,92.51320171223347,0.016541312402383893,-32.931554924042466,92.36429499629098
-33.26497688274731,92.11968712629283,0.01262650196335498,-33.23821918555825,92.01374856302796
-31.396947143409456,90.46780207956992,0.011982897224772426,-31.305891846349713,90.29871076623385
-32.83016882996187,92.75233919309804,0.014438878101844172,-32.77024830842562,92.64069898093284
-34.57370809448222,94.55208660111688,0.014581479568652519,-34.482463454321596,94.47005779101588
-30.562706353914827,93.62032915295634,0.005,-30.53963401915698,93.52405150993643
-34.13609410072837,93.75153692483606,0.017057091491928376,-34.001610081318454,93.73093649454867
-34.36457755704989,90.55134876844964,0.009839500435568912,-34.22403245291314,90.47170161933462
-31.0182611902932,90.95326041017788,0.015327827060187543,-30.883424769892724,90.80606943154343
-34.734195850273544,90.39575877963154,0.009013314199467461,-34.6901707164552,90.4951972527966
-31.150992413531274,94.38148668919881,0.009071961112646392,-31.13174184961388,94.35488637956558
-31.067688313228047,90.09913154864213,0.010522363568799023,-31.03192070061475,89.85535805640544
-33.91218461037523,92.83202182702414,0.009878768766472406,-33.74573011482194,92.80827883758612
-34.73581711897052,92.62800145954033,0.007230061531712706,-34.710432469634064,92.6240975303752
-34.24645707155854,91.42913556409744,0.012072253306853463,-34.29261706920181,91.35125462694356
-30.19480600126968,94.99020884634385,0.014453850189640086,-30.1192411152589,94.81842502175357
-34.69469975370429,91.74214279851202,0.014796054585619186,-34.64482397583656,91.80188837951357
-30.673573956162326,94.464193375273,0.009306707206951632,-30.600826208192302,94.41680756345481
-34.4552049933713,94.41087266077663,0.01215290534494976,-34.27457004757785,94.4842934151087
-33.04908568956849,91.63532918041207,0.008074071479384999,-33.02607191917614,91.54861894255872
-33.37228738294167,94.16002698026793,0.009044909082096826,-33.34133848665907,94.09224882257419
-34.60131849832312,91.93647489100789,0.013597757210171833,-34.55548185762588,91.93755481976929
-33.62123671478311,94.62915605206221,0.010702474358615433,-33.57721481444478,94.52923256987366
-30.992389159452088,91.45690061394073,0.005,-30.9189629715059,91.35673016191608
-31.64050593944254,91.03740778597621,0.008378147918079665,-31.67114070402909,90.97652158797027
-30.02018606837632,93.10041624409332,0.01266767335922293,-29.93061122203801,92.9498166709551
-31.964996580406186,93.76274753516593,0.015812417044321927,-31.829007965580452,93.60950138220167
-30.748473107206678,93.04222957272503,0.005705066481973825,-30.666437847871507,93.03672030499891
-31.913678459153687,94.94269898441627,0.010516749674635999,-31.8416974028882,94.82387101341531
-30.81102595305685,93.10819194889757,0.015998998010941484,-30.726092311121217,92.95016319941932
-33.85020688592538,90.85255252991686,0.015301385317842815,-33.80145572143487,90.77511882885854
-33.28963903151339,93.26155215925093,0.011684282108173648,-33.211889010369134,93.09457990283093
-31.074033397469563,90.15663663029889,0.011238909235364004,-31.084711895081295,90.09553048837148
-32.662358265285924,90.10846740147933,0.010521307574937463,-32.65522452487929,90.05111981132693
-31.893793488651532,93.5021832282179,0.008526511868382464,-31.8714814244117,93.36835557916513
-33.336942315087924,91.55889885380043,0.012125264281914145,-33.301959119288604,91.49035063036567
-31.57798241245353,90.6159388389333,0.009224758749453306,-31.499543628320907,90.5078097692654
-30.973693668335304,90.63119425362376,0.012534647415491647,-30.965568791048423,90.53772293162977
-33.290327724330766,93.31690056636307,0.01624010639597517,-33.21465622672639,93.31128302747204
-30.512476068148672,91.06525500700329,0.014700603452716045,-30.47614473435424,90.88321651322406
-34.1631048032516,92.56763494566663,0.01137790967989558,-34.04277614938642,92.43466730950117
-31.825771609228383,94.4463196262191,0.010128135042770976,-31.763114362919897,94.43510776528262
-31.665957641211712,90.15704691441451,0.013727038850548616,-31.62425468733472,89.98546867135882
-31.95176445341335,94.57169082724438,0.009309574765223951,-31.923089423705807,94.46733128244523
-32.31695391211441,94.20795194444717,0.009936475390344925,-32.22383770114595,94.109242746359
-32.112875514949614,93.99792913355324,0.012720253900228986,-32.056286950961784,93.8984775043084
-34.91089474042427,93.57999824436709,0.01245547499595955,-34.8396754215711,93.6061101901318
-34.26611849506631,93.10699349631066,0.012669120455315257,-34.211860547459914,93.12671836956746
-33.81252603984401,93.71310182365981,0.011188633582177358,-33.75875983961378,93.70951493651616
-33.484866581027866,90.95975592557357,0.015524944774573569,-33.39529646921185,90.88771517156917
-34.99628580371029,94.95108040470527,0.015679708353807123,-34.86924298424396,95.05721971653729
-33.03990322495765,94.1379364295851,0.013704740143573736,-33.02268041375883,94.08905114605273
-32.110866512113496,92.7580174735897,0.01375810623695732,-32.077490191258875,92.75847802049257
-32.54553602685771,93.31195583229481,0.011053364209992854,-32.565371525920305,93.28439305783972
-30.570935984689374,93.57608619218563,0.010576942174031545,-30.48424879892305,93.48033570613636
-34.95240346306576,94.10739704356148,0.011775965332325349,-34.855787954134115,94.13101997327549
-31.97049448250382,93.54370597524743,0.011801178915246482,-31.931625632976882,93.49306383095444
-31.690261902586972,94.57481965340685,0.014340278708495215,-31.56193124015928,94.41101377525861
-33.03800947451504,93.88261324943694,0.013720697390851423,-33.00622723314905,93.82806795095217
-33.623291912723275,91.81324503627503,0.010001140923186847,-33.616334974940976,91.68090765495266
-34.09411153517711,91.23767830413968,0.01440173827564793,-34.06343284181369,91.02554168143709
-33.46770831859844,91.36094761833579,0.018045750523589452,-33.40865670430417,91.33240132387353
-32.679418811461645,91.49874466380295,0.01221851302241011,-32.69592620479975,91.46501862896665
-32.509637951272246,91.90009484318414,0.010721642197116644,-32.50220519021644,91.76832493277195
-31.411612983466995,92.20590498263236,0.013318025615349855,-31.342949029282536,92.08880505838641
-32.06844857989311,92.72318060811729,0.012951953931586926,-32.03777966413836,92.58149858446497
-34.91029827700823,94.79722143418894,0.012049838267893359,-34.8881012776313,94.80145890101397
-33.30272892601706,93.03481939327723,0.009860949449195258,-33.254950547388425,92.99618362405108
-33.61298431636056,93.67628746776973,0.008269168848212913,-33.57479133676681,93.64752516219136
-30.55273033809361,91.64879202822631,0.012047285405871714,-30.56436376785106,91.55991413271653
-30.166763797053694,90.06501000715774,0.011179989323027354,-30.118925753342232,89.8973624116932
-34.27367304371544,92.42446856704937,0.01047308497710005,-34.25942808510568,92.4387750622852
-31.875165747162864,92.97064657159503,0.007904002447534364,-31.85275727154189,92.85730683104082
-34.81796320381182,93.15476211596189,0.011515036743735376,-34.77219991999775,93.19816198021877
-34.46970974038323,92.31544302601974,0.014674614505176231,-34.42683778120282,92.37472364013013
-31.916805188287658,90.59885773250097,0.00949054182903878,-31.903392119719996,90.54267470485811
-33.22805545491156,93.11071986916127,0.012748291352339566,-33.176929178409644,93.06437105425483
-34.712440465720306,93.1663995459356,0.013358410786688224,-34.600451701089156,93.26282101036728
-33.30102262043047,92.93795914580262,0.010782089111549566,-33.28508272235255,92.80841147484882
-33.47076639085814,93.8099945348354,0.00837484656990105,-33.34209199042912,93.7925162669599
-30.26619246630056,93.83357838002209,0.013210614792338576,-30.175560653490365,93.65860134585942
-30.262181964012196,94.10529096414352,0.013641757851161285,-30.144194772155082,93.84383812087096
-33.48045207793191,94.6660528893117,0.015731438643526167,-33.36480920998576,94.56155512012832
-33.234002396012364,90.45132078888568,0.017476850953664115,-33.20059226297012,90.33666610690094
-30.528392000495053,91.21473546180928,0.009837895927301518,-30.557356762024618,91.06265553628795
-33.366816922722904,90.75579270170769,0.014094151421423883,-33.31257509154892,90.7367470728651
-31.627073864507253,91.42774386813286,0.014846645716979868,-31.596670861974044,91.2504017927157
-31.073717084661673,93.30299054946991,0.009473015113654143,-30.954412504021647,93.13607681945147
-33.84871995414817,92.9812323575729,0.013061826686055296,-33.78488654875938,92.99416769590054
-31.13271230586435,92.24848195253733,0.01637815594919133,-31.071313302670358,92.01925612744589
-33.99040677167081,93.54864400632654,0.013277194334777255,-33.98325908870925,93.48291770112003
-32.9025699059792,91.44611213915928,0.014719190376490514,-32.87673117307719,91.40169002672087
-32.100066424679646,94.86431977419193,0.011440242457706284,-32.01233340390731,94.77346224341287
-33.77094245711061,92.41919398081124,0.006156034695333456,-33.75574861776839,92.38788394889987
-33.6712167368393,94.76768460198421,0.010614352331443547,-33.56466191587365,94.85359895852997
-34.906223756658484,92.60646013942493,0.018061785649920878,-34.80644782819768,92.50805330795913
-34.14540446892762,91.19932705248083,0.012351529617755758,-34.114562749598065,91.15322234416502
-34.81590378907656,94.0424520444598,0.012193899340876092,-34.72472988264446,94.02694243957146
-31.7465923653624,94.25244083886734,0.015833779113487555,-31.624030353739304,94.10513307227362
-32.59821349211616,94.90829478707906,0.00926781277389321,-32.48559675216822,94.90585734854281
-33.4186895660179,93.95431729660854,0.014220939059755971,-33.42354147086183,93.9648642954118
-30.616829634885278,92.98821923370443,0.012361934321107267,-30.53497714855871,92.78427044874277
-31.822775117565673,92.6285220762478,0.011414223529017537,-31.839333284970127,92.4521232220981
-32.11177181143601,92.79704481998483,0.010019767082440676,-32.047232451229966,92.74253057924028
-31.21481024727899,94.69534497722938,0.014638911019265875,-31.133813116044873,94.5544124719794
-34.68739658384852,90.0799863316559,0.017211405339499202,-34.63939386068153,89.93957714241803
-32.79261299195733,91.0890368460443,0.010144119886343426,-32.783713196184486,91.02768685921737
-33.625528013084825,90.48087157505131,0.006112752372570136,-33.62986070030594,90.51425153309509
-32.33679450858141,92.04224385708972,0.0149322345104815,-32.25085978425666,91.82800297998072
-30.75595863965357,94.59878179053267,0.01805129608442626,-30.5801502408616,94.36643174082027
-31.18609130852675,94.05515218818697,0.008313725494575125,-31.06172351756923,94.01116459978721
-31.401111507290324,91.67010313037657,0.014497671459744847,-31.31193299985283,91.44821461244072
-31.929562829983006,90.60296897972783,0.01153732173541079,-31.919884582724507,90.49439926516808
-30.444348806652812,90.9600263545354,0.010950316842156896,-30.381128212953534,90.80408370302536
-33.09420909455082,90.00951847980835,0.0195865023136252,-33.083422046166156,89.96113029548786
-32.16718487794916,90.48718974883955,0.007098809919678912,-32.22036357282217,90.52105568678925
-32.35740407916797,90.9866158014465,0.011978933563598243,-32.30313662582773,90.91995296987895
-33.021343744206284,90.00254606968866,0.01596825755414993,-32.90433283237545,89.89176408019634
-34.31085649989216,90.53954292652728,0.00892284162593784,-34.25846127363653,90.42041544353224
-33.413576887633994,90.00736290301802,0.013305801773490226,-33.28401047817668,90.01881697757855
-33.21860809764491,93.36352319546053,0.009212142234920291,-33.22399004212342,93.33222036334158
-31.774639208818883,93.94251323064532,0.006500012901059464,-31.73388522333596,93.87393898238473
-33.50155036364266,93.04541495769651,0.014368347180226481,-33.47857773165558,92.97741219900175
-33.158239998936246,94.59436845885067,0.010476697818210992,-33.16451440723357,94.52994129233063
-34.902508204963674,90.99323057719818,0.013797902104114647,-34.81663113088762,91.05003855856991
-32.01976842739466,92.87197096760161,0.010036067732817816,-31.895387145806154,92.81239155748214
-31.246019110220164,92.89579815479424,0.01290620941438308,-31.193191835161063,92.66369827823011
-31.57969342813011,91.27633489478924,0.012866556272693678,-31.448662348934374,91.08898028490262
-32.16660408320568,91.46868084833753,0.00969988993395148,-32.10576291336481,91.38416055743423
-30.675929037479246,90.08173061264336,0.01196777931586718,-30.6425539957996,89.88518865523781
-32.718481053357735,94.2470846253992,0.005,-32.66571296388652,94.15125144048949
-31.953795997121052,92.33004925881967,0.011287860845521289,-31.843265838713545,92.21157948336804
-32.24852516937851,90.22522534743652,0.011872075593416534,-32.13930143116833,90.14239686767041
-30.53854684523183,91.02420630046213,0.01610833295539113,-30.56315622105418,90.8730517638373
-33.75320227788067,91.91112895344544,0.01412425670194047,-33.739551802139154,91.78088323910268
-34.66403634146956,91.02659466508184,0.005,-34.62067052246129,91.08315139101725
-34.545972844660824,93.23314512856982,0.013876700846622498,-34.50924307255264,93.22458614723764
-33.225583066976036,93.12329724907994,0.011266373206821466,-33.19274703758277,93.09474563606697
-30.327117486626122,94.34125882723542,0.01789853807570889,-30.27265404511335,94.15980884172426
-31.58404731505753,90.87928800216895,0.013169377097138538,-31.555758354547727,90.77760838355216
-34.1740357222605,90.48153919658331,0.009723496207179874,-34.134027100769266,90.32142517584523
-32.98797410146746,94.6863276816551,0.014488855141139307,-32.96045655585207,94.61324985875295
-32.62871628868999,90.63360170297612,0.011545580536720883,-32.65486618937702,90.58444899651181
-33.37509008047285,90.83440589868255,0.006345951785020679,-33.40965205686427,90.80217574229549
-31.445863177081943,91.75828913505914,0.015085157404496688,-31.448909132053405,91.63685251151766
-34.93752427744848,92.64672021114562,0.010097699259680393,-34.86333959740802,92.73525147999275
-32.055870640963036,90.33915244257615,0.012085223836624056,-32.01980074650661,90.17754125107037
-32.973454086471584,93.06646635060255,0.009237677121878516,-33.03007095644915,93.06702569263638
-30.425527803727306,90.1233202780467,0.008285072766806914,-30.367577187314428,89.99281895984967
-33.7368673793557,93.80573318514932,0.015954928590310502,-33.65940458827716,93.71199376155765
-33.220557620813274,92.69291013903359,0.01198061114952137,-33.17823665622412,92.6320984774694
-32.45445244311673,92.32118663198504,0.011216620835844914,-32.470428231289304,92.32486223620339
-30.95749822121118,92.43971787069172,0.013201178936592516,-30.8316717223161,92.24211604956062
-30.726227028698222,90.57767100441507,0.008048979304954811,-30.72522014278095,90.43980930392233
-32.19175911268072,92.73189637768878,0.013788389505413397,-32.10749881777343,92.47250033095233
-30.428022671404797,93.2983623033626,0.018367503692268253,-30.268729900790568,93.09314421429293
-33.315744984526106,92.10107423779431,0.0140050991232734,-33.24701434674827,92.0574633767006
-33.125165698058105,93.42730812897807,0.010260392619468268,-33.03656911352208,93.36414942174015
-31.479862201669427,93.0736776601956,0.007034541509230372,-31.485208488575804,93.00447231203101
-30.91947560611336,94.67026577302518,0.011400926486371905,-30.912039234530724,94.48703163020843
-33.96712331523978,90.98287925862665,0.013428567790843414,-33.95003284386193,90.9140798868689
-30.99460270080354,92.20613911628882,0.012538271240952489,-30.93621323886783,91.99462410964709
-32.009125579072354,91.13418839274898,0.013241458375826914,-31.905802504540915,91.05388443140066
-30.976748634096964,94.24876129102945,0.011428453994663244,-30.897987471941345,94.1951801785769
-31.266686313493096,92.3393083671765,0.010455581774763892,-31.302963163662962,92.23940250976426
-30.226812875121247,91.35501660204035,0.009029575831984585,-30.0916566968763,91.21503108403353
-30.25302423547464,94.7360711708712,0.010595270830782528,-30.126251904145597,94.57047972490084
-34.062564979830086,94.49471866751449,0.010603531291864227,-34.004369330763325,94.49862570749947
-32.614211430399315,94.07466481421068,0.010112771764732565,-32.52400738060319,93.89853364594613
-30.1190541807356,94.17328428045722,0.010264213742615423,-29.994797625364214,94.00099447298732
-32.830706339618565,92.38843825201026,0.015392550914083446,-32.80704686537535,92.33514379913474
-30.9748304077432,90.82176558254652,0.013162294069662983,-30.93630923358951,90.72573190138212
-32.12879880007853,92.59982942478987,0.0133110711274492,-31.99724211542593,92.52106725299133
-30.35263986682402,90.82763887505398,0.010707601394629798,-30.29669925968972,90.59202025544906
-32.87353001715398,93.31779986671515,0.008099916462242878,-32.82803438540458,93.29220952569446
-31.438525431194297,93.32241692839274,0.011202128205773187,-31.373717321428103,93.30477680488951
-31.604341302985745,94.28240119178015,0.005040321180706235,-31.625140409560913,94.21636189201914
-34.61531983152551,91.015919207686,0.01066713806145858,-34.644493358407196,91.05717114179629
-31.244220743344336,91.01689248282536,0.013704220968101284,-31.218699404509977,90.83179432011109
-33.40608548647612,91.58939741843292,0.01501711045703168,-33.36729929109087,91.54306714352525
-32.02990606064773,92.70922148114933,0.01247870539974971,-31.988163972713757,92.61951980933584
-32.40895328354676,92.66704025849597,0.00907233477043754,-32.42580870242332,92.61740304705087
-33.393580440841546,94.41385022307672,0.014375296093978376,-33.30079108970824,94.29348478457455
-34.19567639890489,93.66708273407056,0.014109550166499422,-34.19440629771322,93.58301511844243
-33.45393033886829,94.32447319655515,0.010697403361393434,-33.412001306596245,94.21088237752576
-34.21800254112207,93.78384546934235,0.010325550326102304,-34.07554649870145,93.8389909548977
-31.201383470482888,94.70338609828251,0.010770841994894167,-31.05979863522805,94.56574579081503
-33.91945611706267,93.67697866684885,0.008167107159706555,-33.926286329349246,93.59189696587116
-34.710806343933626,93.7208735086393,0.005678150414574173,-34.71106414720841,93.72595434365988
-33.92262595674637,93.30728335189234,0.009310574020857719,-33.8174417039703,93.30523337227503
-34.566229775069516,90.1212810681184,0.010432471618771172,-34.51573746315041,90.13160025847002
-31.004757656461415,92.11886778861674,0.012861742207057048,-30.95450173697501,91.97463073427494
-31.11220102386436,94.17856114873257,0.011096297730709031,-30.99984163265384,94.06127841119515
-33.904966224934114,93.70684942884878,0.011737823505918234,-33.91021690240341,93.71753798389987
-34.472595176418935,90.03247634718261,0.006672422852609623,-34.50155543540343,90.05379472479906
-33.06603086441369,92.9213944185674,0.008779932352382388,-32.958267004617035,92.87269797958669
-32.789909553692766,92.25915068370465,0.008840360561777293,-32.74633282821062,92.19081301014764
-33.14247648143524,90.51025546789225,0.01460208893099161,-33.17202022955799,90.42676487224566
-34.122165320894645,94.22366057801473,0.01678021320896121,-34.02672363784519,94.18982926345194
-30.544753959767483,91.06797507628949,0.01092996131813192,-30.555052167445158,90.95020635576604
-31.681334231226472,93.61466761815271,0.016856128260088067,-31.605086376391085,93.34032113466938
-30.631435045831893,93.35958657741351,0.019620824176659217,-30.52953319753568,93.03016387082036
-32.53031614601415,94.59587248551081,0.01341828482073052,-32.4425419135227,94.4598220005506
-33.14468592514566,92.02442342917972,0.010729593937643233,-33.041262882035525,91.90097757825619
-30.204804010668774,93.4221748866716,0.011689726980476075,-30.146462354985612,93.2187289678182
-30.36991351693927,90.58592304043374,0.014391831661456106,-30.312587945668028,90.37225229383289
-32.85780714500114,90.49862905150407,0.009707231894225463,-32.79499722631256,90.34288001836437
-34.87893010005608,94.72415375017975,0.005613090984858037,-34.85546668640247,94.70051500313463
-31.049734380141608,94.57633784682208,0.005012143442288714,-31.13019943125734,94.5665706523034
-33.70346838693175,90.18543265394403,0.017267443556853612,-33.612773064715384,90.131551588956
-31.082433632787456,91.69209772196741,0.011640967885385947,-31.045671260815812,91.6505834041238
-32.60358394644055,91.78842192975193,0.012400553606270081,-32.58615491456626,91.60610739007988
-31.326988684680227,93.44779215792843,0.011635582994012524,-31.298030917650337,93.3452700673141
-30.2942117959312,94.62524440481144,0.015192318843190987,-30.190917186864397,94.47397779792209
-32.84973946027177,92.96966527268141,0.007853132571055417,-32.8403357387373,92.98344140029576
-31.02540908066343,92.85451922730611,0.008580240663047297,-30.92603086758156,92.72011238336964
-30.734702527381035,92.68261122224239,0.007056758750547295,-30.666271763331075,92.58799123800036
-34.14473294803105,91.92759517417728,0.010285613640023282,-34.1337288554876,91.916704600501
-32.96621885142049,92.10620714145762,0.01450485667188009,-32.92988045466878,92.05777271218669
-33.41975996736608,90.78110122414895,0.007576403247818881,-33.402241539590314,90.74315258187818
-34.76403495096103,93.2089938235946,0.013888886382137415,-34.70085012749462,93.24067751351969
-33.23351580739079,92.0384081484302,0.015527041174905448,-33.21205252233583,92.00169854659477
-30.115132654126818,91.7095493240451,0.010567147185437442,-30.138252892843134,91.57467738802944
-33.04182814654022,91.77852035893649,0.011533277970509534,-32.994917424157244,91.79092696387238
-31.581413011372472,90.78763091944347,0.015224039572631902,-31.59915693886883,90.70674699143143
-31.124299127076036,92.86649436582564,0.011523594404232531,-31.0036479755807,92.7927047181365
-33.98656302447159,94.66019597043922,0.005445389981903569,-33.96004227690688,94.64307333809732
-33.82323792859833,94.2370974743313,0.012290253406730251,-33.702283405073246,94.20264066761668
-30.25404299143871,90.39883297967936,0.02,-30.166155381984815,90.07522641263652
-32.3755028878353,92.51695243611776,0.013638062475876078,-32.30902056637922,92.35954484316763
-34.805320912342765,94.20702334089808,0.009807777079695575,-34.737286666229174,94.29098755150562
-33.66780531166843,92.08148130711976,0.007023591829411105,-33.65866635961405,92.13858652211943
-32.380863231538314,92.98640744595144,0.0073146947834519345,-32.29834197011789,92.99592427948077
-31.850895179482766,91.16932509373645,0.017328531273133007,-31.807776576928482,90.98444129688545
-33.10269142728392,94.453532643149,0.017779568675576292,-33.04690084936209,94.34577298028609
-33.96026987829536,94.92118988041311,0.0173584526285094,-33.82530837628092,94.85116002499902
-30.52458538124712,92.24288353230894,0.01423126097899871,-30.43339089328051,92.0333827433913
-33.93310930819599,94.28192208863847,0.01221180401285352,-33.94922850441056,94.25311269426679
-30.465444048349184,91.77899951258513,0.010944542852408505,-30.435813614626994,91.67823703604145
-32.68717490194286,90.46995136171395,0.013378513879578599,-32.64238121195028,90.24922461490361
-30.824634788839933,91.26918600332134,0.00677033214614815,-30.756353472179953,91.16727317755277
-33.96184467728916,94.49731545633286,0.010681601830734884,-33.871354684244416,94.55055198664127
-33.60779837601352,94.70078675568284,0.013366531873351961,-33.545892495007664,94.633530756293
-34.903359209779424,90.35144042200564,0.011901380430851783,-34.92301850960368,90.3042110096503
-30.048730952661405,93.71158379916385,0.015993654434246354,-29.953447185687743,93.47051303956364
-32.55164532830804,94.20657995106968,0.011672768032213253,-32.54691871006265,94.07814602220324
-33.40712209811601,90.12635580475202,0.014415274936676487,-33.416638997566224,90.13483157434202
-33.60124879658265,91.20517221120684,0.017314909828965545,-33.55998914638443,91.09362437054605
-34.35071462506729,90.32535643542194,0.010888427108264124,-34.33786620200951,90.4036241814088
-34.223861978007776,90.83078641403614,0.010245709681157327,-34.20812401060991,90.83564965516229
-33.05429605791494,91.1823858963255,0.008384524567991623,-33.0461670216965,91.10298983200194
-31.00273531103329,91.13961607379544,0.010442370904872846,-30.845584226672862,90.92176213141141
-32.381470454527495,94.84396234268195,0.007331554458783756,-32.40521789145502,94.89249784541879
-30.34393122070496,90.80625118014869,0.012511167712127022,-30.291461088093005,90.66466194704863
-30.277396365703538,90.34545736708293,0.01422070268666445,-30.31535690628495,90.08009518880881
-31.174218331842486,94.47992902745598,0.017022818970441066,-31.130167265324665,94.29725445499376
-30.44972030455655,93.21429866908724,0.011291782167756911,-30.339054669557328,92.9770774520255
-31.58629874470545,94.11614773960191,0.01344468108537395,-31.421211138609475,93.97178845533568
-31.219577265001288,92.06898256852095,0.014859704297289231,-31.193583564567575,91.8749155470271
-32.25351560686936,93.26557758042723,0.005,-32.19010544559332,93.21935635517136
-34.74022621271565,92.74472867823569,0.013815805091527203,-34.667660180536714,92.77531174192308
-32.31477214064308,91.04346680666553,0.012336708832116997,-32.34178587576146,91.00537883404158
-32.71581214192045,91.99338860179367,0.011503061829943866,-32.631784952763276,91.95920681655467
-33.78427661122944,93.05893912330025,0.015598842986619905,-33.73035449386331,92.98467427085185
-34.47495290495985,93.51449810136897,0.010938661143384048,-34.40157025137647,93.50719604068127
-34.66693615904529,91.29198224207244,0.013158634524636684,-34.601523269180554,91.27847763583561
-30.369215480918562,94.7093403571423,0.013177596710498295,-30.23989521673638,94.5856062559757
-30.1224013043945,91.02230943399815,0.012836119990269363,-30.101853237897878,90.87450813023261
-31.371826647057077,92.61193404240458,0.00961772262672487,-31.28557087869989,92.52114699495014
-32.97429129223914,94.79057735052838,0.006439904695192321,-32.909766048761306,94.74493790480918
-30.591283649612215,91.50307339971478,0.011522417260864322,-30.58521852193292,91.35794817329275
-32.635477960115054,93.12653625081757,0.016890028861681332,-32.536552992395116,92.99158162074225
-30.40913178310084,93.65950916662167,0.009720476343530385,-30.300587633152276,93.49147639031088
-34.43977288020968,91.69106876939564,0.014597630881642357,-34.37748989259941,91.6705737887071
-34.39374949984207,90.26241081215022,0.014107907812973665,-34.32166130624928,90.07948553872583
-34.13694094511539,94.5920679338602,0.007248231783878485,-34.03453672803364,94.62834925638444
-33.00779078790715,93.21305491689351,0.01769536470483858,-32.94874015657272,93.1249448833098
-30.74858905240272,94.72147160404349,0.0173093105397864,-30.645637902632853,94.47865895237369
-33.662232968804226,92.03491111087372,0.01813483588028043,-33.61990373112073,91.95620122753334
-31.007382302137827,90.28630525104045,0.009443502513373562,-30.932020744802113,90.1395014580141
-31.3037441974705,94.91930966825038,0.012682961178374558,-31.106228943513827,94.82069312524824
-30.041981838010372,92.60488820650316,0.014312828342141244,-29.823628399231637,92.34083802227634
-33.148471487502654,93.51198323077377,0.011537057333888292,-33.14791739832273,93.40658950779626
-32.97389231250191,94.92065695151128,0.014427644189220093,-32.87721662895274,94.85680770559334
-32.64975360276595,94.48535441383159,0.013607714751157692,-32.53928199497737,94.3657253938354
-31.940521681668482,91.161315460642,0.011747638215184895,-31.86826744991662,91.07175088359702
-31.608081664117808,93.85086320151896,0.015729755441210913,-31.492139391707752,93.63872347582769
-32.84203239509888,93.92140917386388,0.01437194068097037,-32.76109550118324,93.81480681082586
-33.97409956397265,92.4792291615924,0.012125922844422989,-33.9870077047189,92.40309850792626
-30.134247812883256,93.42825787169426,0.01071300446336297,-30.081269300917793,93.27058403855392
-33.74430716382247,92.60764335418412,0.008211184794266167,-33.75067093198061,92.58754179948028
-34.194976046612716,90.62227468288248,0.012628108006841963,-34.18974422580051,90.5871402298564
-33.44479526136562,94.85280855077553,0.010374505391869552,-33.34984437356527,94.80429429012092
-33.36599411904537,92.19921617476034,0.010004794179857569,-33.26451753663412,92.1816381145028
-31.556070026660215,92.4110789072142,0.012850436679573259,-31.560504736849236,92.24435927110774
-31.46148919638498,93.59381683718519,0.011678999236099415,-31.428454793448285,93.37762053294689
-33.85087319468108,92.82533466299462,0.017103371928435057,-33.75696579940087,92.75268445399377
-34.08591408349309,92.36123498004315,0.010663792526767772,-34.03695591506191,92.24950433095742
-34.85969787444476,94.13709167343646,0.011234548831053204,-34.76164741954665,94.14518339973789
-34.23626178570447,93.10681909763042,0.013014236240006615,-34.17105674434699,93.05370166995257
-34.58489717726686,91.67729799134062,0.0067616093340427,-34.572707769985094,91.6763795801069
-30.752224388370003,94.99084226188806,0.012937986008505403,-30.559125740483143,94.80991977888111
-33.56039950355298,93.30156206313598,0.009934976963648194,-33.48413069075777,93.30309934733951
-34.22172895361459,90.38504430374701,0.009761823677865638,-34.20077789029019,90.3379910849946
-30.87447658595528,91.74028642326054,0.01592523534333925,-30.78093274859093,91.54127973721617
-32.96406507655859,93.21175145117766,0.012444692022743738,-32.89173216349395,93.17587072411024
-33.57507959070511,92.07249184666348,0.012762631149731883,-33.533496262539074,92.03114581974756
-33.88922617124181,91.61492670548216,0.01647124296838889,-33.870098173293705,91.45994157569714
-31.356920370371682,94.10461201523997,0.013147949322344322,-31.345733100821025,93.89338693856818
-31.396197393379836,94.36363854285588,0.01135441843434088,-31.30590561112783,94.11865854649132
-33.11663818817871,90.03822889119463,0.010675728990623795,-33.04210262771369,89.89609959112727
-32.457741598621034,94.2618741617716,0.012552897079336246,-32.37279713838462,94.12265535815638
-32.64885720697928,92.44154993707107,0.008559798452621201,-32.58898958374154,92.41679917410572
-32.64846999839223,90.12041582910804,0.01111841226578149,-32.67436029487226,90.0629163364957
-31.05966197041403,92.71879546225323,0.01061189409041835,-31.02065276923665,92.63651819732405
-30.25752599790696,91.82923679811513,0.010169665105008175,-30.160035423530974,91.6885205314365
-32.50891688320634,94.83112510023744,0.012897478437708798,-32.42431300355116,94.80535212993156
-33.535695560047564,91.77231330758542,0.013236919624407364,-33.48170625993331,91.65040366630555
-34.09740258895486,94.43353924645707,0.013990326972505523,-34.03486082801115,94.55136126980918
-30.128005719975246,93.60682111462914,0.011565101216351636,-30.023706098105595,93.397498199611
-31.80432533395924,91.53841594675872,0.013943666324562171,-31.767957860710112,91.41015107566358
-30.577693942666258,93.69592368770833,0.0164707251745271,-30.523168154587115,93.49894397685344
-33.536717505767335,94.67428953486976,0.015584244477755976,-33.50636448417435,94.73553956841663
-31.797232656848493,93.4681284776449,0.008444733754207538,-31.791433994616412,93.4601884984442
-32.16359220216398,93.5535716494888,0.013853247957825712,-32.059791053451626,93.40886710707922
-30.278006503860954,93.21106355075338,0.016589913934911278,-30.17737320309508,93.04728286805839
-32.03045284195937,94.43217848546821,0.009592095839008392,-31.93837619896481,94.30133823719245
-34.30383640637377,94.05453185014366,0.011567373245259057,-34.22836757534714,93.97096042944415
-31.354272330128328,93.59507836914261,0.018663605677450235,-31.16930533807349,93.33580804020005
-33.1346391616934,92.8411367829332,0.009969099748620116,-33.06961998669259,92.81151712148804
-32.15847138059375,92.52809142091805,0.010782198035685137,-32.11661378618286,92.48550481804823
-33.50502703392857,93.80920787054157,0.01112599024600165,-33.436137874270905,93.76451043720114
-30.004562941875434,94.36767308682573,0.013376620250613784,-29.944763618181714,94.21770158825647
-34.81509584621804,92.06657519080915,0.009365486432270188,-34.77471491008878,92.07665760805041
-34.57109861775073,93.62431464018559,0.009791349360168828,-34.55811685382014,93.54220021482519
-34.15019632159455,90.37217628125285,0.011743800437614511,-34.10259042082226,90.27118129577251
-32.52376568707986,94.98733321520098,0.008682027110838701,-32.4935593129548,94.9133214728768
-34.30813875232066,92.99698461042371,0.012547859847369754,-34.27182769940792,93.04307859742381
-30.653612242741836,91.58955419264203,0.014232698396515323,-30.529886146899532,91.38981905796756
-32.54506569079487,94.64387235782772,0.01331512497860967,-32.45085036713799,94.5963243246107
-34.85426838550519,94.13151956564244,0.015506125733155086,-34.80935064686821,94.09176413800743
-33.45593279335504,93.06799724956836,0.010225430934110998,-33.355901237884865,92.98715689069621
-33.317663420110684,94.42886848132895,0.011635456648739887,-33.25971917595314,94.41413193917117
-32.36452717474819,94.41007286272713,0.015441665347363282,-32.29250704984949,94.30713615902178
-31.26848456877152,90.47900135465066,0.007929963861740535,-31.285300709259598,90.44538011193477
-32.734041903397205,90.78797035711453,0.013812583197796978,-32.726576460114856,90.6534118337597
-33.4537490710063,94.21047206778984,0.008550475944591277,-33.427692908639116,94.20290036150095
-34.99538167515434,92.66468754436406,0.009959981949157603,-34.948017099106416,92.606558184328
-33.50671698063393,91.74611914918518,0.011366353434739174,-33.39204618235084,91.68283123882934
-34.80262295207979,92.23836099855085,0.01234320279305359,-34.75597692279252,92.15494547952669
-30.42252759777268,92.1025425429697,0.012410501931109773,-30.355950850547462,91.94591619174972
-34.5799045583158,93.12118983729285,0.014415638555399552,-34.50225474726522,93.28344985664424
-34.86685665592711,94.17143321823801,0.01178854631862456,-34.788941602967306,94.16228107803899
-31.891913758482115,92.60683595569299,0.019217807543941805,-31.820115117383434,92.48376429175738
-32.65668334005092,93.7106087405294,0.005923659509915408,-32.63072789859849,93.58480987923912
-34.74430431673646,90.65794476564298,0.010663347407540194,-34.74744748123743,90.71646068209458
-30.28885034698953,92.98226055355724,0.014155078868477366,-30.227649296651833,92.79049601072276
-32.42839455422292,91.48399695919574,0.010407862428545899,-32.456468102164095,91.41594267829616
-32.97431955224641,91.32789990150118,0.011574689460497214,-32.96768142988872,91.29722741646428
-34.29148158200803,94.43970981134754,0.012488759465131286,-34.29814766305978,94.3553694072778
-32.46937522627467,93.95957420905309,0.011605286239969119,-32.45045153990261,93.90430814497535
-32.39259088238048,90.12502150890049,0.013232678700818509,-32.38370725815603,90.10026565991934
-33.02935734659649,90.68894524967729,0.012462179374969844,-33.041829389071836,90.64383792832201
-34.99363869002485,93.53793281581962,0.011430265118608644,-34.942477538351376,93.56076577063507
-30.736569665074228,94.12381810975636,0.013413766431638215,-30.676644285528468,94.01000529002474
-34.49728567573585,93.87452510003041,0.012170637165986674,-34.52475150269174,93.83404944551019
-30.946477732976668,91.34442601256238,0.014527945395780345,-30.883724404366255,91.18699172448947
-33.55890800982286,94.94459646777128,0.012787978308182915,-33.47177483940407,94.88021077801724
-32.452336015407006,93.67845260966725,0.011757118244539871,-32.41746338602354,93.51333950700267
-31.988927345280267,94.93460434984343,0.012891115196134784,-31.8607507379746,94.88782845282674
-33.62093452465641,90.26624775917529,0.011919825908021152,-33.647651952113634,90.23663223380383
-32.458189178843334,90.4253798758711,0.00855590305160515,-32.43455087393544,90.44075239787493
-32.85833926017477,91.82959329051859,0.0060588188489604745,-32.93785165395788,91.84575143287212
-32.749483158465594,92.47847602000255,0.011549234675838408,-32.73748015175151,92.35447611535848
-34.685833433796745,90.30357889603833,0.01510701714072971,-34.683286755582635,90.2323973403601
-30.012167796249944,90.16341366299856,0.010235499605949912,-29.978317173143783,90.0152773905053
-32.55089759250319,93.3532318365411,0.010771590139872368,-32.48198301201834,93.24692936259724
-30.745678774202847,91.6350707185714,0.01102929892947907,-30.65215117540721,91.52893707851536
-31.155635997250165,91.88880019159663,0.009062703577474008,-31.067775050090564,91.92761474716906
-34.17722712721508,92.39743359125472,0.005168981458365275,-34.268775925593154,92.42928802957286
-30.84778819744079,93.44609882952001,0.016156850510536447,-30.779318436866873,93.25786748405966
-30.78860205133239,90.98309768814293,0.011527905406381054,-30.76914126224183,90.80924743629951
-31.980072380497838,92.078824168241,0.014986935787822193,-31.986577175922307,91.96133814466259
-33.37859264030719,90.61536474593018,0.01599451832665728,-33.29053639577916,90.64684817710284
-34.66608504658929,93.83834277040575,0.011440965111110774,-34.56851683285662,93.8710917279275
-34.17038995409723,91.7168672066579,0.013301762384999265,-34.110677093808604,91.58810457724424
-32.07662699641665,94.07102847845556,0.011473567775884028,-32.00346512687613,94.0047640878378
-34.0269537650334,90.53299167024753,0.016393577616475464,-34.021586502522204,90.45752494173303
-30.42546305470915,90.94656815154691,0.014512603738166062,-30.36604411195591,90.78815221889693
-30.015388484318613,94.48746649530403,0.01580632290663415,-29.894908783703134,94.28555287250687
-34.626361175001165,92.847840826852,0.015806349038799995,-34.56626845964154,92.8075691379078
-31.950955199168316,92.14736294007818,0.011804554363930594,-31.88912689303723,92.06262175370009
-30.39269737077781,91.55657340861414,0.013789565572781088,-30.33839151927728,91.38783830331545
-33.61998572204738,94.8141050458379,0.014780014018468481,-33.58962655045826,94.71299575858549
-30.6040867945586,91.7315835821553,0.012164352932213482,-30.493511132297282,91.57429385763774
-31.159048288274757,91.50598351682373,0.007909511923699635,-31.12727846845113,91.49526771218521
-33.604187707131345,92.02707645010882,0.014981298773342987,-33.59730432139975,91.97970949244768
-31.76617963259203,92.90049002805691,0.013131923601015155,-31.711537775913587,92.71174760335413
-34.55174937218489,90.23447216791315,0.011326922421835812,-34.52840626678815,90.27317107571633
-33.26699812252194,93.46795676202221,0.01606891289287263,-33.19826552376044,93.39061351897708
-34.77042315065383,91.4412457749789,0.012152531552376479,-34.7473970820155,91.42943210523306
-31.06362141734404,90.85188164306801,0.012693665226393107,-30.998713352379458,90.73812972306065
-30.723268443126543,92.26104221833202,0.010674133812259116,-30.644486301448293,92.14541233995658
-31.991449221651983,93.17996040260141,0.012916383446712443,-31.97127376626808,92.95072232168569
-32.36524481520475,93.95914955098726,0.008652529118646012,-32.35333096517915,93.89301858772754
-33.27927885112709,91.72535784792518,0.010675009038443819,-33.213686824820655,91.67747675091194
-34.47928213718118,93.55666330139536,0.007420888562753795,-34.456953873239605,93.54161819394427
-32.41910166671112,94.45436445768769,0.0078402209800196,-32.348420368847044,94.41888625485666
-31.803964004373825,94.87170705547787,0.011921643715641143,-31.720282071439357,94.68426723415833
-34.60861671781351,90.6554161645171,0.014315601270135203,-34.56246657846924,90.668051123949
-34.43589509057434,91.47465900302213,0.015233581840057799,-34.4188267061095,91.4786955409045
-32.39919421579701,92.47949542904499,0.008959326617164545,-32.31487297826401,92.42697182864991
-33.38977129535095,91.93580741059142,0.019054238804457023,-33.27842773487058,91.83077996492115
-30.632037852682238,93.94139774187883,0.012936811449921896,-30.617557752965688,93.72177188478835
-32.32753812699434,94.05644191232243,0.010617032976345376,-32.29561607690555,93.98280180248413
-32.29076663354247,92.46736159727214,0.011184055508620313,-32.209884416795774,92.41396462727653
-33.80176814650107,93.0380207625847,0.01667508224631458,-33.7451903141573,92.9063749079658
-31.798102068394908,91.202456916109,0.01128804679063857,-31.791645545584817,91.1161849822797
-34.17495455116037,94.26579285984754,0.015980169930197526,-34.18915239162104,94.2582684291451
-34.6334926685892,90.26055645929821,0.01023469804133098,-34.637065031756016,90.11940116869211
-34.567205390441096,91.97792576836194,0.009278873256047327,-34.44822762289832,91.93573054840775
-31.12483904038355,92.9095195261546,0.008821961818535558,-31.07028492532759,92.84286696038254
-33.85330084015674,94.38786280359601,0.01155001109120458,-33.803551900761775,94.41009613375586
-34.55228062966566,91.44533991412911,0.008606268710395038,-34.521885620138995,91.51658453556423
-31.80683030721414,92.20426111017157,0.013228196887666518,-31.75295818072216,92.08382013014518
-30.78849200532747,91.19018345758067,0.006459815168049606,-30.73691083227422,91.07234924004442
-33.883712417926915,91.33059682757687,0.013679909813797847,-33.86179117539978,91.31039994780826
-34.99193814570732,91.0810899736609,0.013709693397543748,-34.933968750241895,91.07409759648363
-31.415276486296612,91.83595506797938,0.007984679370752663,-31.322576046525864,91.82103727043062
-30.281493707251435,92.25516866152542,0.016171539301963363,-30.14631281049901,92.00867841313512
-33.64036061853764,91.04136719148023,0.01644438459035052,-33.600158093405035,90.99741968462735
-30.528101587754946,93.04924396182496,0.013825656908365767,-30.45374064436528,92.87531432597811
-30.863243966914972,93.53307006772727,0.010525826268541207,-30.80488735293659,93.39372627578955
-30.51283708079993,91.2944382872273,0.0066291449461536095,-30.522837249630133,91.24578338491511
-31.44836284589417,92.47357447709575,0.00781849826229114,-31.339604291412986,92.34590999127737
-30.634063819937843,90.01980956453897,0.01244818561102499,-30.61108833134432,89.83753159965468
-32.514510712882036,91.26936390442704,0.015501619989821134,-32.512080517043444,91.17332705170054
-32.581905732866545,91.26343389324511,0.013141495270734348,-32.61018917005559,91.21640253536304
-33.00168944764898,93.94937678015356,0.009874658961381767,-32.989591343608666,93.89284527197434
-31.98237928249909,90.14013979246677,0.012085530688844657,-31.930927559502894,90.07989987121016
-32.499452594495054,90.15934539726933,0.01262905625421582,-32.407537129746714,90.06251499522101
-30.72209057426073,91.33452653050784,0.01060291168253332,-30.709206915666915,91.22504931578753
-30.82699304629791,92.06459182836018,0.012625384215042978,-30.771486377025894,91.88681652610646
-30.58523208223577,92.45051276789975,0.010238749000151788,-30.548869444292983,92.31892917795413
-32.91154619665813,93.92931341910149,0.00914146094906629,-32.815867431135935,93.8651112309834
-34.426674072836036,91.82013645381063,0.008111884262207035,-34.4617725144868,91.82608499030201
-34.24714578606735,91.21941757434834,0.010754989897652783,-34.248488206494606,91.214678511168
-31.538588296021267,93.57805051963467,0.0068316608224259865,-31.544414902029033,93.4743216045336
-33.83659742089197,90.86332252676272,0.01280984722486144,-33.76007681793456,90.88198290701565
-33.93039013994537,94.93893937578208,0.01273198391046964,-33.826303029392356,94.80901855307195
-34.235631972028685,91.25774801676688,0.008305150511264498,-34.187156403376655,91.18811171273384
-32.13749102141273,90.81158389232827,0.015546308037167982,-32.134211918751525,90.59539283567405
-30.426344531564826,93.01719239891055,0.009536965984472453,-30.35744369059753,92.8264697809869
-34.70858131650472,92.31082055873055,0.01595565473091606,-34.646461514420295,92.32759814634332
-31.61936276234388,91.926902731924,0.016409513275578068,-31.561784514435317,91.77947799533646
-34.623692954741436,90.49019997899354,0.012152773719422555,-34.54850066884285,90.43530152896221
-34.656844876042406,92.20065604071912,0.011896002516964523,-34.56962313473479,92.2058601896143
-32.09896751710657,92.38071081178201,0.015461965625026329,-32.0222835508951,92.25392264286783
-34.11281984419604,93.9375787356549,0.012933827346033747,-34.14207983856255,94.00248874262249
-32.4421314773558,90.93861818620432,0.005596897914863639,-32.41828028335142,90.90345253527757
-32.00428544885414,90.68628350876529,0.011528889014871641,-31.998047516685954,90.60714852691744
-33.976512029175666,91.45495035003503,0.00922728527223872,-33.99175154242528,91.40529326427104
-33.770070942150916,91.5240848533907,0.011768142085888368,-33.73531087891919,91.45881275461757
-32.979290751220525,94.00624565356101,0.008698711816810095,-33.06203745031996,94.00582220814212
-30.088737450010413,90.54201359724317,0.01482999391588865,-30.010894651812404,90.31363586832845
-32.34154506445205,90.87294558228821,0.01201658138033699,-32.29123416360965,90.7326288316519
-30.603276272314893,91.03541001845076,0.009697656611673468,-30.63208332216856,90.90537471042954
-32.44479972033687,92.53540166818055,0.015765668282406997,-32.40856074444763,92.47931987314698
-32.26105282568314,90.86812234303576,0.013457155726969153,-32.21267718131968,90.66998488201517
-30.579289924723515,93.50169474024418,0.014038311569334888,-30.492972473724528,93.25321234158764
-31.342062689225283,90.60863021746465,0.013231550347824682,-31.333352309167473,90.37753911896388
-32.4417948135527,93.32762422916414,0.013044597837301093,-32.40653615984485,93.22423761105658
-33.64028650288884,92.01283198441271,0.010679653082918487,-33.57021751264039,92.04581191041031
-31.088694820589392,90.42576178304381,0.017647745301866413,-31.01045032549607,90.17114343932631
-34.124729045701706,93.37228082631928,0.018202835272211226,-34.0717663325274,93.32127557785176
-30.48089764586428,91.84535355974998,0.00836555449444579,-30.400158578266264,91.71503923210436
-34.84413384271216,91.27151781347808,0.014508365765838815,-34.74613641599145,91.33769578708034
-31.66462386850239,92.66071049259861,0.010248179739273654,-31.689637485580832,92.53225759622416
-32.23012435838556,94.61657762933068,0.012998188054058927,-32.2330651461064,94.49624715106461
-31.54732559321305,91.65021003021027,0.009265750291772323,-31.484358539637306,91.4983777568598
-34.81660975412106,93.54875712607885,0.012782597000225339,-34.762155325200176,93.49997327366452
-30.421898395488157,94.89436325956312,0.007636873576299458,-30.337703170688506,94.69084690523539
-33.605687303533585,90.49422154929401,0.014133162432970766,-33.607202512962466,90.41503902110739
-33.657578460106315,90.33358549863401,0.010568804835583107,-33.66603615144144,90.23000807604389
-33.5710269578274,92.34401358765861,0.011016085237340338,-33.51210194685872,92.34446222767546
-30.201806744717107,90.7097564920399,0.01154146555898995,-30.18505482393976,90.53849478740993
-30.035973635399117,91.13284468195879,0.010543868677326323,-29.936835320798462,90.93919458113646
-34.05666817715075,94.10817160070265,0.006350893280867876,-34.07179080357644,94.07513754024197
-30.32474463291374,90.39362094480407,0.00690059733192757,-30.29918093045797,90.22338030736213
-32.787508403816005,94.0803404782705,0.011691977985778066,-32.81675163685348,93.94900507332015
-30.093065746477613,90.33340720416928,0.012861704252021376,-30.039032703962793,90.25110721946142
-33.35573926764118,92.93818423381533,0.019494855124964124,-33.25452212421115,92.85074398883559
-32.493053100371846,90.67812835207906,0.007718309884694497,-32.462635480762685,90.63547359878828
-32.13312345306221,93.89816172670336,0.011298314179454306,-32.00955283101752,93.84028353345433
-32.40329214657414,90.35855788223527,0.008181612904591445,-32.43510928729988,90.30044556466662
-32.152617123765594,91.10918245383733,0.011191691774898403,-32.201287806175266,91.13222278115242
-33.0742710525778,94.50372109881725,0.012287481782348123,-32.99636053546248,94.48278506563375
-33.454801898476425,90.04146743418279,0.016324213798197366,-33.406837582121916,89.97231636290284
-31.68462230123016,93.90045625309608,0.01203670350194911,-31.596924555918125,93.85158185443933
-34.38039228905955,94.95535261799958,0.012544745327551161,-34.351975558331404,94.967646407758
-31.252648818081276,93.08629266899167,0.011576271826817709,-31.282247329358434,92.9387015747526
-34.7752639844244,94.60929274654232,0.01451892287290975,-34.67175978886904,94.63834251531264
-33.46717809508156,90.29894720123805,0.00963803961385073,-33.47554067314202,90.22680113576958
-33.520865744180185,91.6709697180124,0.01052697642109431,-33.4799070816112,91.55888305867703
-31.918919957446683,94.16536981956568,0.012933078506030298,-31.80282163731926,94.09777245695956
-34.041036626942784,94.51025222995627,0.010744714994379219,-33.984293773296024,94.51069966437426
-34.43444182214479,90.36922848138776,0.011549232545633295,-34.45121982280109,90.36363773930289
-32.24039396424998,92.05751737781836,0.007212894516715647,-32.23152297532727,92.00482790841973
-34.575499151899805,94.06680151607779,0.011963669137433708,-34.480555732626335,93.9691319800097
-34.80499133311327,94.54443795991493,0.013124100622454017,-34.7363581908466,94.52134915905272
-34.911486365392825,94.26689817495209,0.008519406272684278,-34.86285236537492,94.31500006431664
-32.464037445417006,94.94537072630001,0.011457784579756273,-32.4312089011392,94.933253038254
-30.030761342347404,92.62992094754986,0.012259901635308495,-29.979749956053258,92.47858992862206
-32.794295880001236,93.45908938336794,0.012409126304575845,-32.818507778006946,93.33586331502195
-30.52288275237474,92.88827113278819,0.01039288404583998,-30.44363594446024,92.79856060378859
-34.297290480843245,94.58679854988341,0.011004083427589344,-34.29222921562085,94.58290101394829
-30.86167259482602,93.9726051562414,0.011581758622913128,-30.663854753741067,93.78504091455538
-32.87781176562375,92.80041577546864,0.01384111887767158,-32.79209382108874,92.77330439927738
-30.349948441061805,93.7606313396554,0.015816200866582055,-30.222983991715072,93.5731484991231
-32.065807723376494,90.56226108770477,0.012269674402585362,-32.05144367952986,90.39723685787627
-30.005508660451962,92.21541296977736,0.012254953134789215,-29.855802675711868,92.00158326811955
-32.91185711362026,92.04793961959241,0.013039607292232589,-32.95537237249763,91.93132647573714
-32.83922489976062,90.17346909763374,0.010554773620843418,-32.83831757383924,90.16985970788117
-32.952208465516236,94.693337208995,0.010045300453428468,-32.90521354472086,94.69807915028753
-31.83658362577761,91.91921683638854,0.0064511206025915716,-31.779241411073613,91.83252260138944
-32.79348365297362,94.02813665928738,0.010876396999704191,-32.67875406770069,93.89202446125698
-34.63464491751722,91.2316816265289,0.015055521111263188,-34.5908957204215,91.25248427157447
-31.42528388601075,94.76646773830396,0.009309812551994312,-31.34379694952241,94.60812640995226
-31.50212452358841,92.72662427307735,0.013723238265448634,-31.42488109439808,92.6063105157854
-32.381429854757265,90.0213528072727,0.015538126124022954,-32.26191958768786,89.96683146044299
-30.811771114820143,94.5200150415539,0.011937203180106513,-30.751747324814687,94.34871479799757
-32.014884341693005,92.94988733604137,0.009201985199001438,-31.938108013417715,92.82985074193448
-33.149012304063326,91.97170851365158,0.008978933357901722,-33.20923845542069,91.94096431968426
-31.59453708531872,90.3516603855448,0.005,-31.558038296188304,90.2955510710438
-32.9518452928739,91.19509598194047,0.016265178060868177,-32.93833092831594,91.06767927845358
-33.38343322887203,90.1992549211381,0.007360872481216819,-33.30185184612106,90.13294305689747
-34.15210617188835,93.1329080798155,0.012444513846239753,-34.14004069889373,93.05042887135916
-32.93343287518506,91.38535709630784,0.008414635505705247,-32.93032697783739,91.41446154007251
-32.74819440916495,90.32166003859273,0.008332138969128237,-32.79230179812109,90.26874052326058
-30.426705521386417,91.47209448982133,0.006388704871039409,-30.398537061270098,91.35799918523925
-32.87153449484619,91.95524952298743,0.011947497057924935,-32.85133071445529,91.83397000934191
-34.658007623266215,91.39759380423749,0.0118028302322232,-34.55470417338376,91.3864161714573
-34.63874405861991,94.64712330130516,0.00991352521511348,-34.60820863722571,94.7302247985729
-30.86430038930684,94.13736888873416,0.011801309473820326,-30.835034071117548,93.97609385295445
-30.00539851927089,91.18866836526549,0.008735809378323758,-30.00923858533085,91.18662457452662
-31.864282547781038,91.93191387727218,0.010369803035163624,-31.810423251554347,91.94078714762428
-32.27923808069253,90.69754463192871,0.011180946452533683,-32.256997528511214,90.65277890083746
-30.822903416487186,92.135243735947,0.01107929242837196,-30.701979929867647,92.04513262617353
-32.30925651433936,91.16722046193705,0.015497399401901327,-32.1929490931177,91.10762096304583
-31.93568398015519,93.17922470175708,0.015055949122891304,-31.83873736964529,92.98607106238006
-31.73625857431991,90.6360928492044,0.012248981544653655,-31.65792191891279,90.64894556972905
-30.094695862858742,94.86642188741129,0.012463450333635436,-30.04365129936032,94.78929538785442
-33.05746613586563,94.52277402488741,0.007326465175030199,-33.00296047413293,94.40293521285886
-34.5363013086604,94.49938678845042,0.01055800660006027,-34.399143226525766,94.48101457450089
-34.0748114209932,92.53165699438689,0.011711701451779726,-34.08810996299322,92.53068151897082
-33.76663179669167,91.52733448880709,0.012217334443174499,-33.767553129833956,91.4332963349563
-33.0127373623478,94.74945522593148,0.008983823175419296,-32.88773684437549,94.763394570065
-32.75113628010139,91.32075230312223,0.013152026028063712,-32.705381261355896,91.18522929345754
-31.289233920677546,94.29806224391614,0.015028087771084865,-31.22122406000069,94.10107006207072
-33.0685950046807,93.5900211638904,0.010583271901873238,-33.036401348271596,93.55184766451579
-34.348444962747195,93.61728811780348,0.009490042954988285,-34.331166349976755,93.64099045677165
-31.117364688965946,92.72734004381847,0.011013006964247587,-31.031508852360815,92.59178633235334
-33.985635285714764,91.6618656381339,0.012549679916448469,-33.93682982309126,91.64441572040073
-32.20849174185649,90.24862891786245,0.011645303994217777,-32.208249358560906,90.14630593140465
-31.751339454332882,91.92720325398187,0.010100820537784765,-31.65342523679301,91.73922786147419
-30.190325704047172,92.09827473124106,0.015093219102440955,-30.113301818132516,91.81540323605763
-33.76930993539105,90.17258753289344,0.006669187759190752,-33.756706443663454,90.14751696344597
-34.233221923074815,91.94476430050481,0.009600868144254707,-34.28094812302461,91.91692843204709
-32.26653156744939,93.13752498114927,0.01147157631734559,-32.23575168495036,92.96563081796843
-34.14672706723183,90.73075240342885,0.014899677273947674,-34.10349608596246,90.67451981616456
-32.09802945115672,94.35917946945634,0.008010986315472183,-32.16541432875121,94.2736900935633
-30.0543314390612,90.58193908298352,0.009692373835434271,-30.011106500730694,90.38564974784545
-32.891364723068435,94.94525605888339,0.012332052209883636,-32.76907358473553,94.78320132268372
-33.024463619333766,91.52677052347023,0.012602646238938853,-32.96813739532633,91.46080213875481
-34.716970698633105,92.19661826576996,0.01533323636104383,-34.59225614908869,92.19699353239437
-31.979288984271793,91.70671276786425,0.01384466213340242,-31.847374545709158,91.62111043802214
-32.37672247972965,91.8710141087222,0.006972713421275865,-32.388776146443185,91.86404039969514
-30.269764134629433,92.07669935924369,0.014060671235331411,-30.202994986527813,91.88591686656085
-33.17730991793703,92.3890474857636,0.009590804252456661,-33.22484805512527,92.34889504487626
-32.144850666071385,91.83693796088242,0.01785944539841174,-32.10000619560513,91.58089833252644
-33.87834069150732,90.32849416368423,0.015273583379639482,-33.81133275837975,90.10857304616201
-34.605787720559256,93.46671257817427,0.009664245259153693,-34.53750713030411,93.38033139399028
-34.569492989492936,94.58987509718351,0.011901928905694335,-34.52374302065723,94.54577045762531
-34.38996538638109,92.71598105286324,0.010814544256766388,-34.36225360684668,92.72778388343818
-30.188742955551884,90.5478873813516,0.01310139136169847,-30.156843602376025,90.3424560093206
-30.93984310094355,93.56527949032582,0.015167521652665869,-30.863462656770697,93.3527026271478
-34.84433889877982,90.0279671365868,0.007037802318324411,-34.82273349950798,90.0345990291289
-31.159023041722584,92.75488713915645,0.012154173502036462,-31.064341960887788,92.56468085012204
-33.607378417676394,91.22916503031465,0.009505350334724178,-33.55960640798961,91.17910822430443
-31.497549856098324,93.86998542691062,0.010232294297364558,-31.490757819643523,93.68272463435085
-34.61667196652713,91.07654125134947,0.013722741908089451,-34.64227730770125,91.07624010800117
-30.455319118087885,94.65768546917587,0.013189129165174878,-30.28737593774467,94.44839159366049
-31.54579185905146,91.45332139926235,0.01317082539857522,-31.472700286890184,91.24860986216467
-30.606870407194222,91.25182578495442,0.01184385682908093,-30.588620460050524,91.13850766778441
-34.04445910998076,92.20749557556508,0.012549804219319876,-34.07241080471359,92.20772617026705
-31.866508511153466,90.27297200924359,0.016630770898449117,-31.788810474808074,90.14935520697199
-32.407601675911835,90.54267700863342,0.010214018009156247,-32.33096326882324,90.50985947585728
-31.5779878261164,93.6453369289893,0.013663365095810466,-31.51753689117424,93.51029810837193
-33.15400751450261,90.2246978182875,0.013456446123342305,-33.20971298280762,90.05009285525655
-31.27691580467896,94.06903122948401,0.011860398375738134,-31.215186400740006,93.97990083006424
-33.64587475682239,91.44090898166073,0.013049895412192475,-33.56316605656987,91.42177044698039
-32.18067013091933,94.79697394891558,0.016405341116333544,-32.13314791496511,94.63558544634908
-32.45052345708268,91.19779389189723,0.014899786459115036,-32.3609272174308,91.07222762691347
-32.427768981967866,93.40378473183074,0.01581134658971214,-32.351745792168586,93.36447455850049
-31.317324986244103,92.70239683573472,0.010632038421044479,-31.262383647817792,92.63848927902148
-30.57102139939122,92.00995598929087,0.012001687421567967,-30.593371790992244,91.87676589337276
-30.36816443536045,92.25791185107497,0.015445918230365407,-30.307335312870112,92.02609344034174
-34.33677249665709,91.58548739294518,0.012702536764852222,-34.33108923651121,91.58463397780552
-32.7303855945328,92.84941933693379,0.015137883358288574,-32.671760465895346,92.79753040923052
-31.8140480565214,93.7660219516949,0.005631416691609029,-31.70078079931715,93.61575945763254
-31.52507563065027,92.24188818939548,0.00562002265770584,-31.57411765367785,92.20196526065406
-33.91995222164383,91.08613560327403,0.008247638027785451,-33.945814769402155,91.04535736405937
-32.84396297219358,91.75897747698068,0.009989763908798233,-32.85813006233593,91.71737898836813
-34.37247857165836,90.13399722933225,0.013342335138483407,-34.2544761698867,90.19333671273235
-30.820201937713904,91.27562660373239,0.01656883232145749,-30.708584717564708,90.94227804401187
-34.084146185105205,92.40893769037962,0.008864014125168447,-34.06368804325902,92.3704633269697
-32.28969694562394,93.45581967585485,0.012923467661902598,-32.23684386074491,93.33619686505318
-33.801882464569225,92.4084202712675,0.012519178420032907,-33.671498480219704,92.39935888087301
-34.31597557785431,91.9397174394001,0.01610656573769114,-34.21463468278027,91.90513901432303
-32.34023161268436,92.74604194600862,0.01257932444976194,-32.30224846399355,92.64447420306739
-33.66930285712059,91.01725209665909,0.010371171817459359,-33.66311417862514,91.00587006778436
-31.82022801671771,91.76933096968855,0.014968463171904376,-31.67732370854898,91.70794851992032
-33.68145847644059,94.9834307099635,0.010005929040169531,-33.678840680012236,95.00434020653847
-34.35537627118816,94.77822872178223,0.008520670338591618,-34.32102901922932,94.80587208370581
-34.086728537366184,90.35332788096625,0.013796917370078859,-34.072132156758286,90.28698986947578
-32.658603862419454,92.83092826751427,0.008690517667974166,-32.63132178796724,92.70556931903222
-30.867004506419455,94.25517382053933,0.013386863783118038,-30.792135656759324,94.13787963000111
-33.04496707900919,91.55397171935786,0.010898400574719575,-32.975767819946014,91.50158522467022
-34.12450041034726,94.86881078326589,0.01453430687272323,-34.066320652981105,94.78152137251932
-33.93125438107113,93.5213854247477,0.014757345169165947,-33.87854262539599,93.5435015983701
-31.657731577929102,94.01242223978987,0.009921760349800827,-31.50520224432027,93.82644834361112
-31.94856596611885,93.73588474388124,0.005,-31.96184423624571,93.65700025643345
-34.911315516935005,92.41369790706845,0.012590835706309096,-34.82441503778502,92.31140746513539
-31.70080887353066,93.17643263981746,0.008603570245472635,-31.592434431930563,93.1177388057846
-31.838140202294962,90.24743066854417,0.011300525868349166,-31.862226155202563,90.1945654014095
-34.81626885423475,93.28627428250002,0.005,-34.82475330794527,93.21462688757742
-32.277928660253096,91.76428025718184,0.00969986553530083,-32.216061364332,91.70118830859307
-33.40299671144734,91.20453701726352,0.010560643004899384,-33.440925074837935,91.14267068784689
-34.63488636583252,93.18067272424895,0.012757644012577125,-34.622537620591054,93.12967738371587
-30.29363012787804,93.50571309566593,0.007295685631237644,-30.269431156125584,93.44083672189339
-34.99046593452253,92.34562035073789,0.00904783566978181,-34.9718442071291,92.3671118655491
-30.774819490020036,92.49866365581795,0.012209283573390652,-30.781159368224444,92.3533559333906
-34.95139506673303,90.0279092653005,0.006829064518992072,-34.83039329711884,90.02586883413228
-30.391161966560993,94.34579188834905,0.007368291421494525,-30.288206177787803,94.23106184622728
-30.630642946041522,94.91798572373753,0.01205508803080108,-30.513855475802885,94.74006314021918
-30.071293026658807,91.66122342354144,0.016099858545978563,-30.034000436409062,91.36515463847554
-33.521663037827295,94.9139708643819,0.011874237545290843,-33.42106084294666,94.91746853081762
-33.10551887844183,92.6487761203121,0.0101524749181803,-33.05256911996153,92.57068292406318
-32.3332539474586,93.11312218614385,0.008845451801919521,-32.27848557976415,93.08705737710163
-30.035004698996218,94.8532151690745,0.013811847221238094,-29.95594458111454,94.7179883643209
-30.279994001727363,93.54449763708381,0.01453652445599134,-30.253104374158656,93.42526582141197
-33.340476298390435,90.83437750020948,0.02,-33.30269090620458,90.71193284836134
-33.765212005493396,90.82058753241304,0.01542404432819849,-33.734460285985705,90.82351780506123
-32.484591625534385,91.75824139412319,0.013261857437529154,-32.42341989554606,91.64197637504878
-31.0435020693021,91.09996224031792,0.008386885649327205,-31.002030880797964,90.9685622291556
-33.27455314673248,94.61960422966662,0.011758410721193439,-33.163440413093156,94.57160088208391
-32.83956769205793,94.93501198214244,0.013808312463153626,-32.78794646958529,94.8479517494128
-32.13624043364592,94.36219258122802,0.008367093503431455,-32.066611725799284,94.22719332155286
-33.887948820045665,90.94761433844101,0.010910947768794312,-33.80255901829352,90.88301021710127
-31.281310254253416,92.61762610971807,0.014779299687173427,-31.240195945073413,92.46966620790063
-30.712348374453892,91.27148723834416,0.009006018876384303,-30.773116816603242,91.19825905969232
-34.740985304051065,94.90872249767165,0.008917427815929472,-34.59333642643144,94.90489858955819
-32.99760908314232,94.8641762855639,0.014441718603499895,-32.91631799672203,94.75444160047033
-32.44524733768264,91.3689159279587,0.018584113478412274,-32.47248501376018,91.23012745242971
-33.10981855579395,91.17675285407884,0.012288544248924331,-33.108709164071904,91.13595022868398
-31.16649076875879,91.4255502315254,0.013628553244452054,-31.04586124324219,91.27368953151388
-31.049557744678427,92.59488664958856,0.01984565591431122,-30.92456675463369,92.24748410045063
-31.239709064836305,93.3869548896325,0.009049786479125334,-31.20675683996957,93.27677746231004
-33.926655758706055,91.97971838774146,0.01245412650278458,-33.91490161175402,91.91435835571414
-31.830652925221543,94.6227930658388,0.013109067597491907,-31.716596084806092,94.43535416046515
-34.68093563665897,93.47171855271914,0.006121122336908694,-34.681731631380906,93.51405550273408
-34.414838992554515,93.68584248973652,0.013909771539824653,-34.356461733334555,93.62965040800256
-33.58450615269377,92.59232714580425,0.013955772114608517,-33.477889873190854,92.56032572684272
-34.497914241973575,93.04440838369558,0.011238983968883329,-34.578057385588906,93.11713398735863
-33.86756155393561,93.56405561718398,0.01446408894155974,-33.87497694038229,93.58290012187032
-33.762233399565126,93.12760737557312,0.011268508318980634,-33.803788770468216,93.12581126614576
-31.607761520001603,94.22618272438704,0.015819507847746335,-31.531766957364077,94.05002086409294
-32.338742309103665,91.08309709898828,0.01158683947529969,-32.354493575878585,90.87858909315796
-31.086497788995082,90.81819710441322,0.01144175671404987,-31.04266325616281,90.77470320041611
-34.353816370478874,90.3853082666413,0.010555241241526769,-34.2374344020731,90.40083617746981
-31.052795058414336,92.0501623785206,0.01622194372867077,-30.99318251201445,91.84770752930814
-32.9339704319097,92.11869037594218,0.013621960421650722,-32.82029132758945,92.05853213484411
-33.07325750405295,91.1002205341558,0.019991651821339072,-33.02644125143577,90.92752610347186
-33.344213687323276,92.0233455848975,0.012124659107163248,-33.23252443108667,91.93304515364376
-34.10972550777195,94.56799392850456,0.012497407509637582,-34.101061573678415,94.47003114727345
-31.517458453729233,90.31761297770049,0.013002400057485729,-31.544157728723572,90.09965002034264
-30.11044673778978,90.39999183927887,0.005,-30.15932414177801,90.27894402643025
-34.953330025897635,90.1885994780202,0.014126320185854153,-34.90570545076518,90.16131995183885
-32.89636044995597,94.02791943604728,0.012218044837037522,-32.823225514416094,93.96858153324723
-33.8871188058917,90.94802108747658,0.009074652200139708,-33.81807891521706,90.95008710805625
-33.832416331331586,92.50340318104733,0.01049084686715391,-33.75009621437038,92.45481587440372
-33.702453222852704,90.32033407476835,0.009811796662519091,-33.65937650013437,90.30825941063158
-32.43955809000777,90.75764063643201,0.010611527778993194,-32.474617000008614,90.72689130523858
-34.01750253683805,93.60528741616034,0.01253769075261478,-33.91753083380371,93.57514638009357
-32.827268240345795,92.23944458717094,0.008323251609639105,-32.82685025530355,92.208100265312
-30.639681506652366,90.10511689435951,0.015076532916797605,-30.690703790429517,89.86416007364312
-31.889583433033717,94.97922307558545,0.01023793250868936,-31.81115684858848,94.9514862917954
-32.03630909981092,94.32504386108484,0.012719043403514246,-31.99962108680249,94.23004535399214
-31.760807279725906,90.31365759159125,0.015378471737635714,-31.81090039870756,90.17086045690102
-30.55022030651338,94.94093579878242,0.013615503933043775,-30.397000084893037,94.78871386902848
-34.30288686454744,92.39051369310835,0.010688304759856245,-34.289921511925144,92.37465184600737
-31.641211501144234,91.06378903864234,0.010212544195811519,-31.687969446978464,90.96714448400755
-31.803304288452466,91.85517439258088,0.012779908651488397,-31.75220669242776,91.6302552350057
-33.589011608669246,90.6087312366552,0.007809174673772582,-33.57292472028063,90.62656225584364
-34.827466143439125,94.59644745609684,0.01232926236680557,-34.85009222254914,94.6442844535984
-34.9182406944489,91.71754386668799,0.010640652476528983,-34.9160743909113,91.70178244688768
-34.69759981189026,94.16700042762548,0.00592686348138838,-34.676428172830484,94.10531204790684
-34.13405371593379,94.62082909491906,0.009425771408345619,-34.076992608591596,94.42918559043254
-34.089228284130314,94.74784753486932,0.007961018511438503,-33.97339192483274,94.75480599892347
-31.16748541369951,91.00545457874594,0.005,-31.135977148052547,90.90794265219186
-33.296998347029735,91.31196263833723,0.014569925700279908,-33.287762486012,91.19457583119548
-31.31214778207339,91.31319755897408,0.013779615597605006,-31.16671016173295,91.15325271609126
-30.585465183246047,92.62514579150007,0.009875958527938043,-30.489453166723617,92.47695968044509
-31.483874246755665,91.65827104687625,0.008122306472946535,-31.502493035114735,91.58482697481064
-32.749545811637844,91.19415367602974,0.012132767668380595,-32.647244367538434,91.2189743976746
-31.474454982876104,93.30337910871684,0.01534055769959386,-31.368670827907113,93.21982071372155
-33.818212514735464,92.80051424528799,0.014533530480744159,-33.81450093662523,92.72372558354171
-31.917340297224314,93.89164639745506,0.008520754041788082,-31.84687339271674,93.7003911358282
-34.70488172585337,94.88689493708269,0.008433903088374672,-34.659270592532444,94.87936172172307
-33.317702833042844,94.50272022902193,0.012640741957031737,-33.2512021099359,94.41970622089008
-30.785006895524962,93.49980389472378,0.012161138253187702,-30.666821290038207,93.32178805569099
-30.21705229304456,94.45491099883233,0.012469327931965833,-30.185512843350235,94.21986303436562
-31.081406542318746,94.92622065948638,0.009370148118608111,-31.02741637029496,94.78571346330301
-31.6232186454509,93.24618847471126,0.010256657473231411,-31.58349007330913,93.1534955214633
-30.300785586968686,90.69330619572197,0.009666224820665346,-30.16729799308913,90.61661536226212
-31.054540419234698,93.3260696748446,0.01298067528196938,-30.880949506263683,93.16956709291098
-30.55822335934584,91.47704284244894,0.011074156473369184,-30.533315927303722,91.26463659996931
-30.061696757174825,93.34595051518703,0.008354267991640405,-30.030141334737117,93.1631961805776
-33.858859028844854,91.14250784300575,0.010812976797133163,-33.79158103041499,91.12385756570139
-32.525980047613494,93.37287361324911,0.00787649849105532,-32.5477029572438,93.35108813556793
-32.587962671922334,93.64686679995977,0.01759978040033991,-32.52822870966247,93.52147103379266
-33.79123716972809,94.82145626652152,0.014521542467334793,-33.673646112051,94.80862348079395
-30.378324825570626,92.91981064656161,0.008499859748707646,-30.349074584731664,92.79269246077718
-31.144833445304208,93.48676888365404,0.01060368068972243,-31.09053922879786,93.31650168493034
-34.12175707448071,93.27270122326614,0.011269067539758147,-34.05731989904855,93.2076687912273
-32.96308539420748,94.69926047194186,0.0057617456791476795,-32.814508937599236,94.6908218661676
-30.875109098948066,93.06076679023607,0.01424296277710244,-30.826711739945026,92.93117921359568
-34.571086454380584,90.18040182775708,0.013004531074899527,-34.540529048405425,90.17633839991836
-31.252058519021556,92.31738776397378,0.013439635155841349,-31.162646222133386,92.13333275122498
-33.871996338820416,94.81876876449304,0.00850472674449641,-33.83498455267168,94.75650683476285
-32.867609840254055,90.63877601518166,0.014622892257448877,-32.76718752551918,90.50466357443437
-30.027292592281217,93.26771267818944,0.01577557951263296,-29.966688372976776,93.05495101674943
-30.271678012904093,93.35349208801942,0.008770068412366359,-30.272154421707814,93.24885727300561
-33.853407583457155,90.49548057305795,0.014981774181630707,-33.76839714084764,90.44322873806165
-31.316219802979305,90.38251084384788,0.013873875651630379,-31.289128221148797,90.18538838836538
-32.31810090979255,94.17041229320355,0.012510819013360153,-32.14505908726038,94.21012748977157
-30.525732584874948,92.95681077527054,0.015609161003994234,-30.417976832185534,92.77696708860373
-31.253377165840764,92.63318975866015,0.015554529761017816,-31.11243039589477,92.40926085865945
-30.123781949206787,94.71217738973233,0.012854445737629663,-29.98667981110221,94.53971521185196
-33.741444926136296,92.58248667647138,0.01458609975554056,-33.65943385614409,92.56470305148797
-30.15872221982903,93.12195472545488,0.013440279747247211,-30.12592057692103,92.90708667396913
-33.26141220723914,92.8399619303213,0.008840435717695936,-33.24381886965322,92.89974836282124
-31.696478467046504,94.91150207858652,0.013670909721315877,-31.55691301881448,94.77597469160251
-34.17077212361159,94.11531969249387,0.014858297939974608,-34.02163219276051,94.08718769395607
-31.030404703217865,91.97009572225755,0.015698157095872182,-30.993268611734077,91.72105008747569
-34.36306746319985,92.01773474729309,0.015373716198242205,-34.356852219616314,91.9992823129277
-34.67947453165329,91.62959436073439,0.005268734160924087,-34.65573033524968,91.43884767693226
-30.179050698822483,93.0549634429662,0.007637916244805639,-30.145238274548102,92.95212383619716
-34.945879281756234,94.69665518473491,0.01136240222704587,-34.88033105948996,94.7881818695472
-33.113019372978535,93.77505757111662,0.013629088886448135,-33.06921764180911,93.70897266428337
-33.42929279503062,91.43229610642136,0.014398925982526106,-33.4385080154606,91.324377113584
-33.12329717479269,93.85794366468963,0.008006122602269638,-33.063497681653146,93.79983023196466
-34.84942488451126,93.06955687384246,0.014913871581510205,-34.766688917846345,93.1061974043373
-31.217155851160975,93.91737036045731,0.016309792061812593,-31.086620446188938,93.67323420555579
-31.79438708922146,93.54440031775725,0.011003863063152096,-31.748123226682253,93.48832101504532
-30.458937073777015,94.71485503829471,0.01109896132816094,-30.30856740427939,94.57924435892917
-30.471812122212384,90.78895209703214,0.008753502649693734,-30.419132793368433,90.65255285957842
-31.908596142297277,94.05622310653123,0.015708274563441697,-31.893806875704996,93.81374568711296
-31.43715968116229,90.7212315188794,0.01154599377187724,-31.358652566692484,90.55199627536285
-34.0244081504208,90.30545819891584,0.01579795519755596,-33.96876621163846,90.33151178265766
-31.00119296210615,91.68863418314777,0.012477994832632669,-30.914748922300767,91.56654209008214
-34.24620413169883,92.82774932707488,0.013475822801690806,-34.154361516411996,92.84349662975013
-31.29477232459694,92.06207729320964,0.01994804315875475,-31.220375083738265,91.80989193445791
-32.39111896059424,91.72391628642403,0.012779178563202237,-32.393860125430045,91.66004070102186
-32.954033702241176,91.59148164933877,0.012048669080645938,-32.95978133127849,91.51215800450717
-34.22614440044933,94.14409382583865,0.014004951332905871,-34.12505995356126,94.15370008393481
-32.96987922766291,94.18285775176541,0.013253300738146572,-32.902810868254534,94.11517012100661
-32.951075125707995,90.344227424773,0.007363667491461915,-33.07327125623318,90.35304484345487
-34.913805114307536,93.12154386513488,0.011689603467760885,-34.92650184401544,93.24729445317536
-31.186875181291477,90.26011288916334,0.010424309319233277,-31.18527605667674,90.16867202080134
-30.26206905085647,91.9927547747007,0.00982743768993562,-30.1750379530705,91.7936033006847
-30.91420918244424,94.70940896436585,0.011661938925593416,-30.85379697167284,94.58783221216908
-32.10002936588227,92.25473949185073,0.01328956661034659,-32.070875815965465,92.12780000950816
-30.938486048360616,93.53263292721394,0.014773252713191368,-30.768260244863818,93.37944655692998
-33.49893719851587,91.79338528326885,0.009626951081944118,-33.542754643865166,91.8005848520999
-30.005424413866542,92.91035636074352,0.014314781564163282,-29.92577348178296,92.77144945988314
-31.224649932501254,91.22196887315354,0.014682250239985123,-31.20423407126807,91.04756734249055
-34.1875067744536,92.07565790505122,0.01157154942229485,-34.123409972523426,92.08254243493059
-30.697030019688583,94.6193328057427,0.01230915456929542,-30.6375801963207,94.48405916447733
-34.15656510776187,91.8235057667044,0.012869683424495883,-34.07478170084047,91.7374468879716
-31.978333301384616,94.50186852005051,0.01410619211052059,-31.94349111442585,94.37309807897977
-34.678956192266085,91.90236551175647,0.009696027607450624,-34.68398763809409,91.96872779154708
-33.714151490217375,90.53475093750959,0.01505114374047776,-33.6595611640629,90.46756375354178
-31.832499127351173,94.80376335419705,0.02,-31.70462079590171,94.61781177756922
-31.743082928187103,91.8551635411463,0.009770322179543121,-31.722036163294316,91.76903603692692
-30.32580732827708,94.06581612960143,0.015218224620234077,-30.210556651649547,93.88764176026116
-34.42297643190881,94.46512084184809,0.008146155817611432,-34.355497668634094,94.46475261247485
-34.734545922970185,90.0336906041712,0.009369087725866584,-34.6711815689521,90.03159308283047
-33.32377960629314,94.858196966408,0.012007213583940128,-33.29585256544694,94.74593519441427
-32.34454306121374,92.96172425043159,0.015749149429950683,-32.240822118248865,92.79475290980174
-30.536217043073652,92.25699073738217,0.007769775262440833,-30.429724300636007,92.1542084045041
-30.53652367241256,91.01432313550316,0.005,-30.52804766222926,91.02054362636152
-31.02701199549994,93.38348063476808,0.009386861679344924,-30.942590315165724,93.24431705465372
-34.604335851903926,90.41926273003688,0.013680614465237563,-34.574389976562706,90.41412326893247
-30.870081273751524,90.67693565385193,0.009120537943729641,-30.766870349435557,90.49124664775113
-32.19493661214405,93.74130399163766,0.016833696301455682,-32.09159599995515,93.57303417802093
-33.61098268697329,92.63502089175755,0.006917474730045998,-33.54951262367883,92.63223135124552
-33.32277755549172,91.53190976976806,0.012440113743192259,-33.3090491294479,91.47551189390126
-34.091168987610835,94.0857895498685,0.008974004203986335,-34.03921063003032,94.14600451937014
-31.794008367288072,93.73980799614189,0.01004031179828608,-31.617730014561218,93.74735463283017
-32.69119800107017,91.73995380567602,0.00859706222910132,-32.66988016863776,91.712557173005
-32.33531979075422,91.80905293140843,0.01164616010526614,-32.32445838824759,91.68466357455965
-33.54048555957948,91.37933139446218,0.012729603783331886,-33.49387186145219,91.33356192453017
-33.064467598766136,93.94416989535922,0.006522538756443654,-33.09803167365964,93.87974746764965
-32.53461557889691,91.284651560986,0.01045053457588195,-32.548726695849375,91.17759032498641
-33.8822316412895,91.49503402113345,0.009878789625119799,-33.78943771940968,91.39271935775638
-32.14744910864005,94.75315034258729,0.012999177592787623,-32.06616507065508,94.61255245917248
-33.75269464794851,90.72641942717962,0.010184069627600758,-33.71860520359499,90.65743078599962
-30.968174223747383,92.55956529697639,0.012876322507233662,-30.989498790832837,92.44552967154613
-30.728423247326617,91.70474613188891,0.010659928423591005,-30.718783204768627,91.59068033102169
-30.96933265782651,92.5336672895316,0.005352378526005261,-30.988923994272604,92.54503586695813
-32.47596852310848,94.45809544564015,0.016842536258577703,-32.3868750541502,94.25487353983243
-34.80456553522414,92.22640358273729,0.011861921090448507,-34.7627232176178,92.25635903325072
-31.631258766644056,90.39117510193088,0.011806926619423485,-31.6608452725191,90.24104794282547
-32.44626117158025,92.13797757302557,0.014389818178746159,-32.327653807457835,92.04166393285581
-32.479837461479775,93.84777686690504,0.013296212815628988,-32.42524592922643,93.74975167261849
-34.13836317802432,90.79086333777451,0.016210258406099663,-34.16562702886323,90.78978444564763
-32.07274971273092,93.50131858267206,0.012284262808720426,-31.975409655048594,93.41317694813493
-34.259055825499104,91.95038924795338,0.012868022332503046,-34.25874457375464,91.93239592259798
-34.50824291436881,92.81758914436091,0.011722159668838205,-34.55293054104452,92.85210480088429
-31.8262780603142,94.53735589355531,0.010531585736526877,-31.702150258849866,94.45748467651734
-32.43513683536116,94.32395852227914,0.012513939364717591,-32.39665086069823,94.21573850749287
-30.778962170849727,91.0792765659154,0.013285113070869834,-30.704639540397974,90.81214355728862
-31.922742841013307,94.24159680014623,0.010954170758794096,-31.850362230598638,94.18544261067144
-34.416938675426394,91.20765883251174,0.009446019283134887,-34.46374754601546,91.24380678396147
-31.638901077300606,90.90640885989086,0.013789018588596411,-31.68448591413394,90.76118703925366
-32.35293523870189,94.85561445337244,0.012159859153482321,-32.291067334133174,94.81483558651509
-33.41165460573279,91.52954471051915,0.012517033280558254,-33.420996405086335,91.47949025466754
-32.768339710712105,91.87923689320381,0.01138180837623859,-32.71660262100246,91.80991439032674
-34.13993804932672,90.52521826249296,0.012008444973194107,-34.08941520651396,90.36945361232027
-33.659741474891945,93.7223963349061,0.00916349135420866,-33.605534464513816,93.64002432428389
-33.18597634780217,94.63949631313672,0.015817882717019005,-33.18728021426171,94.60298912787086
-34.69704135059432,94.32377806608463,0.01281963459222183,-34.60884606903023,94.35194460575237
-30.72000435117035,90.67992123793543,0.012301977000905804,-30.683670916753307,90.5757094361011
-30.378556571568296,90.43760724157967,0.016922457246615917,-30.31306408267085,90.18790998926471
-34.67875860016072,93.68209736801192,0.006701529004278949,-34.61847143528185,93.68284662543212
-32.7722183939581,90.24339708385651,0.012969856683251756,-32.72636771627533,90.2147427379568
-33.55885094902261,93.31199767061986,0.015610955627629687,-33.50515098650934,93.24651452886862
-32.14522649699362,92.26900178373178,0.012888649817245258,-32.09700212934043,92.27167479719395
-31.14352449626383,93.82099830576837,0.015885332958221015,-30.993034509702984,93.59484828660163
-32.31892950833131,92.38707265681259,0.013484946863494052,-32.2940798399535,92.21984164093944
-32.709486425839486,90.84730441223424,0.011765390517914191,-32.70619871937421,90.74086502244903
-32.431016573123145,94.21993519129373,0.008763706839556438,-32.34540173930126,94.24306302891313
-32.14128469493759,94.38737006035768,0.008370466237533486,-32.08688862575867,94.3745193914261
-34.370968565678645,90.411659280075,0.008666976876238111,-34.36994762644451,90.43965096938422
-30.94739334562828,93.42811438619613,0.014310048418428239,-30.833258615988072,93.18093260190915
-30.246540782280277,93.73649180359497,0.01154325033504611,-30.208396449727598,93.65408821353516
-34.85657365073172,91.92874785881287,0.014673898557665694,-34.78012203447685,91.99804358778218
-32.449228004412205,94.32265514553711,0.011730823889740671,-32.38854296514862,94.20975712649786
-32.830872613581036,94.90320993993261,0.011668071559491431,-32.7394291205823,94.91107018337483
-33.98366945853842,90.590191322016,0.0075005024354681885,-34.008919926990266,90.6443121442068
-33.918809909144606,90.56514377036629,0.012948355395869148,-33.88131212093833,90.50307114955618
-31.22759361159252,90.9638228434264,0.005187940992553719,-31.191652390644947,90.98715586819384
-34.38826612148653,92.86973807358021,0.012792757801595975,-34.4234853795999,92.87184104693931
-30.546925201053586,93.89415285452475,0.007379868684491517,-30.46467522649316,93.83640868318943
-34.2033037949098,91.19104500853831,0.011544047451485238,-34.10964913583788,91.22513905527931
-30.04366205412488,91.43369042282265,0.01453486181537709,-29.992061895612604,91.22902567001427
-33.83600991487786,90.57155721161273,0.012558743996298818,-33.73880786456348,90.51345013281038
-31.50223806897627,91.22180729637068,0.015830710738262786,-31.454826091768656,91.07465731899444
-34.21862723473136,91.66090934005773,0.015063829775614969,-34.210804446465126,91.68959255385754
-31.958442485930018,92.40612036231074,0.011675784184748295,-31.922044673163096,92.35203789865017
-34.0367710048496,90.82598311694862,0.01285135995677804,-34.0646870935306,90.79729556744402
-34.47720894691516,93.52452114551545,0.0120977374017974,-34.45383295824971,93.50176310461487
-32.06805837425213,92.23574751404253,0.016378303119004817,-32.08920706552187,92.1119771947059
-32.80283303124063,93.2130332963317,0.010278708666900492,-32.71806384007394,93.12709010373071
-31.061212293398583,93.69059766374785,0.013468581532479436,-30.966243661656378,93.49373331128064
-33.43923537449175,93.33986014957823,0.0135323886798265,-33.382449292339146,93.27458912211854
-32.18530557340029,90.77359434652092,0.011051932816945154,-32.073258786677044,90.65795497757429
-31.903301447805465,94.84887820717093,0.010176206425864691,-31.833429519000543,94.80985883033937
-32.10493673042727,92.74387356418795,0.01309151637623222,-31.9463016387364,92.6958733738305
-34.445794940471835,92.25315931799103,0.00969151109130732,-34.486919701076125,92.25776544970321
-34.428969875442775,92.5113455825697,0.013384249973335628,-34.343208858007046,92.44805053443453
-34.131038553244196,94.67176320261751,0.013922927484981482,-34.06540138825258,94.75852799977255
-31.988189440379344,93.63558032234059,0.013972509140354278,-31.94337279261806,93.45601092711885
-34.001748238780685,90.55491567405633,0.013273904320823721,-33.94918437831307,90.52781974338012
-30.118329030425727,90.58694070272985,0.016460792002760544,-30.054862589138732,90.34406271698596
-30.807003804702763,91.80069191122224,0.010859412238004098,-30.774307528118285,91.65036545058315
-30.116604425996705,94.20414033160012,0.015233601869607712,-30.06236447306353,94.0078960892083
-34.78162649857803,94.7641601979747,0.006968057075386162,-34.74335309398079,94.76258167230141
-31.778453755606378,93.89664996416286,0.013760458588770003,-31.657887628760523,93.70734674106704
-32.926561370170724,94.71732816928755,0.013644940320223498,-32.878527992187486,94.66561988067264
-34.65427824941281,93.7392875821223,0.005,-34.62818440247192,93.69563573273702
-33.63836539174279,91.71841852280998,0.012087084865524313,-33.629731976779496,91.73567511365349
-30.70918235005175,93.99690469729752,0.011188079445015556,-30.65684527592416,93.9011348654572
-34.746066192253764,90.94063203878122,0.011188470777147713,-34.71281612778016,90.99343925881985
-30.151543656029183,91.60158020175305,0.012076149233654703,-30.110898874288548,91.38866741665036
-34.97055368929663,90.57158480030415,0.00961703902869323,-34.866373760324755,90.54941095230762
-32.53811928561372,91.82265782613672,0.011024690247097414,-32.42957906102859,91.78957409006958
-32.35424401919412,90.14645959096484,0.013187241772131653,-32.37445193927368,90.07812728251334
-30.525601135271753,90.04732458621899,0.01454170007328813,-30.53983566640051,89.78035734352842
-30.06850531442795,92.75231922169604,0.014716204843229205,-29.916335802712073,92.58495678040775
-31.29885118287438,93.43192915612717,0.013512751575289271,-31.103277540237386,93.31386150075583
-33.49876733465967,90.30755651453404,0.010557976885223327,-33.545537265833616,90.25416155765312
-33.732229698586295,90.29017280930363,0.010954537395070506,-33.76025655174477,90.20311911219564
-32.944508871611944,93.62603109916195,0.01283565998713879,-32.89870858071314,93.49306238687717
-32.25440193186355,92.95775700028804,0.017262952980666574,-32.168208154445246,92.81855504003212
-34.827418450884956,91.44006957968129,0.012893489420526864,-34.699346014255724,91.52570490153225
-31.96469612949017,93.37178117510403,0.009480858568437254,-31.958007802629833,93.31293039465197
-34.83525820991812,94.0640313932971,0.01158010676604206,-34.76403817442154,94.06886858608674
-31.704089034116322,91.03606089630291,0.010105383191089253,-31.668412627581247,90.84953209041251
-34.70883480938541,94.48435940524345,0.013285519297615516,-34.66748275383658,94.41071508863833
-32.97148302451804,90.23334793132187,0.00969051805225769,-32.977131546714276,90.21422238537849
-34.878258573092005,94.70839159991289,0.00781810009617354,-34.75053555396112,94.79430097632051
-30.347748862001325,92.77636453358016,0.011177494446150057,-30.196919866183578,92.64353745088998
-33.03243435420747,94.95443021785847,0.006398890167258215,-32.981885415881905,94.86742386703952
-32.592867552136696,94.90536006444628,0.009998554836024588,-32.44989664319954,94.87478195678929
-32.66356748192148,91.37415689501253,0.007171671046996859,-32.66094736795855,91.39004048945107
-33.3682400261856,91.19470097943183,0.01261526645560658,-33.39591484600298,91.13454078972333
-31.65655267316359,91.66225542655852,0.012075031773822268,-31.550084778679324,91.49517670841207
-30.352783093568053,91.47593085927126,0.009275760326239045,-30.312121305821513,91.33418034996917
-33.37726492763577,91.327574556778,0.016001264309324654,-33.31518847640274,91.20357399510357
-31.262799111963904,90.6399501582956,0.007384271580865739,-31.19965748504682,90.572674403512
-33.38971061317983,93.24711363297013,0.010606557680290495,-33.31530027879073,93.08393833202378
-30.318629495197257,94.81863110601758,0.012433977936445014,-30.171882669184228,94.64809975023606
-32.752143826391475,91.19391750793241,0.010520039792884081,-32.68941311279912,91.11625256154223
-31.312470897546557,93.17331461369982,0.01043581341660118,-31.26163933712949,92.95326569566606
-32.37723664655708,93.56513540916961,0.015397514377601411,-32.189077062029796,93.42650345821214
-30.166586112605295,90.83365988314542,0.014546617592519557,-30.115450461990438,90.65233879427146
-30.276750208082504,93.00515631754588,0.011600593112869309,-30.212680151143836,92.85757399503447
-32.297591211921244,94.8138752146667,0.009191515793871945,-32.21841761649304,94.71399337454179
-33.26093196869004,92.60250076338153,0.010832444254172319,-33.26815459255807,92.55775316831694
-33.07491214353233,93.61270899409718,0.01356673654867325,-32.998453655795025,93.53638632505776
-30.125796652159966,92.40832485177617,0.01020048011436629,-30.13711966475001,92.25446057695548
-33.372139914187954,91.11346211096115,0.019099099789198822,-33.39769789726469,91.07545947502308
-30.245387530822118,94.32547966400567,0.010883433471735092,-30.122209817749596,94.26432652138911
-33.92278492641197,93.29241399362095,0.016105380412674918,-33.914835747296976,93.25677834063069
-30.984097718821673,90.32945435106375,0.011418558289166306,-30.965040309968426,90.106929420028
-32.02836313897265,92.98520418026239,0.010293581867195232,-32.00322636336396,92.88445856366239
-32.65093008340512,90.22797473368468,0.01362943902612784,-32.634259585124894,90.1783046077833
-33.4911268580276,90.0382806222642,0.010905877743489039,-33.465395029784446,89.9940629243171
-31.844639301001447,94.79519861578241,0.010860605524481825,-31.847432572863443,94.59680110048247
-30.464254014033358,94.5143464178026,0.011993905848035937,-30.47894722615353,94.3324986081516
-32.39091549474114,92.00473626783045,0.009426242227156255,-32.37083392460499,91.87409934213836
-31.294896655451044,93.58094664757726,0.01740919129634292,-31.12364130442803,93.42781482850883
-33.293542170620974,90.02822342478535,0.0072735644937763156,-33.25898494836004,89.98418465380028
-33.58914596250226,91.61369657691512,0.01227671012078201,-33.534316467880174,91.6283547211824
-31.667318395388563,90.14394429214714,0.010599850414491793,-31.613007262278106,89.94878386111068
-30.005409687130104,90.86336920856274,0.009944971805935782,-30.092863230012693,90.70549443147317
-34.49887097222312,94.3648632462036,0.013365490346334264,-34.426793529648386,94.35255855247478
-31.312271277746866,93.10369088312277,0.012920437516818997,-31.20639907955498,92.94259837819253
-33.1960530299206,92.38341925538933,0.012139801777598576,-33.094350755016215,92.27234671866532
-30.56582794879997,90.62860810679963,0.008105829633317812,-30.560979336348137,90.48628276613348
-31.16948269934044,91.48012331993752,0.012750447095383245,-31.138259056173496,91.317598005356
-30.284916269212665,91.57760522124443,0.011292988043679906,-30.218151100071676,91.4374691752707
-30.236801819475282,90.65927122521074,0.014566989727618627,-30.214551545016203,90.4467227209486
-34.10013425100024,94.35263613766644,0.01030165647656776,-34.0448759914906,94.34132397091393
-34.12025230238572,92.33536698477751,0.012520089823526936,-34.077786295416345,92.24360192515516
-30.541323291590842,93.96590114047409,0.01656779010602121,-30.44051803376669,93.63682673286796
-30.473427452239825,91.78468437070423,0.01104916024675701,-30.384146883266183,91.55004346597406
-31.449421722498933,93.25795288703672,0.01488978059875252,-31.364730414181814,93.05283024519801
-30.484552068833807,90.13688927721635,0.010801071627687932,-30.388551872878054,89.98086257320597
-32.96690147641065,92.63002486689051,0.012167397533079343,-32.92982349832133,92.5978214466999
-33.24227277668366,91.16650222244954,0.008642571573517745,-33.24366517341667,91.17612526033007
-33.716701689452094,93.94746121569716,0.013622700888176766,-33.67842111458576,93.83257085967988
-30.04599220251448,92.49963649424694,0.010158426150030543,-29.9721845861189,92.3606707833379
-32.21119794982683,92.11434837667538,0.00895646654518072,-32.16581126184107,92.0947697201685
-32.57289533955196,94.67505910223841,0.011658939491084945,-32.527133775582286,94.53324879221466
-32.91283848045477,94.603173304322,0.014237806205149396,-32.89234879155789,94.49714773059566
-32.18136974983428,91.22871008612437,0.01436374967918339,-32.195274644577275,91.12645494830794
-30.255004110217893,90.79315619113835,0.014871895929761902,-30.17818009524413,90.55373239341661
-31.990577225883353,94.40937138606346,0.01548536099688861,-31.915998680226163,94.26858986646873
-33.7553561233793,92.47645226758111,0.005200712793297455,-33.722664562897634,92.45601948182365
-31.528225761466867,92.13966152428152,0.010251648277781765,-31.499790385473837,92.00683746517309
-32.47545978521354,93.43624923212563,0.007902120391847883,-32.39624964233707,93.35498997918371
-33.1518874932374,92.71262198555866,0.019355753314298854,-33.05684073021645,92.75972604352445
-33.918806927081256,90.57996527385572,0.0089662844360095,-33.948128316912666,90.59581090969132
-31.703695042520593,92.45856174803033,0.012109150913939002,-31.627969240586445,92.39903930975356
-31.555167904613192,93.8249202975663,0.015995836521721773,-31.399224442844808,93.72338204620587
-32.139442546636594,93.7952898769625,0.014603773676183643,-32.042192270814986,93.64371861932969
-34.8198773635449,92.32778440499636,0.008481308328027777,-34.80390832503101,92.32329048620852
-32.62259145488928,91.56903380968723,0.01360611326860629,-32.627714469433165,91.46214077667754
-33.41333320790113,93.52510898396014,0.012306518484415609,-33.39305451121463,93.54245760846061
-30.958062135658746,91.29866396022778,0.011843417806132706,-30.94886943081866,91.15104619099536
-30.005931285301312,93.43445875396935,0.018102937383863114,-29.932839326061092,93.19277807990679
-31.618113707373027,92.27518539019452,0.008410925858157402,-31.587284192232143,92.1841548103687
-33.58122727749223,92.09631827315168,0.013751887767268848,-33.52005644701151,92.04281080100422
-31.886084969069323,92.1073343883906,0.015796457645371274,-31.736812416706506,91.91074296924113
-32.1406079170025,93.96478027820913,0.014811377885313929,-32.005047438959814,93.91517230700887
-30.038132266170024,90.88572991993824,0.008056278043078,-29.99470136003875,90.79232597339534
-34.464164217528044,90.05340675678534,0.015451784139573047,-34.5144212009784,89.94065063835426
-34.98461017258586,94.4673725355014,0.01569560361564485,-34.85080875269428,94.50501124352841
-32.71715075535718,92.694719533001,0.009472295525697321,-32.63263582673927,92.73249539141818
-32.638337427580396,93.29154474996962,0.014963446464975147,-32.54352397333844,93.2536112227644
-31.57680781259598,93.3235649711058,0.011825965785807243,-31.519229955880363,93.1835302594253
-32.695750013544554,90.16616714976153,0.013566863354192323,-32.744483343367676,90.03079666026754
-32.48636037982419,91.12546275515133,0.014234972734193548,-32.45404028826735,90.98733978373384
-30.475918396732897,93.05869586487057,0.011402581095883785,-30.296161036304795,92.93571409914357
-31.78361614917009,93.66485108834078,0.010726134618532696,-31.725815407670066,93.54242689106154
-30.034679890437097,93.60535256421991,0.005154747990932786,-29.986543869375428,93.5546581143731
-31.049630001225164,94.75290226092798,0.016387287882844534,-30.921495112829582,94.60590711653879
-31.314947785370308,92.61186787648377,0.01420613341680746,-31.23392466064544,92.43432851375421
-33.39620179111613,91.71683329605284,0.007531562406503061,-33.405660534770945,91.68300775843079
-30.745640242446335,93.09160465170733,0.01198695000325246,-30.61231616018008,92.96064017848087
-31.50713650872068,94.72856015824682,0.011409688503724785,-31.40639471549252,94.61142750759537
-30.284222007346365,90.4158777001393,0.012269521414652828,-30.259191139457453,90.25098845121184
-30.412975748316406,94.79973143126627,0.010035388856236187,-30.326092350632667,94.75657787033371
-34.890967098777836,92.97487455005705,0.01737665497675127,-34.83679221979482,92.99698722331665
-32.86027581591761,90.36486617595153,0.01640774086404692,-32.83608460992028,90.28357177055845
-30.06921925695806,94.48884167186543,0.012855954438524558,-29.94154400624615,94.3826447860385
-31.649483906066017,90.1684752797305,0.015341928833295129,-31.66134467187616,90.01670642777214
-30.702939681605265,92.6356031975347,0.009127758026653663,-30.600783462264275,92.53552213960694
-31.038966478962745,94.58338188032262,0.010624930307168622,-31.00751704821203,94.33555940879053
-34.639007808092316,91.70550831067816,0.009118239717938879,-34.55332868467272,91.65146142334295
-30.8593496435766,92.57590432762834,0.010545263240579424,-30.81591986881702,92.44342707863258
-30.925070864982402,93.55004047323364,0.012576138285731678,-30.908645888577897,93.42219451966736
-33.708114967406075,92.88765165729981,0.014504439574650292,-33.66751765329572,92.8469585627166
-32.92206915179208,91.07162705989259,0.013060695018719369,-32.904121703330325,90.91131322808332
-34.68565104217642,91.34671104896833,0.012878207072961728,-34.65913808034905,91.35101512852428
-30.42068273508044,91.77405580669064,0.0167746183844629,-30.445498777966797,91.50408665385312
-31.647665639442618,94.370055769695,0.012946276147211439,-31.580408647677096,94.22267387053195
-32.38332544627688,94.11519189339248,0.012851795246636872,-32.25781118055656,93.94603635670522
-32.56183888556479,92.13615255797087,0.010133972430167126,-32.63250966574847,92.07032703893111
-30.92017066762361,94.0958149216467,0.01660514429691594,-30.795583138712427,93.73387610123771
-30.292998675692925,90.00138485214424,0.015480693237747886,-30.277383829062963,89.75119076088578
-30.820272809846806,91.27277083918186,0.011297080703879227,-30.884540215244385,91.10434997506891
-31.375933179795304,93.48999994446464,0.012896809880928933,-31.38266912800132,93.26324673510652
-31.431302096836212,91.3540696623191,0.011665473244164237,-31.462974029208098,91.26028618188104
-30.90774563513482,90.9365158698446,0.005,-30.86513873465971,90.83455935525318
-30.657453712123186,93.10492646139237,0.014320679680499047,-30.55366607677443,92.97535025074527
-30.618591898238158,92.06593523417867,0.010003729957918268,-30.570962708291212,92.02375923711581
-32.02191041471697,93.48973652531757,0.017076882208406655,-31.893021717263345,93.27240676905228
-34.616638076240434,94.71661548910366,0.011911547386008215,-34.54658662727429,94.6745210877199
-33.97430388273537,94.66455326181475,0.0069285253671343425,-33.942182749362,94.66043024131575
-31.329849448988625,91.67289672414343,0.010060703990698442,-31.225514807033164,91.5860647008949
-30.656469840376086,91.63433878904313,0.0156194983953146,-30.553715135220514,91.40474920513839
-33.01322586924233,93.12592236720904,0.015283106504718851,-32.875635744337714,93.0763391636168
-34.87726075592944,91.78174894437974,0.012743766719564845,-34.908297182629035,91.63621827149181
-34.0869004113364,94.04221973526636,0.014258133666463719,-34.05549893039781,93.96140724443414
-32.34974669547632,93.56122783993239,0.00684185290722944,-32.3564903258649,93.55351081806728
-31.521082105151223,93.56412189340946,0.013123945762914997,-31.522570809784057,93.3211626545043
-30.560972474215667,94.8363429050945,0.014158850970621738,-30.49441911111323,94.64780192205916
-32.71250838543614,93.72958907427679,0.008087186985046678,-32.67139904284763,93.66222467887434
-31.55160419909895,94.58748636326494,0.007039259196098936,-31.554643211938465,94.51048468374667
-33.88487671076993,92.79468394364952,0.011426419180825929,-33.794607321530954,92.78120713684777
-30.82220572499132,94.86833903186569,0.011093115288978597,-30.733017594416804,94.71081417047475
-32.374524437765324,92.53826320629818,0.010245677352172102,-32.24776183635454,92.43396661839267
-33.90796536849895,90.96454385845547,0.009374893501817156,-33.898004022610436,90.9478427027018
-32.862903018659686,90.721005410258,0.015931886777101792,-32.837364187453936,90.6049144684402
-34.39440822047946,94.39652179912471,0.011714489012564718,-34.319103520632645,94.39503001592163
-31.81140921753061,90.85717619832268,0.012356157613348141,-31.713108712745075,90.69282189533139
-30.645589549474543,92.18987615895318,0.009262576539978607,-30.594266982762075,92.01446198197748
-31.081466932777264,94.57245289477513,0.011060514520278395,-30.99379543581609,94.41217464262634
-30.862635059467003,92.18611607420544,0.01282418241973071,-30.778641726041116,92.05132874903592
-32.73867307288865,93.66558003491437,0.013768372302265025,-32.69854454802194,93.57207773957593
-30.27133077677542,92.29994526048554,0.01164371761757692,-30.18316541540788,92.23475563293493
-30.777163530899585,90.91190980109097,0.014634082878224257,-30.694507960008814,90.68352056914732
-31.306786820456097,92.5304733556839,0.017816256473231255,-31.228077020144703,92.25093245436835
-30.24842973688167,90.47867632372595,0.009693269701714018,-30.19771323210239,90.29834683541941
-30.850240848879444,94.02882553252805,0.013948143001400041,-30.772881181183838,93.87027563237939
-31.209236001901573,90.1895081529475,0.012497957575061482,-31.16239840234245,90.05258838464191
-30.329819051644964,93.99225204611476,0.00899609264147264,-30.24768241119593,93.92204233197381
-31.667409476582932,90.28511071450667,0.00848569288210348,-31.683162288585947,90.18071817307822
-30.905496020215587,91.61341011594591,0.009963474373046595,-30.78472667114684,91.40485033587082
-34.09043018497787,94.57435429857308,0.011028897843623852,-34.04117973598438,94.47127802033965
-34.6761864228435,90.25355410100236,0.012458115385460867,-34.667478715628754,90.21967754854583
-33.845993166164575,91.24956597023824,0.014920685426575812,-33.83741515463919,91.16756461390604
-34.04772805453736,91.89521032657004,0.02,-34.0112730868693,91.89279671413806
-31.35274091793115,90.27580728889353,0.007781035376128646,-31.341606154781218,90.2960789928887
-31.824626354501902,92.54802591599417,0.009350105649612778,-31.817518016321493,92.49635572321556
-32.002951154176266,92.98568997490389,0.014788031184709265,-31.87701892334914,92.87186260457743
-30.90781676160333,90.0069674028752,0.008553335109294383,-30.87953605224368,89.89153255718345
-31.18687929582884,92.99599110971405,0.00793993222506885,-31.160113631515145,92.87761770441358
-30.074306191433134,90.4083400939439,0.008776833560238548,-30.01469014424598,90.32757904653052
-31.4628069894432,94.991554368713,0.015700888454214287,-31.330709202618756,94.78368519532245
-30.842581335286884,93.08662066112402,0.007349944050396935,-30.794127413372795,93.06681784706907
-34.91803877633392,90.74508171997664,0.014415323781732013,-34.84390247921625,90.70759419899058
-30.089576679529365,90.6733624516882,0.009512203001912006,-30.078300220671156,90.54821111914924
-34.26156856581593,90.24729357611359,0.008014870277255146,-34.201981091560604,90.17497567781223
-30.041518766271864,94.60452583440231,0.01262300422860002,-29.87746622685383,94.522284529959
-30.054130212343246,90.27505277484595,0.010467258688577653,-30.0714172635283,90.1100793742405
-34.06372141660596,91.79535524623041,0.01959887083804959,-33.91843267614865,91.66771103805223
-30.081329771384116,90.69723804069965,0.0070282603392375406,-30.006628894350893,90.63346800823429
-32.80207364717827,94.6288911472698,0.014873499838971635,-32.632560006041416,94.44515494931608
-33.80901774252692,92.84683215440006,0.010218772668332824,-33.77595904358847,92.86849939590653
-34.099866818912076,93.8799105924197,0.012490943454088778,-34.00645709360535,93.79518957913623
-31.53240131247104,93.5803211955511,0.009691661922346871,-31.442438810919455,93.39860961822657
-30.604503927883982,90.17830366842635,0.013880451322779121,-30.527935613242136,90.0881684632418
-32.20686407521188,90.41367076603069,0.01276785125949846,-32.20803896592601,90.26252692061448
-32.73312318031731,92.92779104711155,0.014078375395943846,-32.68639646512348,92.78559357342446
-30.690489269492904,92.80456135916982,0.012572101434487086,-30.62546670624666,92.6764559104909
-30.25289516562782,91.50091339534255,0.011098146962335152,-30.153291981249303,91.4141495863334
-34.340945707473765,92.75959215864032,0.015333736045650023,-34.319631009204194,92.78439930621876
-34.054643766508576,92.85337106533986,0.014019493648346636,-34.1157595191897,92.8274910404807
-33.16231883163841,91.42870913155903,0.014391117060344601,-33.20185663631169,91.35419740917622
-34.220826997373244,91.26969904951339,0.0069850197313535535,-34.263929641718995,91.28464351003504
-31.598851589717675,91.95330491194787,0.010114339739146883,-31.519867463806467,91.82712678070885
-34.20131340677167,90.4832789612014,0.013730077284111176,-34.190595401124774,90.47707769395012
-34.508841041509335,94.21979192711933,0.007220185378885939,-34.51191404382015,94.16776833694261
-33.88988439113911,94.8954565402306,0.011054182943374059,-33.80133387537656,94.84134545146996
-32.76857606184406,94.37891139408028,0.011859169154647492,-32.68827678085776,94.2534652110328
-33.085008602445534,93.14653800342977,0.012480835556138973,-33.06432503601227,93.12202528634378
-33.609454531074384,93.04218531825637,0.010750347756790003,-33.61334991131813,92.94430356083606
-30.008329858442465,94.23771037490093,0.010174257303477577,-29.935603192715813,94.08806649939345
-32.86529565612744,94.21452673737068,0.01171712891997849,-32.80956430385605,94.18299799674361
-31.435329795891228,93.1213593028185,0.011148739679599154,-31.34387140997113,93.0330100675563
-31.789957537230325,94.88083565608179,0.013713104420958763,-31.650597181223144,94.8824389116397
-32.74758792436316,91.83716699614115,0.007424673052460508,-32.721325435719386,91.75119968857366
-31.993936184988414,93.47684662949949,0.0119324651538034,-31.897668904703544,93.37526799698884
-33.07382606835861,93.86318467845548,0.016129325663750672,-33.021716164476146,93.76365461793932
-34.942195898995706,90.40690233959656,0.015798407416587855,-34.927976923224584,90.40130898250898
-31.273352610046736,90.4841288937649,0.016332204234204506,-31.158172591860428,90.3257691097052
-32.75875622086161,93.10792947357032,0.013610938995958452,-32.63971368762023,92.97267315282673
-32.40341432539845,92.82145994934253,0.016028114865679566,-32.3378916526529,92.63515164480252
-34.55107774968002,94.75398467089956,0.017011186403217846,-34.5298697463278,94.77500562506914
-30.530280517402353,93.90491578728468,0.015267481876814929,-30.393568690984257,93.59792764763748
-31.177315775343544,93.32342910767338,0.014723826832108482,-31.14917269246619,93.10352539002716
-31.051455797283694,93.5136087516975,0.010846059329556845,-31.00777445166205,93.34479361337601
-32.11750767350802,92.89110583011076,0.015255169960933066,-32.063351737665904,92.86065718842579
-34.15997067864648,91.27076940740673,0.010533476154253839,-34.165451966631394,91.23479072400431
-33.49731211374795,92.61055370872273,0.011681015412981437,-33.49090920800411,92.4670665673602
-30.272520884746253,91.67226408055191,0.01039863058379083,-30.16967812948691,91.48311735732295
-32.30747359141757,94.99419479281302,0.011822252207228014,-32.267489210128595,95.01227537120393
-33.44032192792992,92.50176592847862,0.010234150356224762,-33.37923874311083,92.46740390586409
-30.78450453888493,90.84532224202704,0.016522038146480376,-30.747605630571886,90.64148489574501
-33.26587678356131,94.9079610184033,0.011366973753123368,-33.20968342618267,94.82687069649502
-33.46568207833493,91.57653545254284,0.01592616743057438,-33.435909367540845,91.52817801687846
-31.90127806410654,90.5222619885045,0.011817552593954752,-31.93148294899348,90.4166734645558
-33.18231851194276,93.6109083730336,0.011046182951878694,-33.056830706769276,93.67923705349078
-30.06520200384719,93.3849007405663,0.016570470849739817,-29.99973223300823,93.06933294502782
-34.7027152944659,93.00912418725105,0.005696004986608285,-34.68167058346487,92.94976090667886
-33.83841948948736,94.02139220380381,0.013184620959031546,-33.715299247292414,93.99824880018502
-30.20888702400289,91.16713783338449,0.008490325146084908,-30.13433464137506,91.11323287400445
-33.695304998055875,94.86572573381234,0.011926311092195194,-33.7084810581299,94.8323199798718
-32.04508070998887,93.80232924435653,0.006522154817995742,-32.016310107663294,93.76870235851275
-31.97683189912777,92.99552797175538,0.015021020671301783,-31.91606830529779,92.87575701765815
-34.18022506778036,90.19133245699635,0.013815954539146165,-34.11657318081626,90.20325538761567
-34.15783709589195,91.43818983209697,0.012023556894638023,-34.16627621802345,91.38074642817664
-32.87196656671,92.85381059556465,0.010915280373912421,-32.76450899161445,92.87941608161788
-34.57461788315517,91.72631079325225,0.01648539218806322,-34.527845237141584,91.72587223780842
-31.266448336730768,90.62916445529092,0.014607009034569457,-31.220984020305846,90.41885807361446
-34.90081880983264,92.86758246808304,0.007471966327565467,-34.872893579239424,92.79776957768203
-30.14015974271882,94.58278555283943,0.009664473552001184,-29.977009694649,94.39990622397214
-34.87279754092347,93.34784517276255,0.01005232626230011,-34.87739812374888,93.37287650744578
-33.94334967045018,93.79165897297655,0.01177176603428648,-33.93536607412875,93.68639200610042
-31.962813958622185,91.73240777675593,0.010581400054291302,-31.960744655833054,91.62388369685503
-32.96650851022496,93.87689874945568,0.0069117975364824235,-32.882946081210996,93.77516395330042
-31.327770461301533,92.28420197377935,0.015492768706158984,-31.166268876698314,92.05578464479554
-34.63072310307455,90.09393324815078,0.01095114945284129,-34.580198475037164,90.03429717582276
-30.57173140833502,91.28432210866187,0.011366549494598914,-30.434676033948044,91.09900752949484
-30.571885079991855,91.80473997241408,0.013378067664841484,-30.51592851585627,91.69735402666032
-34.86211936970237,94.514452164579,0.016791146587088555,-34.75635372413388,94.52230348187544
-33.47264403809679,94.83837363520153,0.013559644515910973,-33.372249080660076,94.69619896719509
-34.014102903817914,94.6916346724591,0.017880257669867318,-33.89673052032637,94.78290986565422
-34.816907777025214,90.98863198878728,0.010128084722873746,-34.795220527449004,91.0603910903783
-31.226068440468445,90.39028306067686,0.014734083589496568,-31.23493962508943,90.21285967831695
-34.24681258400509,92.97482281628747,0.007368442843572626,-34.23534802289483,92.9875262587554
-31.30366678166125,93.7162914848959,0.01121160504562225,-31.308479316036866,93.5169841289924
-31.358157804705755,94.04180222237959,0.006642778803013253,-31.37135601422911,93.90911312424913
-34.6585849629341,93.38554950145516,0.01954268953822616,-34.529898777967205,93.41847438585708
-32.537028252108584,91.79590882491489,0.01055467125270432,-32.512042283698634,91.70573210289464
-34.75883461835963,92.3465163240472,0.016042669449432747,-34.703486601079,92.31285700686621
-32.03063312637273,91.65395839916825,0.014898261564064427,-31.962037495999933,91.5373286378865
-30.140865386640073,90.79966850047389,0.013244637938152557,-30.068984740637234,90.58502578499036
-31.422043637883966,91.73958248328577,0.011805007938142624,-31.350186812612527,91.64091465033246
-30.016404437464626,91.75464532383363,0.014448282805275553,-29.913682476284837,91.50842618670293
-30.49813995328497,90.37133564579959,0.008208792503642634,-30.448384853724527,90.26724589629997
-33.561945518913106,94.32627746310672,0.0085407166292795,-33.53864782997117,94.32663400899676
-32.673505842798754,94.38649913582867,0.009332653019741472,-32.55571044105334,94.30959680690593
-34.753054862821976,92.84822521790718,0.009102691776621694,-34.727093319201295,92.89055206333921
-33.59065896561113,94.07401893359545,0.01137453512439213,-33.51505259527957,94.08710010439646
-33.69522628297701,93.68338702514932,0.013028997570180573,-33.57817415152173,93.69781112355872
-32.48082305509289,90.24098371898602,0.006409880936380981,-32.478629151765816,90.10719103813443
-30.437025060607656,92.01682112516286,0.011927374108579723,-30.46157723340275,91.84578873221923
-33.0467401228863,90.23843267330939,0.011378218912402887,-33.04261413669299,90.2262656078472
-34.6201650801042,92.85874867433526,0.012929673694691085,-34.508296600801096,92.86493594395272
-30.06635476823273,90.18800600856576,0.013419467682738516,-30.00053819300096,89.97378053576354
-34.0483057845562,93.63271534722375,0.011751136202506673,-33.99469891173651,93.68397088339744
-32.678487314100785,92.32830427980463,0.009107862817875345,-32.58456627572286,92.2569720412309
-34.42266822379371,92.96397549246039,0.02,-34.32406630538964,93.00290072645828
-32.05457218986909,90.33762522224752,0.009487791575625137,-32.06474138944479,90.126875406481
-34.46240185516617,90.95296719956845,0.010957137834313268,-34.430163987536275,90.9160498524271
-32.707730010055094,93.52550204464228,0.014034884310287255,-32.659282651680726,93.46014110195438
-32.60722117224856,92.7569665560806,0.018074296441265153,-32.48422814829504,92.65090211864691
-34.63611290755257,94.42387185233638,0.01836146621492353,-34.585418287774985,94.44726662766402
-32.108609155142545,92.34101215272442,0.007978976318677299,-32.10904925472144,92.31772067929316
-30.918353051201446,93.77085411654751,0.010625012025505223,-30.928874312669045,93.65554578247517
-30.811918583270064,92.85469111594833,0.015234927702077962,-30.742457366060417,92.70241084518712
-33.55230531385226,94.64214395596547,0.011739751033315069,-33.503416247786525,94.63238931191592
-34.108416355406135,92.22602928124432,0.01043116014303415,-34.03477993334299,92.2168087851327
-32.24280326466146,92.5374511963412,0.015258209501533407,-32.14476037812519,92.47491620269116
-32.00036472676727,90.99554986076576,0.00961642542053692,-31.90732155426585,90.93661117027904
-32.9630268721569,92.70135958115033,0.009509470150385299,-32.95459568980922,92.64182537562637
-30.8850695846452,93.25973984381461,0.009006999701391186,-30.877888403745043,93.15125723945832
-34.35091590914646,94.9402246561963,0.013043536848755736,-34.25155668214876,95.0527081366026
-32.90962461844601,91.60641956613081,0.014629613822037002,-32.89404664381363,91.40630626815324
-32.38727235311836,91.52824384917085,0.0118013411844483,-32.26839175283732,91.4263944391643
-34.78568364404491,92.83959257051161,0.014341044264588473,-34.67840390681482,92.92411462072674
-30.466385445016222,91.96176857116204,0.010872181032479323,-30.39507202471247,91.83248416380775
-33.7650244708325,92.45222222972583,0.016009039780211825,-33.66536980108252,92.33927347591879
-33.80246144042006,90.17627788816384,0.012499451907309212,-33.740853166781704,90.1594893930038
-34.67569027777891,92.15750565682424,0.013105395101051135,-34.6978979675916,92.05909039795947
-31.394755308613398,94.73885239595705,0.009869832233693202,-31.294791714229248,94.66541624563301
-34.07444033622159,90.51191198914475,0.008174588378011383,-34.12596980670254,90.5694423164789
-30.71849930115318,92.09100276364313,0.008747173830766525,-30.689391503365673,91.93187455565365
-31.63123154112783,90.60437606158521,0.01393546674209421,-31.59597487939717,90.39904043166061
-32.451815838411214,92.60860485424966,0.015723804014010197,-32.386972471037595,92.43693810532905
-33.08734637306237,91.49123040294629,0.011246449815312719,-33.03379049641311,91.46986537408834
-34.71410806809362,90.2228534361755,0.0066046481041810235,-34.78515828145852,90.26330831410925
-32.51199116668996,92.86220273787818,0.016018415967644847,-32.48434115468391,92.75133972499846
-31.67505385665686,93.0965859852404,0.013648781349746906,-31.604476359842224,92.95288261974791
-34.67675001447228,92.57084667346726,0.01531708401972625,-34.53917143459082,92.57795839829934
-31.283372397064625,94.26945666133254,0.019868999739245823,-31.172782195425317,93.99055837298118
-32.21961559832559,93.50649550428905,0.013910986130284003,-32.13768961961968,93.29768017006485
-32.241007413880524,93.58433914890118,0.006558753885090374,-32.206820820807565,93.47524168504901
-34.012185755568765,92.93931154022556,0.01049510872216223,-34.00139082024256,92.87368702895667
-30.253844056204173,93.83344603449783,0.008346497866486296,-30.193335321933827,93.72745745172989
-31.317114847213276,91.36665072594576,0.007982828843980494,-31.19795234024398,91.19216307060817
-33.74845735120729,93.89035338812263,0.010565129734454828,-33.59714824033936,93.79282718104217
-33.90556039519642,92.10364943459075,0.01388961930191422,-33.82056109522074,92.07608821932425
-33.52475625476189,90.86949493979199,0.011805609376405811,-33.513110135545745,90.72456029437681
-33.78446594439245,93.4914907988033,0.015556552205670326,-33.69214588897307,93.44879800698983
-34.74046799927417,91.9648720557257,0.013000777950481423,-34.658369223747535,91.98713600868882
-32.44372621121476,91.95167984115275,0.009087362213873414,-32.43145119413069,91.93461891320919
-33.79495104570174,90.45744159659404,0.009337020364569777,-33.809538841430125,90.46503097854153
-30.926880339785523,92.77243133246125,0.01282088616775177,-30.87573348502695,92.50307112867999
-33.66913864919691,90.36068079481582,0.011762343437876587,-33.622200759253424,90.30385193743788
-31.64282019658614,90.81704131305398,0.007670114394872031,-31.6463061402712,90.74057915900974
-30.282356700362687,94.39160415069121,0.014148609336516672,-30.176188623965114,94.12152107050234
-34.68431493764797,90.93541003821404,0.005,-34.688595002612956,91.03083024771544
-30.124040029921012,93.04406869293209,0.01326273164320576,-30.007949054416603,92.89663070713588
-33.77207759205651,90.42460190241005,0.01143607587516727,-33.75548712180222,90.41636846368029
-31.8669578041169,94.17106515229207,0.01667602468222365,-31.744716097456052,94.02274904411163
-30.4076419186594,92.73502800922401,0.005,-30.319592401935257,92.72758610581965
-32.79491844918547,90.70501755897233,0.013244964074252078,-32.81174366160376,90.61365112231469
-33.80407151331102,94.65397864420531,0.01488971370131425,-33.64809253568659,94.58981787049308
-33.832956705106184,91.56963665587183,0.008246788011938537,-33.814083439576294,91.64139577645669
-31.469427591271963,94.6691347369309,0.012402601878480605,-31.35013263142754,94.62642276216773
-32.44442048969075,92.56279181354554,0.0120763258678604,-32.38241622310414,92.47162706173869
-33.326417453014415,91.55699815679934,0.013445195741026237,-33.2655583104431,91.47803729929059
-33.248339175418714,90.19448587112453,0.011480517518325831,-33.19430482332588,90.17181690040282
-33.03800432156819,91.10412551430231,0.007949689087445349,-32.933472534711335,91.08720898729034
-31.644968261272187,94.83083981131016,0.014474741714195155,-31.58549457280121,94.66760639527281
-30.04444002318911,90.59851361424101,0.010938484752039155,-30.057650680935513,90.46806672336677
-30.88697201569488,93.94922030117847,0.011928776012113911,-30.861005157149947,93.78225423769275
-31.292141289378815,91.77749156544277,0.012755612300001804,-31.24497155440886,91.67565842869645
-31.5227255482154,92.39312010507008,0.005478775938365019,-31.525077629790765,92.28413692211183
-34.517451678281176,94.01154569141686,0.014806094105215214,-34.38304132823478,93.98624854604843
-30.777197905835727,94.2586811948407,0.01623431337809817,-30.64043030013313,94.05367644453453
-32.57719187703462,90.17456993271674,0.011848995176440346,-32.628900845382596,90.06891983024651
-33.91100536523742,93.61151844736493,0.013091612931585776,-33.81149348598363,93.52147551940297
-33.18146598694772,90.03364078053417,0.011163783521224945,-33.146729200365584,90.00827630781737
-31.302728920051806,92.85782112175957,0.016371862104301027,-31.136092716767784,92.70025807390385
-34.06851429073402,93.76551412557653,0.005621889071630688,-34.05217450586118,93.83278422241658
-33.127519798605185,92.7644163041007,0.016157765854815008,-33.00967795201921,92.7060711441789
-34.56937912748354,94.16216135872644,0.008759778686486482,-34.48976725828086,94.17967618347905
-30.507043854973038,92.15123731969064,0.017008999191578555,-30.369428525563425,91.87958370412392
-33.567713874702754,91.00852748933679,0.014164227942183855,-33.489085155340774,90.97152269241077
-32.49822863638581,94.81746100426174,0.008062187843551349,-32.39887413632128,94.78968060417185
-33.56509710085353,92.89350202583582,0.0070394348853873995,-33.46889658667298,92.88850993128533
-30.149226864175045,92.07904557313596,0.009611912539605551,-30.075909006851628,91.95814502157461
-32.29176470337987,91.17999496366613,0.007193874405988537,-32.22958419986126,91.23173997614616
-33.527579270985534,94.07711942471435,0.012598391988347812,-33.4977883209845,94.01735711913304
-32.91278549624044,91.27406827286933,0.015397825121845888,-32.875018886935486,91.09671931964823
-33.499073051526345,92.09475220858546,0.011629975927051022,-33.41170881435177,92.05719480224866
-30.766085966554314,90.8679070982211,0.01232746101971418,-30.674540017328926,90.85625481870386
-32.725020531283725,91.00518732027359,0.012822621923558266,-32.58131195714834,90.85346806700365
-34.08986491848679,91.5940901993114,0.007784811583536889,-34.139799701459715,91.62726113267735
-32.78308028032934,90.08874926790467,0.012839771986922852,-32.76254946003748,90.02115633878704
-34.25954871086434,90.77439439541912,0.010954099024874925,-34.2382270294231,90.81059080108906
-31.48075261121913,92.79232445981016,0.01094323459917363,-31.454983590123852,92.74467509129198
-31.812414669043157,94.52656884604615,0.012554454637627058,-31.689174608384846,94.44265577309432
-33.64956316269945,92.42981996935364,0.015414077368811695,-33.55661480170121,92.41999397887041
-30.10687016285975,92.32270960366606,0.008162479206144546,-30.003355517455944,92.17172312176274
-34.47677425488966,93.18272213422753,0.013881558236437145,-34.410844009294166,93.30760630294995
-33.01071193129125,92.69580580726576,0.008931155317492749,-33.02444272559925,92.63968854450091
-30.875546929133233,90.54632590104607,0.015488825301431532,-30.826321334968416,90.29781685674249
-34.75460551186473,94.15425797633625,0.01164894847200177,-34.65290108537018,94.16832087021021
-30.689218260440462,93.18146593966209,0.014957373830288842,-30.528082049764958,92.9829305250278
-30.370883523553527,90.25962109392509,0.008922289982720164,-30.250586451969333,90.2544644741932
-31.153829265028644,93.35173641906658,0.014987197821662426,-31.07038201549835,93.17743034847841
-34.79999383806153,93.34027523589347,0.015545227032603963,-34.74543812289814,93.37988714885189
-32.44318251419829,91.19969462362148,0.0104371938374575,-32.4161045131806,91.06047523254414
-34.83631122871446,93.84626573879176,0.014749441722522592,-34.742965745503014,93.8824600335629
-31.320940662706143,90.81264290700621,0.015615747847866363,-31.17594217535173,90.70171684036737
-32.04241662072647,94.81947797932133,0.012669750107298901,-31.990798334830906,94.69493696564447
-34.85584969076088,93.42179585871442,0.007242766222380106,-34.84670398112924,93.44558694749452
-32.96519654662255,92.27392598233183,0.009843431546869843,-32.87700188826162,92.19020624259298
-33.03970974163979,92.15733586018031,0.01664738781611085,-32.974038251194926,92.1539841711061
-32.066301366835056,91.27780882917877,0.0109986859746244,-32.02932337551958,91.17837183296797
-30.832484767810342,94.46218500422684,0.015375093677614523,-30.733057969008133,94.2292168799939
-33.3681792690599,94.07928320407316,0.011847433532090368,-33.28834068343712,94.05954922298753
-32.88166931061593,90.98316567469213,0.014071281852386363,-32.86475738611697,90.94450595068724
-34.21108099298471,92.66159161937703,0.016139563143073278,-34.098167856515936,92.58732242240626
-33.23512844433247,90.59151570791877,0.012465927767441275,-33.20104582847515,90.52064027291682
-34.6674297816514,92.31365363671013,0.011383227893173377,-34.62288808755483,92.29369596254271
-30.970567152423204,92.39303985695668,0.015005773655935906,-30.841997732214256,92.24478832269712
-34.32613879155054,94.61860402163451,0.01675308629783075,-34.2098722462079,94.5815668954631
-31.43391779934593,91.56358296058016,0.012424390604295676,-31.42146385015937,91.49039575687239
-32.23687084964684,90.67197454227524,0.006717675565493105,-32.257550871691585,90.6353433647327
-33.1362075186808,91.46886180436302,0.011055629354421342,-33.05670879957628,91.40882445511913
-30.114394940073687,91.62771148273865,0.014629788835090834,-30.06743833690591,91.42496163867763
-32.67338058033519,90.31586582672911,0.014545680603974421,-32.668859162163386,90.22285330212462
-33.02200848428621,91.12281067545206,0.009341147140996445,-33.04056084585127,91.01908450275033
-30.3459456177471,93.27674665045215,0.01094208907324435,-30.266733705577494,93.15632121393885
-31.362127693982117,90.76254527587048,0.011617030231174915,-31.33013161780232,90.66419268601227
-30.891334572746175,92.63920626392847,0.01216121178702643,-30.832054221636415,92.45898222527121
-32.0076795152665,92.25091899404975,0.010798689765055818,-31.904415687468052,92.11539461038954
-30.795260725372128,94.7342682009983,0.008486229870504987,-30.79532255609191,94.69954103485962
-32.33292289090426,94.06396782685218,0.01496288621800865,-32.20987854817541,93.92243066312815
-33.99774833154343,91.24965957592993,0.009224048283197922,-33.92731208810826,91.16391851717356
-32.861608465603254,91.47158202151918,0.013162124802733852,-32.87398444350239,91.43134755285176
-34.688847049638134,92.77013047711169,0.010661279459255383,-34.692549758057865,92.69335970383254
-32.74024583714859,90.99979343745835,0.015196464566590545,-32.64484130677018,90.85572674543778
-31.380685048358337,91.60397580411592,0.008055157666129902,-31.265055835908164,91.49116071678444
-34.54463747262247,91.9679060490345,0.014609170884731274,-34.52527134758832,91.93058903323866
-31.024333771901926,93.29184126293136,0.012391660296659718,-30.984217520923867,93.22385892238972
-34.99509068919978,91.3911070377895,0.012340520642179872,-34.92407746526574,91.34952409430727
-31.629769943747583,90.15656645627617,0.012444294510751141,-31.61534502012918,90.00300251676639
-34.00673771918486,90.11942740596233,0.011480367688944523,-33.98707791071684,90.08802587334385
-34.104932146763325,90.11775849135621,0.005,-34.08047227341042,90.01997631499471
-34.39734452762244,94.03080350303678,0.009729885152262658,-34.2859418842747,94.0536233068556
-33.76881061510731,90.6422335665374,0.015635350879797692,-33.71215984466,90.47780365293903
-31.678428038851813,93.43552569564145,0.013771232336030005,-31.57009812669783,93.3221673289808
-31.369879665454675,93.21925850915068,0.007114451500300888,-31.27142806589619,93.08682081965738
-33.11724245772878,90.65704932778367,0.01598752459786431,-33.12772560043521,90.56151223373936
-31.468274784438073,94.58327822294837,0.006535699657841212,-31.373951478912726,94.47418633130877
-31.007873965793493,91.89654160769273,0.01402381850466954,-30.93180443484745,91.76663890816751
-33.181841437470474,93.50701819550477,0.011326058418142673,-33.13792696255376,93.45340942679859
-33.979985683897624,90.08471684095522,0.014603241313947041,-33.91319709275531,90.08233946325241
-32.069307403811855,90.89771884855445,0.013410416119596048,-32.040836068122175,90.78454009444518
-33.7622668026658,90.16443283042014,0.008939350766183156,-33.71018005193777,90.11704011508967
-30.463086263245074,94.07148358321555,0.007659958404768651,-30.416209906079047,94.02318724622452
-34.3072590880558,93.67133670826905,0.009692343436560374,-34.29134135316179,93.71317566201985
-30.766142642465223,90.0422371789547,0.01218850931765462,-30.70982720942025,89.78927918414405
-32.701423814843416,91.44711322881781,0.006407606355770375,-32.66864742170813,91.34752004926763
-30.605007504356085,91.518205288944,0.015247236274725125,-30.551563959469465,91.40475330245853
-31.462199549074935,94.1055418624723,0.012105260645539972,-31.3364459331512,94.00474225672586
-30.122247835599175,92.72187598292936,0.008475969810653478,-30.042910278979445,92.60027161642925
-30.109854874892473,93.81874648200791,0.010895846606700349,-30.031386421986763,93.66435747963884
-32.692534596529626,90.88687006742475,0.009836623510472963,-32.70627256499333,90.84143790243499
-33.90019783797411,91.20090290778025,0.015601440269936716,-33.858984314879116,91.07119735692963
-32.19662770887152,93.82073761158222,0.013355466686400511,-32.08775221779364,93.6708336866788
-32.37106567736641,94.30310198532693,0.010921196559037356,-32.31790668722017,94.20323805861207
-32.314366590213396,90.31863067124833,0.00876781541638043,-32.36093352646006,90.21754979670763
-30.46003547801977,90.45296673809702,0.014814767780616385,-30.506495390638413,90.26299635283932
-33.86115206508727,90.50976118609947,0.011292825119280337,-33.803507766479825,90.53362459720555
-34.70615010256384,91.73855848041633,0.012033948140040874,-34.68738597804037,91.64418301470641
-34.45294969220611,94.5073358988947,0.007332924227896932,-34.44720142966458,94.42201031924387
-34.29623078551772,94.11061347472113,0.01614833381944898,-34.25246890388855,94.07177147176215
-30.073230329231702,94.83612381490764,0.011028665928360545,-29.955727787093394,94.61870522348208
-34.85092302856947,90.33743772993628,0.010518002873568072,-34.82262770413717,90.43512789985296
-32.72404423989636,90.44939194285884,0.009610584633726358,-32.69085535988028,90.37938113628611
-33.49450893474493,94.05234749176448,0.011941748470110957,-33.37696019127877,93.980530925126
-34.503003586932984,90.9205785295758,0.016714717778520648,-34.489779249910704,90.8583470070826
-30.9685636189585,93.2326919129907,0.01432210436056047,-30.937752867990362,93.10420033845946
-31.565878856230775,94.16013324594101,0.01155019335118213,-31.48419251420194,94.10216292906023
-30.12030258909736,93.91436218716129,0.009000445324604362,-30.077365058587578,93.75866108898978
-31.285497985236415,91.41357394789972,0.01281074219691487,-31.214795333893708,91.2037578130919
-31.491865081832653,91.41585616836859,0.01753021640285864,-31.496700681699327,91.19850947970892
-31.94832091350557,93.55711022912011,0.0123623310707688,-31.902653633724714,93.4595987537786
-31.402372606429566,92.31753656757284,0.011807033751308317,-31.325505533518488,92.16673595425215
-31.80566406188504,94.21885781388532,0.010046622667280704,-31.78315050978463,93.99297526033406
-34.68330102572948,91.12000589581693,0.0129502648285637,-34.623413779165105,91.16907556031326
-30.91839324656109,92.72197360111281,0.011958861329602246,-30.898310942757945,92.7154443160941
-34.745537768729825,93.78536236666505,0.014722018275990973,-34.668328777434546,93.74460047805093
-31.274112291995493,93.05078617715445,0.011467287990863698,-31.268794437936087,92.93863981621313
-30.55118478931405,93.86134906310494,0.010632116771229147,-30.45350816779371,93.70532341645985
-32.37930260581894,92.96795018045789,0.013539404853874719,-32.35945251933691,92.83346671672105
-34.65314119240981,90.69292071332879,0.014725336972987255,-34.64713299152713,90.6507540442144
-32.03929975821572,93.81769679075738,0.009459082930116871,-32.01114155146332,93.69908818587791
-30.41752273100458,90.47507109618157,0.014487079276304987,-30.412527505476938,90.25904563792798
-30.362286578268584,94.14727562571974,0.007487169231960217,-30.331630494898153,94.00440382518072
-31.611379602390247,91.7900946174253,0.014078919928926882,-31.588598848980794,91.66241537689713
-31.33567187766425,93.5100210052469,0.0171355195963901,-31.20310059643405,93.30087189514168
-33.30280825672537,91.66361376082367,0.01268501389947955,-33.31090208037143,91.54457433904338
-31.53283433194604,92.63125883019697,0.012738030492212365,-31.497189261352336,92.4420399969234
-34.14390886470875,91.3935336853272,0.01212234258667129,-34.055243765151914,91.29971363379101
-34.234643350555956,93.96845484653073,0.01698071231976825,-34.26649709899519,93.97717116063558
-31.297743201216576,92.17472647141199,0.01163402746001709,-31.235016039005846,91.9868798631818
-34.154946424478744,94.64913531182526,0.012604785337058819,-34.091502031016475,94.66690430301925
-30.32865798435278,94.1813317487197,0.011379697401749614,-30.29894139313454,93.96739416604348
-30.75104576613427,94.63295307183463,0.01527201267076326,-30.6028826083564,94.4625828390287
-30.170113233409936,93.40643612353371,0.017989051503722455,-30.107988302487023,93.13544818676984
-34.85894699453168,94.95414462264323,0.010322961983465911,-34.75580259291704,94.97362424421335
-30.75877792961044,91.13232777356838,0.013838377642256431,-30.7185044978372,90.98393877563923
-32.17573731531594,91.82513311232177,0.012604254640473812,-32.19648740539413,91.65719526652705
-30.78341870221569,94.73967411420708,0.008374826114046486,-30.77629163694451,94.63106809026097
-30.00453067334675,94.5530852834633,0.007811715274632218,-29.958214007056114,94.43207110289589
-34.163396199933835,90.33185908124467,0.013352635297192198,-34.135808734611835,90.2268751450777
-31.129547531036827,93.06457188475444,0.01685875853788569,-30.990462468723965,92.82284457858954
-31.649678484156972,92.13367165604298,0.014902696206004927,-31.629292751487714,91.93466490408808
-30.87073611916602,92.73981997764056,0.01365029807610928,-30.742799742415258,92.58358304702587
-32.48532837411263,90.2899040618909,0.012176804906601781,-32.48072690648148,90.19332810616403
-33.232244910131776,91.33514524923022,0.011295717087406294,-33.149191683735644,91.31055470022883
-33.03176749010146,90.98039202189388,0.010861143944574712,-32.94891038477004,90.82733048039121
-32.925811703624646,90.86860210591769,0.013034806972094637,-32.931092948383245,90.72445061400589
-34.59279895430216,94.0290135057795,0.010865825217015065,-34.47956015858059,94.08038910721376
-30.241781957539377,90.99439229818417,0.01321943168852216,-30.20613625471197,90.7306191642701
-32.21049405242931,92.4281145565382,0.015681129246185532,-32.19783665204683,92.23640516168552
-32.53151056856028,90.68853535069489,0.0139642973762601,-32.60974109176221,90.49072558793355
-31.756247977903218,94.11183777973568,0.007941292961213495,-31.687938598374565,94.13294510350977
-32.388186025419316,92.31412408717304,0.008367793765015162,-32.380493975316256,92.24127504260011
-32.53018023560392,94.06636067728799,0.006544489130198741,-32.53035197368163,94.0105502509014
-33.51113818977715,90.46555380732582,0.007465856709868737,-33.52631841847119,90.43115210594013
-33.33604544396417,92.67701829661029,0.01975868236879516,-33.2789250284609,92.5997663368711
-34.169888156010096,93.38658998909882,0.011707425049821163,-34.10110100185294,93.385335500815
-33.92731030561877,93.98470661282552,0.012796162538234106,-33.819963987019285,93.88484990535687
-33.0080168326071,92.08489827774318,0.01643095962909766,-32.926442846116515,91.98775623229788
-31.820513596417275,91.28725049700569,0.011537711234658816,-31.729745542809205,91.14431661376354
-34.594733019783554,94.74375991371414,0.012159864753268109,-34.49437208639679,94.70470923955932
-30.252434346906114,90.14827672596955,0.009827278916445812,-30.243449275823675,89.95774447875911
-30.01532367525228,93.43489258860923,0.016539734688812407,-29.962234093743497,93.19482613626558
-34.795969091061096,92.04442087580843,0.011401483280675183,-34.76272862224232,91.98603354101033
-32.96460522676794,94.81825831085412,0.012961306945983561,-32.92538232657849,94.75657408372092
-32.74169618372053,92.36258065195071,0.010414717628581819,-32.740929768939154,92.1741264026592
-32.71016978162489,93.590142251752,0.006898349530402134,-32.666863890434335,93.58233178352047
-31.733080897125795,94.61492572653879,0.010213799747082093,-31.619572857050258,94.54479842659639
-34.65117235728782,90.92156482149103,0.011464748773550672,-34.63929817908859,90.88391946387168
-30.41059275988021,90.82348932023017,0.015170001435847525,-30.333505850079565,90.57916166228603
-31.0139556103969,91.43176444723947,0.012632024173553235,-31.012211715052583,91.32960275626354
-33.21963005049596,92.77015372455386,0.011835243791981618,-33.12986769939632,92.68492717234467
-34.40120669415996,90.6889481970241,0.017422864427306606,-34.32814345367961,90.70207472402349
-33.67087600427765,94.95282567818789,0.007822624276023243,-33.581114825899085,94.8779677976953
-34.29701592750948,92.53613875484226,0.0065426106142772835,-34.236459761270396,92.533311563862
-30.20850288747532,90.42790816724658,0.014636518046214889,-30.119137326767675,90.19253124396802
-31.897540306585057,93.65160652775731,0.010638194220946267,-31.75321484854344,93.61275541587801
-30.46710542452042,94.12986561633471,0.01756415471876783,-30.367185828195115,93.92980217026391
-31.66913908975396,93.14604109841883,0.014755358557270063,-31.596744623091016,93.04940873897078
-33.504620013599855,91.84571294831292,0.010979076458979616,-33.46013148879665,91.8091365462936
-31.708673433267187,93.19432801760085,0.012745674311428885,-31.578021926156914,93.09828442015288
-31.291937921480045,93.56871012603801,0.013698338515013989,-31.277206430804494,93.38828561889267
-34.934358462334494,93.86544140317584,0.006003061944246481,-34.887699150204746,93.91364636007783
-30.12007127284895,92.34012455485139,0.005423054916801767,-30.093403310578374,92.35495107639231
-32.90262758938773,94.82462081554878,0.009556282867828659,-32.85853252448393,94.80286118251863
-32.09510142298306,92.16873329873984,0.012347085429731649,-32.03674044565775,92.07443290172489
-34.701720068404455,93.99154354509338,0.010516110875174747,-34.69042243827174,94.03389425648038
-33.31851356653119,94.62656448736378,0.01171923852035686,-33.25848304673177,94.61424733665876
-30.104425111970652,93.8509806310729,0.013631973804505369,-29.929856254553897,93.7258197828845
-34.4464398228104,91.76724208675515,0.009803349477476261,-34.403776051724066,91.70173917994651
-33.570459287512115,94.1721175232087,0.011189839343855238,-33.45166055470189,94.13137737861065
-30.84205234064795,91.80763836061257,0.00854774409133806,-30.84454051445007,91.62976997320204
-32.46585879287336,92.33152191983997,0.013856549029201541,-32.44014896057083,92.3529346702929
-30.31777569309257,93.57022900865236,0.0053593300939015955,-30.175115618434116,93.46046335144874
-31.924008597510934,90.63224647259442,0.007837972441723422,-31.845413540477065,90.53560142159802
-32.3310703430074,91.7561021367317,0.01473559241926449,-32.25322132655485,91.62330911312681
-30.266276446406792,91.6012403459547,0.015977995528588383,-30.22604753518967,91.41961976210523
-30.89030619560824,92.53870120547607,0.0073778159698800645,-30.773011430216293,92.46711594214538
-31.5031165868392,92.56745134871622,0.012963787510521576,-31.439077428239802,92.53768325640408
-31.715576668969643,93.86952821402159,0.007579983987377547,-31.627893539094917,93.8187070414457
-32.468898080715185,92.874958779086,0.02,-32.417994988982706,92.69507153805483
-34.67488741993466,93.28019358553479,0.010346725120267094,-34.62776220738622,93.34603574793962
-30.011081586577887,93.81470305317113,0.010635347894125548,-29.94356595338128,93.56094295895257
-33.110016605115604,93.46083442908477,0.009455885123885621,-33.05953238665865,93.36380711677796
-30.817850174379036,91.98399371432414,0.013168916482308621,-30.675260648955252,91.7148306379432
-33.02381884942737,93.41310540992488,0.01217082861134333,-32.993637109199106,93.36688709007181
-31.397610240678766,94.30826028665912,0.012325769639986855,-31.266210012003807,94.20541643980827
-32.45167280452007,90.66943122957626,0.011037129414124928,-32.46819003130574,90.57985424601756
-33.67576244747204,90.11779917482866,0.010561286726191103,-33.650181127557424,90.0253509043038
-32.46890647111434,91.78770080540471,0.008678469716649668,-32.385486002984884,91.71787965429925
-31.3816070327415,92.1648066970647,0.01057650739828242,-31.293120585386493,92.04936219066713
-32.329812627009055,94.37072604132854,0.01393892663756891,-32.19378347155491,94.29951267864274
-31.263656458343444,94.73927215571865,0.013510185978675935,-31.13123576085959,94.60274670769945
-34.068319044170124,91.80945082567011,0.013059270393350798,-34.08677363408451,91.82440922917773
-34.63783066787499,91.14943605366517,0.012499895470777655,-34.50068501058254,91.16725233015059
-33.675025522981706,90.26992870977762,0.011876234413425424,-33.6431392450064,90.19929114069681
-32.62067722202621,92.66525030659115,0.016503110346986247,-32.57181367934368,92.4830765095202
-31.718039344523838,92.90509305483441,0.006380349610435215,-31.683397474988176,92.82678811065318
-32.78978195530036,93.1933521664173,0.009744636015227862,-32.701387818265516,93.1149849841521
-30.542075793320215,90.60425384268294,0.016104885192810975,-30.498366924104932,90.39861207551482
-34.699512502670785,91.01206431943876,0.013196958111456427,-34.74443001972972,90.98386674392655
-34.355667671326756,93.5131238119075,0.013276430560124732,-34.24696455570086,93.3951443758329
-34.05271246756224,92.39177234902743,0.012561187860920075,-34.006007957967114,92.3202490627515
-33.142523266710924,90.40209890441334,0.011472610019051158,-33.079978917732994,90.35342338830641
-32.80745934087929,90.51173472181858,0.007738338857709875,-32.71459645830286,90.49024822713655
-31.82166880039825,93.25695793192902,0.016991134510183713,-31.74289206525544,93.10600416717152
-32.55032451763739,93.20083673953135,0.010369555786483974,-32.50771484622252,93.13935723210552
-32.768074140519175,90.63023478277428,0.014784373654067639,-32.768555564309956,90.56459483333461
-30.992935828660475,93.55890008236688,0.009847527918981556,-30.90076661278747,93.49075391022298
-32.7662176932595,90.93752331037936,0.010134308450031208,-32.74885961343994,90.8154370208725
-33.80342009991833,92.91909655726545,0.013987312478049012,-33.77703183398442,92.91737826866527
-31.48156135780154,94.92583236866072,0.009963474379252501,-31.40294358068408,94.86866208965553
-33.785043995017325,91.53437325926961,0.015047790338858487,-33.80711088749118,91.55195384954604
-33.263000371450424,93.81147814627059,0.015875359579775053,-33.10894012818284,93.78661539639897
-30.65397998627826,92.28323591720657,0.010217443812845993,-30.527775561952396,92.18636589515515
-34.50757501687703,94.45644090629933,0.015027345943624927,-34.452321279688825,94.4126072767677
-32.552396045053904,91.25220027971473,0.02,-32.52958914130384,91.11063186881667
-30.23856979062017,92.3025993216982,0.01803226314648646,-30.043508480184094,92.04127214654545
-30.570758243616822,92.20200994287447,0.013054082752160575,-30.565697896475122,91.98375496654016
-32.78001012007195,93.98573409188427,0.014903941149013965,-32.71060441480407,93.89596825466037
-32.96362355333623,93.00589651284774,0.01138802491366925,-33.01298626513048,92.95379190677674
-31.962250942296777,93.0718092433068,0.011289467291218238,-31.922108349715415,92.91734830157695
-31.76466476897255,93.79653502350816,0.015088437082998351,-31.658821745546067,93.62261202629854
-32.232374814359574,90.422021514042,0.008783642549325657,-32.20484936835135,90.35771288308631
-33.265266226520005,94.15771809926115,0.014037607995640891,-33.23992957359943,94.1299175064137
-31.435937022833883,94.37980473278415,0.012021562962661147,-31.354355412448626,94.24585036415567
-32.82574649406101,94.13558814343396,0.010162846857483187,-32.814391630584915,94.03598902449124
-34.86944959100392,91.69354777485847,0.011349783950269447,-34.87110497077956,91.79519034499856
-34.02308930418523,94.6217775190077,0.011563260529065821,-33.94995040663958,94.58431372854913
-31.94920719675042,94.02725807417934,0.013214220847113564,-31.775993277665254,93.9001897318849
-31.945539132976148,92.52082844144502,0.010089667942571674,-31.912486622563566,92.43959388970262
-30.758167377122636,94.81076308646327,0.013535602076584894,-30.669145569246776,94.64625887306443
-34.03341576292934,94.1951344814558,0.012900403405669706,-33.98705650208025,94.1211902108962
-33.14995598678477,91.21544449278109,0.018534392054406247,-33.13253639822295,91.22084327438809
-34.67507274738611,91.26788164239167,0.015644239319376713,-34.61349683058489,91.2619544735715
-33.38130305096007,90.39389304545472,0.009007329550465864,-33.36388585013309,90.37880877020766
-30.625159723217863,90.47599861252678,0.012686573181089612,-30.53366451610406,90.26571574065152
-31.100704259000338,90.66614826578116,0.011871526674277433,-31.079812879503155,90.45668627436753
-32.02826252872439,92.78182860833678,0.010674164824448771,-31.92088271939521,92.75899037021037
-33.15102906755294,93.87146613914028,0.014821672445643884,-33.16039726557815,93.85290893463721
-34.86661040341312,91.55425471245185,0.010132180034401216,-34.770254015784396,91.54310996973884
-33.71900650260804,93.80143983064723,0.012333460370740193,-33.72103384587392,93.73662808201574
-31.358206711762413,91.81642705702173,0.010298136219637903,-31.28972829719593,91.67004841420494
-34.07420072243554,91.66076864117841,0.015866414778599316,-34.04874055583022,91.56711545922599
-32.74570712286354,94.45923680263789,0.00954157192098171,-32.634422138800524,94.33767842716803
-34.16879753301865,92.95642395314779,0.008605864067864528,-34.128089481553076,92.82310507106422
-33.60646145551876,94.48733954692287,0.008267959021257022,-33.63085551818517,94.55212879234077
-33.09776951998206,92.6016849891261,0.011604947371681043,-33.029441128414526,92.53414288163452
-31.877636093037104,92.22907050835069,0.013233048015188693,-31.882971066906343,92.120738574419
-33.19078111757129,94.47198108719248,0.009746651545519534,-33.134028734005156,94.42736059886289
-34.51574666504895,94.43036192698068,0.008865870981731255,-34.47178037073816,94.3555368068715
-33.406882962074505,90.28428184152212,0.012371093837763076,-33.356238646179776,90.19506377736735
-31.795865039630165,93.27370404004468,0.015327769449655236,-31.764015432602164,93.14777182245147
-32.615941195076104,91.50246584525769,0.007903519100996468,-32.58768024685724,91.49872084530469
-34.42768865825247,90.85691569641385,0.008500790601574522,-34.37835589649639,90.80560887431938
-33.7372544076289,92.83589975843552,0.007857304529909164,-33.706230554883035,92.89456783758818
-32.25448497430093,91.67729671673898,0.014853931872894494,-32.19852002003768,91.60652576236205
-31.492479742144152,92.19072292795232,0.011814612768832507,-31.415290023668163,92.06014397735862
-32.70955135709306,91.39525440907917,0.011978458242759255,-32.595988996136676,91.32070585144169
-31.69171543196249,93.29320995441292,0.005,-31.74236182740276,93.33049734390612
-34.97192929547161,93.23799729705213,0.010226830310847208,-34.96166540776696,93.2480855069879
-30.955942536490884,92.64883365350316,0.015144998152762872,-30.920870365895677,92.35459045749495
-30.99797985079101,92.00979297734644,0.011166889036850005,-30.903079182139475,91.93593541537338
-34.26993173089356,93.65729397499074,0.015093636330022241,-34.22443092691565,93.72877966866214
-33.023810709031565,91.09838341682324,0.015696243948048336,-33.000790025911805,90.94328466542446
-30.750804378900977,94.69747064525563,0.011550041574776095,-30.73092874018278,94.52469254807531
-34.92445760029683,92.26113950298046,0.009227128037304803,-34.89558733006706,92.33677789088591
-32.53920692064463,91.64671577386972,0.011739743397180463,-32.49914055289399,91.59468594298122
-32.504481340857495,93.41369827925479,0.01084821405022275,-32.486321548106176,93.32497495492423
-34.092205505757484,91.2213818425467,0.010079731821039573,-34.066345226800934,91.25739538290702
-30.844122461139193,92.48328734135805,0.008853319289510005,-30.81635465261715,92.42254116941102
-33.08107307362684,91.81832900607687,0.011668701423287985,-32.9968874148329,91.7262909862264
-34.834738263484375,91.65830707758538,0.014731411913459794,-34.79012496118406,91.56374549577495
-30.718151911933596,90.11148094318189,0.013214795412556426,-30.697216081061114,89.93003894053787
-30.112449086093388,90.51570502143447,0.006741936572771758,-30.11167425028868,90.34269637737059
-31.975719362617397,94.12170241293563,0.011980944912291283,-31.938341580524934,94.06141385590479
-34.12739699225881,91.84968711715294,0.0093850483881838,-34.148185590933224,91.84906503592306
-33.18544608058955,91.40673297033935,0.007249046197102435,-33.1370111204694,91.30230235482786
-32.90249239871842,91.35861116690545,0.011273571971590427,-32.8513823892503,91.26248364165616
-30.771881440454635,90.76864085842408,0.015476851352699038,-30.694348928167834,90.52611747917172
-30.299830508749487,90.34735222151072,0.008416661869004822,-30.22913147918408,90.20457452324382
-34.388774857329054,90.12023018172736,0.006075445068590234,-34.23333864704886,90.14063705129853
-34.18361579326552,92.23432885166832,0.011741899325442888,-34.091534387184126,92.26858824943281
-31.219057606000483,91.08242964242042,0.0156798940998588,-31.156378605103964,90.93818867404929
-34.95466297302883,90.49876174966698,0.012840603230904824,-34.90818499662995,90.52148855823832
-31.30998630485297,91.34499064875011,0.009972757465982125,-31.177736677662846,91.26147543070596
-31.265397869216834,92.911210837981,0.008406635842718495,-31.15289138023389,92.82062861637328
-33.443337570246975,91.0246138980595,0.009532379737192518,-33.389043310875394,90.98902027646389
-30.788692926170093,93.20488194809663,0.014963117167211876,-30.705319255846778,92.99588718313949
-32.416710957043804,93.92084082172201,0.007200939956576941,-32.42917019748505,93.89842605622749
-33.56842637546865,90.39101115351973,0.01048349197097167,-33.54995280742646,90.24973091338414
-31.75123435538653,93.21321600091045,0.014462403755374385,-31.684755489926008,93.12875261571932
-34.27819514556378,90.93454702390642,0.013447778645644089,-34.33559525972201,90.8629901637977
-33.33927552567603,94.52928100268052,0.01158475919457488,-33.25135610087435,94.44616689752465
-33.15111803275036,90.35760818669955,0.007808181663528409,-33.1562158586278,90.36680542124049
-33.43330856325495,91.31748651012866,0.009215242887775393,-33.402142872392645,91.28948079116857
-30.727292991823404,93.82954583189968,0.013092870603191299,-30.69016678599121,93.6815257774992
-34.14008314752763,93.16764840782619,0.013285305062156028,-34.07044381284241,93.1951625465468
-30.331496191699017,91.11784412877272,0.011426971665215325,-30.309374711316554,90.91922169378145
-32.32618314026986,93.8980789347057,0.013427152818820084,-32.23830045069935,93.79942995456007
-34.637886643338796,91.63382077630743,0.00986505702334738,-34.558029382205945,91.62524081278166
-32.56949693283522,90.3861055419871,0.005790463143105181,-32.558977217793874,90.31069296673215
-31.72581161163539,92.39593450594131,0.015086509985499267,-31.647541880219688,92.27222346754934
-33.94176775588072,94.19783218324581,0.00904940463512444,-33.90564470511378,94.2127172802007
-33.4587533236238,91.30186212818546,0.015346735795566445,-33.39162438936004,91.28533357177992
-32.992938689091446,92.6316085595258,0.015345300583281726,-32.99137347217784,92.57542750521922
-32.76496990802224,92.67350234808502,0.00963805832807488,-32.72355325866763,92.75142336801828
-34.405174500308355,94.49428308844492,0.012324361496077315,-34.31751056902641,94.54606931366958
-32.55262771991427,93.41884194658728,0.012166980568344367,-32.500790619745096,93.49036591862323
-31.0537801104535,91.29016478082718,0.010682008618638243,-31.024540898943254,91.23282785200361
-33.26882635426142,91.70849020518169,0.007097016266159639,-33.21069759938354,91.61292266823388
-32.94348881364667,90.0923628844261,0.008927597534940237,-32.94532022472689,90.0511221530486
-33.93949245172888,93.18628426040235,0.011164547185042957,-33.89236813962592,93.16750239778565
-31.509651323004924,93.44526849003266,0.009515388146315619,-31.395489878123847,93.42709707242486
-30.71912341153246,92.08858359988575,0.012719851626139433,-30.56857099681048,91.99083994195408
-31.03811579885959,93.54545629772551,0.013408943681354674,-30.967207723481255,93.39594880285559
-33.39437120272561,92.10699347850311,0.012040792621504712,-33.33758535444464,92.02859948030209
-30.81438129597983,90.80877041352794,0.01447254992641011,-30.821405428656377,90.58969576383168
-34.2780759292236,93.51776252443905,0.00746705903346929,-34.322764417041945,93.5112883682725
-33.289857134924674,93.25980911222749,0.008708312928422241,-33.253285319756685,93.20202667382398
-33.75843066352217,94.65199718184856,0.007325874503406716,-33.7101047079464,94.66329739920864
-30.85658139496112,90.41015300164004,0.00906217322843244,-30.901614616311925,90.30593792200455
-34.9195208880997,90.97826115899174,0.005,-34.89574032113524,90.92402345653686
-33.735150639872074,94.82399600087342,0.013552180383662423,-33.62492866994095,94.76501521785625
-33.6497754073678,92.50271015587796,0.01492442033810449,-33.629579130121954,92.43926232252294
-30.409549521516464,90.03669097409579,0.011032258133829097,-30.348562461042018,89.88351598420878
-33.97336483371981,90.73564363925713,0.013054408248333647,-33.99583530154074,90.63460526359717
-31.777734819224797,93.49715652209397,0.010995291655964069,-31.751133166698555,93.4033973788854
-32.81774919438792,91.61454917553041,0.011103065980121868,-32.71373130041638,91.53314545059233
-32.2820885365983,90.15658646462084,0.009287273489804836,-32.22818128209925,90.13381404662503
-33.86160288386502,91.4042286216008,0.016024300918262395,-33.79005517294311,91.3182785336911
-34.9756635933434,94.12314718017397,0.010457238819335416,-34.91298603285233,94.11127930321979
-31.171514270921605,90.40349858755495,0.016315053459964014,-31.098892052356515,90.27360607107391
-30.974751337538912,90.86639259661659,0.005992446438289489,-30.99497299953615,90.76166944326036
-34.759826949526264,91.56377586413366,0.007593459524747246,-34.713325271823585,91.5116141623606
-31.850079567540607,93.96961321129271,0.013060410569588593,-31.883490145010796,93.90177026778065
-31.9033079777817,90.49545225169406,0.006996568454982048,-31.950651084134066,90.39834651014708
-32.61815427647377,92.25835803568864,0.011556710308780112,-32.646222548005916,92.14732626006516
-30.643223060537053,91.76889066998949,0.012764489063123628,-30.552855381419917,91.62298680178972
-30.212614920615536,90.37763841626403,0.015128863687366195,-30.155296045427356,90.12454304063782
-33.12209513830514,90.89255410352295,0.01303052703722379,-33.14480770883727,90.79358559639603
-32.7887390383336,90.98854667171344,0.019006720375245822,-32.724385175756446,90.8499328392954
-33.96614808805168,91.61347749422582,0.012641436139125436,-33.95745979116599,91.52576941324125
-31.169860450273198,92.69238294847143,0.005474620885802168,-31.19320594951976,92.65466382961196
-31.803952985077867,93.40104904942585,0.014256037544769673,-31.711087673552537,93.32155297484418
-33.92053523253361,91.45460471818298,0.01541525968553726,-33.87396751900386,91.34525645176372
-31.447925227251623,93.54558283735658,0.01367490483599578,-31.31906526877413,93.40859639089155
-33.44929131244143,91.96334760174773,0.0141479423620296,-33.452044078225356,91.92413472393598
-31.365429463583837,93.3491302230246,0.009887908466352856,-31.319938735261385,93.2864128064668
-31.9320689148959,93.14084930643747,0.0123924478789232,-31.880152557968653,93.11073797105728
-33.88178365688335,93.76309315393917,0.011034128590846896,-33.795183349386846,93.61114043874147
-32.319597700854196,91.79093886358497,0.01743954574368567,-32.17466463270928,91.69097590225236
-32.36628479036198,91.08014236089032,0.007137662555200612,-32.335340002139,91.04807762670653
-34.222731599900264,92.09573579446473,0.00985765493212912,-34.147100125622075,92.04591808330656
-32.500496207173185,93.58572216348239,0.012840508687547495,-32.39634449124041,93.52531090296517
-33.35719351744756,92.40846760137005,0.012079222804580805,-33.29123756632527,92.26016922585666
-32.57911636831078,92.68192060400094,0.010089709056339907,-32.535062084808416,92.61307472487313
-33.71554836014166,91.16260833644806,0.01335278545000539,-33.686364562871,91.13335431841618
-33.97216726242179,93.22784473685327,0.015559457254930359,-33.87237553925486,93.17162368303221
-32.57677987742149,90.885483318079,0.013041522944491743,-32.51841618183036,90.72611923003437
-30.54412594151008,94.15025813122757,0.014757406147609894,-30.533660555684204,93.9648044787702
-34.725539098976455,93.30846297171344,0.012563631534679863,-34.61454913388392,93.41023897461052
-32.937477734305276,90.40428277767661,0.011370963607263545,-32.92999474896306,90.37104747931667
-30.986852305735546,94.04089998244177,0.018664732441109794,-30.805063715402643,93.76102513200821
-32.874551215241894,91.38881291561412,0.01760799117570483,-32.79553791449332,91.27080625504091
-34.77198657730389,94.04616074780978,0.013821828454563838,-34.68232013398248,94.07554303769642
-33.60241089689443,90.57812893389234,0.012188303776677444,-33.600709108986706,90.55498434005621
-34.275310343958346,94.88503333819851,0.015143571631833283,-34.1318103461527,94.95474490096181
-31.61588717700153,91.44202870110182,0.011515339973352344,-31.56214364305689,91.39666392205906
-31.338306085518465,91.41774923931055,0.012837371916571604,-31.29284183337932,91.27629682611096
-32.058542555509234,93.71798250120278,0.018073025297252722,-31.964422755618486,93.55429801721604
-30.418232133984315,94.51563227930143,0.011027437589603969,-30.416829713156183,94.33736608985105
-31.300782327796227,93.71085137880745,0.010974802040225492,-31.298400123511957,93.58545694671461
-31.46125053723549,91.4115799352966,0.01139246708279823,-31.439237356641815,91.28963857394642
-33.04443351276774,94.4547974227419,0.011146021219863293,-33.01349705877412,94.38589682027428
-31.651469041394225,94.01313215529561,0.010975505975281715,-31.5222949897973,93.8348647233891
-31.783724811433476,93.59691422277815,0.014376349294544725,-31.786165767691365,93.49171375043588
-31.121076926749506,90.04520088954723,0.013005500127828324,-31.13240004211486,89.85696620785201
-31.411304749421518,92.00548937017383,0.011452095754011139,-31.383119258700837,91.83809661390924
-31.98784574823658,91.2961373963866,0.01265149297058894,-31.983251014334666,91.2199809583527
-30.572430563959625,94.77389463227536,0.012002825479002405,-30.46511286858147,94.61030938342934
-32.56101202992435,93.4342163471088,0.006959664142619909,-32.4722658050385,93.32377333165357
-32.91936700204674,91.25259639411291,0.008930125039757788,-32.89424095271228,91.33250967434667
-30.766241950087533,92.95379554847312,0.016436540825841,-30.68754844657739,92.75380510357569
-34.458508716189684,93.23513308464572,0.008224109579855407,-34.42349728310606,93.22705409626708
-33.90958168755259,93.38096305787207,0.015560364626400782,-33.829395007770465,93.30610998661615
-30.279382769648702,93.15473864713614,0.013989441953250518,-30.240840201301864,92.9780999807362
-32.17710402495129,91.2512005738735,0.008757531553639973,-32.13544826354392,91.20409283063583
-34.252775397086786,93.62069911435174,0.011918329302283037,-34.19446841742765,93.61885220361403
-34.989822782930545,90.08455041049139,0.008822470491866023,-34.97945045395951,90.06687610395622
-34.793132980731976,93.53152942474716,0.011737166201943513,-34.732250135705215,93.61335627721678
-32.97054978663573,92.27554051813175,0.012988420059859621,-32.80541675733089,92.26456699982704
-32.48854943308453,92.46014802713566,0.006795911363956138,-32.40393725815986,92.35956797560053
-31.631657396975363,94.05603822625943,0.013481253458282525,-31.45014084030724,93.97297755844092
-30.582773648370036,90.26791084155816,0.00822511267801368,-30.561231904854708,90.18172173931455
-33.02192632749495,91.49285448593746,0.011146332030623882,-32.981105225807426,91.45343625040992
-30.302745230686007,91.69626473551612,0.012614025692666826,-30.28226344118353,91.51603067501085
-33.308771437153695,94.43823436732133,0.01123581040936764,-33.24241002433676,94.35861940927462
-30.13242667408538,93.72283458087644,0.007297054035169033,-30.080798273639836,93.5503098616103
-30.10138824516103,92.57566228881686,0.011130109926182777,-29.95556346188749,92.35209875219266
-30.244758398628054,90.23775449973758,0.01073906723141601,-30.256864282135343,90.05914543879042
-34.42030996410099,91.69490001212874,0.008703451118924862,-34.41780254030409,91.70932446747291
-32.91151622452891,90.44754714018974,0.012236587499845616,-32.95060830796273,90.3277176234645
-34.695895910118956,94.78875734518179,0.008994647853202635,-34.62248107549346,94.78843489978574
-34.79494904250645,94.65700781247774,0.014346844429084583,-34.760150851700196,94.72465486747039
-30.285042645267907,94.17335892906824,0.011684137832374437,-30.176687347715447,94.16807402509109
-33.77897794007147,90.18302582626231,0.010124218570997866,-33.73888036467669,90.09060097954054
-33.00276439065892,94.25704698353896,0.01572303882631233,-32.874574948445684,94.11175745390106
-34.99788978352058,90.5384352880572,0.013509292973044165,-34.95362804364027,90.51030030570094
-32.37173717632983,90.40617367706987,0.01270749431225822,-32.30337433534855,90.22011578908295
-34.49879715928976,93.70422847811592,0.010974493038549159,-34.43984846118903,93.68822699813725
-32.60423363543958,91.1720360674425,0.014037556202979752,-32.50956113958641,91.1184328364133
-31.46446621939957,94.76024199080794,0.011413147611007896,-31.368539245908213,94.60124215358722
-34.13386791826654,94.90902176266931,0.01211449469019496,-34.031006031266166,94.84514461249559
-31.759178018789605,94.34301031885383,0.009735316799700536,-31.62893468716746,94.37445765080481
-33.863739112096674,91.39232999451764,0.009892345613855557,-33.87143354831813,91.38523948430395
-34.4348924953548,90.91657785955283,0.006618400161910383,-34.38457660719975,90.9501527414769
-30.919686810770255,93.94798667475345,0.010096280296545383,-30.796814318868424,93.77547477430987
-30.710531623193987,92.23608281579304,0.007809592646920939,-30.64472611629683,92.05409164671705
-33.432062481103685,94.86652667800539,0.012562891568926498,-33.290361893157844,94.88198192836037
-31.01765416977852,91.20818417005702,0.013441826204631522,-31.050526995806226,91.03947434529172
-32.16562833247199,91.96145108078656,0.008198652870316998,-32.10584430162932,91.85619860012768
-33.38593356728923,91.53548225572347,0.011567448148991499,-33.379250113323,91.54372343920457
-34.72042969501317,93.78190121181241,0.007178896503093959,-34.63638846277937,93.80974265555098
-31.680964490532403,94.12481223367101,0.013813836570608144,-31.594533661869818,94.06620664949934
-30.361772144010942,94.0712892270998,0.013446274935125829,-30.356109979091737,93.90819169777158
-34.67439000906691,94.58881155741801,0.015069968821440084,-34.630083075216234,94.60173765180562
-31.251160522521644,94.1191793579259,0.0096754098884952,-31.174497184858406,94.0332312308404
-31.782600566809297,93.06259652014683,0.009970581441725565,-31.753966206838257,92.93575461906603
-34.50060957949184,94.60011888476761,0.00999375310179523,-34.46559691199391,94.6215748151049
-30.13135225190904,90.72868508446766,0.014355542551000688,-30.08628241244114,90.47049180000536
-33.58099279940703,91.83819840729853,0.011870861003982179,-33.54842602556673,91.71926761868649
-33.1767407045464,94.39902072294925,0.01247481232384291,-33.13715533456676,94.34092528716947
-30.202299221479088,91.19848072682913,0.008721964115290946,-30.15870377292437,90.9528437781842
-31.58406930415886,91.44658087599075,0.01607373370809184,-31.54651141741262,91.27296835634286
-31.739589969432306,93.26674095884306,0.009358409855774144,-31.7075638937839,93.14902009504955
-33.855180807058176,93.75376352064941,0.01119629538142312,-33.75594069796648,93.75500949924788
-31.604333364205438,93.09328711226897,0.012200595032613299,-31.53645093360506,93.05769266608222
-34.21982847255187,93.56522762025423,0.015218962854949822,-34.097874644945385,93.49358034064895
-30.191103301654564,92.62255252043869,0.01713519673964588,-30.093274666562408,92.42085336443357
-32.472326668288424,92.36325291444001,0.00755388432530963,-32.4480938733139,92.39221820057509
-30.45809125225678,91.50034820804187,0.009317598888256895,-30.388702578923567,91.37937542823789
-31.49992105891232,91.89944010938974,0.015409023159767346,-31.389488607461416,91.82361061710465
-33.84131543542205,91.32472508298434,0.010097851879304722,-33.788942839240036,91.32490596211403
-30.428999030222165,91.77900564827081,0.013909348939233986,-30.32592703518762,91.56543158829932
-31.517267070892814,92.8677739615709,0.01154310860869607,-31.504495163743933,92.7060287889342
-30.418981296005942,91.84563214049443,0.015597701077858562,-30.351389652867756,91.68540845977711
-33.89091102574825,92.82910894449778,0.0165985839705105,-33.76382475157312,92.8583837688984
-30.31270312780035,91.12609431152345,0.005,-30.34638354238293,91.01079550033022
-31.39392215937792,93.98711827540062,0.01266428184478985,-31.35274141388539,93.86204300646197
-33.008661506112674,92.15687250710492,0.013854192288524856,-32.92968358670964,92.17577762947407
-30.178194431802748,94.64282408951573,0.016542402823029843,-29.996633628594324,94.4747348953552
-30.345111225576183,91.68218362344463,0.017328972120477258,-30.323972386422998,91.40382877887428
-31.617681791460043,91.60900439741943,0.01441493354072557,-31.571284816259087,91.47002754137782
-33.73159895146301,94.89967744600258,0.012885129698615015,-33.647609699633854,94.81124073375491
-32.97562625731108,91.5284385797039,0.011885082881484064,-32.97530426934884,91.4234789368871
-31.850894164464453,91.07021336190847,0.013724590022215315,-31.79460475871221,90.9894390115899
-34.38507620303637,94.68102737617366,0.014976288092617045,-34.276948058301244,94.66528106613633
-34.81724742431136,92.19547650932124,0.012907918896792932,-34.83573782893562,92.22173651525647
-33.18398712196784,94.25404712200344,0.017240510424050857,-33.08489195849792,94.23861477505365
-31.1945923992369,92.79180479594419,0.011133257459945,-31.06002258308323,92.64129635072696
-30.226363470679882,92.38342484477957,0.01216667456577928,-30.208788585180663,92.21871267117422
-33.413277087842076,90.33798058056041,0.0059205369713326685,-33.384049141153554,90.3580773846402
-33.821210093234654,90.85363430998636,0.0155243847757559,-33.7461559292825,90.74531634159847
-31.976875347472888,90.12838079854149,0.01699197084065336,-32.01284841469744,89.9029000783174
-30.95575616832722,93.62153744687423,0.006608821686940029,-30.970098265025378,93.55623065190002
-34.84659355654174,90.52310106850169,0.012408697466687647,-34.77527006879104,90.49129662018908
-33.52500767224119,94.72559751052596,0.009512256882034172,-33.4905017719493,94.74374211585125
-34.460504515555854,94.10170135480973,0.005659840272355869,-34.38916786798603,94.06516078823023
-30.12718121649183,91.4394308274687,0.008526873137671328,-29.999970222278158,91.29477017687103
-34.835306531534144,94.69961230807495,0.01425848379507166,-34.72164643040633,94.7752693344768
-31.20261978344364,93.86408105818114,0.009619235899451361,-31.102530594511858,93.67310767648527
-33.85498377649259,92.74182528691287,0.012158552367298965,-33.77785983070395,92.69987826623165
-32.026072721974856,90.9817716251569,0.013118077675586688,-31.99332094929472,90.88801492052119
-30.796679059238745,92.96788984842544,0.0099416485839726,-30.725046400212186,92.79737442245052
-33.39543682936615,92.52907603361638,0.007489797483477968,-33.3823432533373,92.50171003169758
-34.29794146916905,92.74493703940159,0.01147378426382903,-34.27343511607278,92.66898518043543
-33.556560002005895,91.58468128042877,0.011589414386015094,-33.52513645533864,91.48585697250114
-30.76790692908445,92.41366140971031,0.011296717323664596,-30.74897000737939,92.33581213563217
-32.62255494053615,92.41232563713072,0.014799956687525834,-32.60611866276331,92.29447729495412
-31.546799878420114,90.92117575552042,0.013026964016371734,-31.57165537628934,90.75010328691869
-30.711750593703584,94.71401410063352,0.01612444690676785,-30.631640550822574,94.45172569459433
-31.982389426481618,94.21198417341044,0.0130504818571257,-31.905061700371704,94.14262408403096
-31.926545121618762,92.24483089399735,0.014244623864034796,-31.833406063972422,92.12404190082532
-34.71947243593798,94.47563645560759,0.011603232622641962,-34.61818533790307,94.43801851288093
-33.78331564295144,93.01133910131458,0.014005567320530592,-33.70499228928904,92.95764732044445
-32.39361298497913,92.95389975925451,0.010739800970633798,-32.350011089325,92.85893703932496
-34.95293720302933,90.63795164646689,0.007509872976463401,-34.939449969173516,90.6641877886199
-32.92120146738656,94.50859010316431,0.011147881962203166,-32.91534648022829,94.4616739774947
-30.24361569631148,93.59862109088739,0.01525376849557737,-30.17449037935476,93.39626947918117
-30.057827704717027,90.19084805379335,0.00998738952596985,-29.982564579080513,90.01045345849876
-31.528624224896845,92.55379456747339,0.005833603829102121,-31.526377576459236,92.55908891284005
-30.12415157280465,92.13059306752277,0.01365370999458437,-30.107751869150334,91.85854601890756
-31.799218444413583,92.896743259223,0.019749043228894866,-31.64954990767384,92.66297137058223
-30.98935883488662,91.68961585648074,0.013437285430410525,-30.985117586620962,91.55235394132302
-30.239079340655103,93.13595465831966,0.006918193817189157,-30.180978745755638,93.09698325683387
-30.849409877459,92.41838991003804,0.011007616185536237,-30.747402891049322,92.31527323544194
-31.71101854429135,93.90558766126296,0.012003574597438636,-31.68026324692442,93.7410474196228
-33.360040058277974,91.90478357120178,0.0157155971608574,-33.30612168943742,91.83524685249165
-34.48958860279776,93.41437358935666,0.009854458825897252,-34.38955860553305,93.41509414122669
-30.879325996528642,90.20146873640519,0.013614852865749382,-30.79391564264366,90.06690176794262
-32.93505576713605,93.96339699043857,0.013037752709750999,-32.8114590377664,93.77688599574171
-31.352003133079645,92.6800953855191,0.010122042824233936,-31.338108735801345,92.59857593686688
-32.0959658970307,92.20782615265998,0.014256810162317508,-31.988424832312184,92.10274523754566
-34.21345218341738,94.37422738511233,0.01878810741820733,-34.139462184685165,94.30960667646784
-34.32159838989287,92.60244593370493,0.014210873830245118,-34.22668121076883,92.63457922811222
-31.581783271476567,94.40681737939768,0.013368420843844557,-31.49373666162825,94.26182455222293
-34.77057840186627,93.24359214151075,0.015586094856396358,-34.70645926770553,93.29914393749661
-33.45877909186317,91.00130155543727,0.009768348527155952,-33.37535608976461,90.92067215422172
-32.11628727454436,93.74681476883042,0.015774756366935365,-31.980508335502616,93.6490906877642
-33.051563232087325,93.86619350363276,0.011365183052622524,-33.01982272771949,93.74341711345693
-34.505104581528066,90.0017835928954,0.009651390487556909,-34.47899603097086,89.93565306289437
-32.078245851510744,92.40390860553231,0.019167437878893336,-32.06073146439283,92.25453678183571
-30.79425808823855,90.30440816141778,0.010133023608534675,-30.703120381451708,90.13756355136698
-31.759085531195552,93.39977080421866,0.008745221478480182,-31.687932361711127,93.38476661172817
-30.889193026647835,93.32297535463937,0.014776080274896214,-30.82001175667205,93.2478046739239
-33.9310080469141,90.66534538267041,0.010485486068277268,-33.86863689185718,90.60333123133456
-33.64158313849594,93.86315560987386,0.016270246735194588,-33.55219203068776,93.8405027491311
-33.9172836146974,90.51896907581175,0.011316109800010873,-33.92935700034604,90.46124203729951
-34.925558059143796,93.03397585543146,0.012286269789510616,-34.92492458154315,93.031133583771
-33.19680802174115,90.23422745640461,0.009441453000651467,-33.21568675530457,90.24474037297581
-33.86340410267489,94.48153560956237,0.013417613427913158,-33.753291703384185,94.5763885616705
-33.6042005736633,92.50665583724832,0.009863303333904899,-33.577826156424365,92.4591476403492
-30.51593482605493,91.09928344505144,0.010947443279474521,-30.46867386736229,90.97184797438123
-31.947572015975577,94.86647851431431,0.010427053989141843,-31.916456885502964,94.8470067866351
-33.22970160266097,91.32842539267112,0.014240763679032832,-33.20501192177501,91.2474508766262
-32.51241197892128,94.01526097340115,0.009654317392531715,-32.42061000726816,93.87822366090523
-33.87635135425001,94.109431311593,0.010162960509829198,-33.7320056108039,94.10317848127491
-32.179709368058255,90.15215585689587,0.009039880910646933,-32.1395052756803,89.98556345288587
-30.104048238554924,94.33155127010735,0.009010351158962357,-30.0643955368617,94.22691109797347
-33.51980983084901,94.21573282784973,0.00958845527081551,-33.488803334454396,94.1833973454282
-33.18192966277306,90.75574350865502,0.005,-33.17660123506028,90.72876631454916
-31.184035293016258,90.80832753398117,0.010273982355901205,-31.18889444280181,90.6526902476522
-30.826529740542295,93.09911636683054,0.009415330381201356,-30.718671988672874,92.93381036110337
-30.621718214352796,94.76124651169935,0.005071340937764541,-30.574065736027983,94.77985296167697
-33.068791497154386,90.00278518451778,0.013786536104020983,-32.99266144394787,89.96523105666544
-32.66014501512735,93.9049367276013,0.011330011224236457,-32.53855483828346,93.82167249071472
-30.293722611868283,92.22215253203338,0.010110583758955308,-30.33278353777725,92.08189437520456
-30.736948888944585,93.54804951380848,0.0054253510253514025,-30.763630072717287,93.50587795049957
-32.938083022424244,93.87077705787583,0.013326590621197369,-32.87600020603986,93.76326379507348
-30.75625121720387,93.72524619200033,0.010646466879594208,-30.68166958716817,93.56908789365647
-33.56846428331071,92.40890648436547,0.008469729490533439,-33.593568531602266,92.44144719087605
-33.658445654479074,90.01866473804405,0.014045119822735304,-33.632984120783995,89.99454263055966
-34.80445475712554,90.19338258254771,0.006865921480917369,-34.74576570922556,90.21859335474322
-30.29664129916593,94.74187341207384,0.00759999650230641,-30.223396719382034,94.66280841802984
-30.294837901919493,91.2855096279122,0.008462826384625068,-30.303255853531816,91.11316264488212
-32.18184901122889,93.92623852197806,0.011313777855709015,-32.03401208730781,93.84038611103843
-33.995323180746404,91.28469285044913,0.016355211447625834,-33.984787623315476,91.26476881205876
-34.14747160107173,93.6974714739043,0.0117977930633452,-34.16248406508505,93.6329177395144
-33.490990446069226,94.26035647487511,0.016787679317263875,-33.37615283810102,94.07728794803907
-34.0820741458831,94.85147885730095,0.01185125893602164,-34.06189000222495,94.96574807960744
-32.34047599949108,91.44094178981392,0.01243461584920527,-32.34976010526664,91.26728295981344
-32.392503807274736,94.1697428333872,0.014065773720157437,-32.35882499574302,94.09955319627595
-32.22768950436337,94.7537561628721,0.01641411470280029,-32.0772433759346,94.60909222674108
-31.66139896084961,92.6572625866856,0.01239198508657566,-31.58519352955302,92.42577168394875
-31.162324321508077,90.4440410837358,0.011204796546461277,-31.169565259828037,90.28811578346631
-32.639442128389334,92.95648307939689,0.018701368191192093,-32.58938908248549,92.8491919113584
-31.32472592092555,91.33735938460381,0.009226741914841406,-31.30606962831236,91.09552612100181
-33.66698053839611,90.63193593656726,0.012958226876141461,-33.669920593498894,90.6663093025818
-32.551276495301124,94.58190101940203,0.013005087579007186,-32.48943217038818,94.47054268633812
-30.272210101504076,94.24489622979789,0.01115824555115787,-30.20228668071589,94.0730449807641
-34.84922810171711,92.61903349133907,0.008343906837742032,-34.786186832548864,92.63029188994611
-33.830149937674335,93.15492632684824,0.010006960902709635,-33.78560470130222,93.11080545441561
-34.55788092461134,90.57073799703528,0.013353836898580624,-34.53023650032257,90.57553968411617
-31.47833913696614,93.6228205593464,0.014392299786691428,-31.410913007142472,93.45253282614098
-33.81096254128947,94.13110706430574,0.014660332375012294,-33.656691630775576,94.15094661327453
-34.24600472380028,93.18647261784564,0.011042906704539592,-34.22111462415996,93.09737321131955
-34.85525567563849,92.57561844255598,0.008638121967270884,-34.807805507029485,92.57790950590073
-30.851892525349683,91.0765721536613,0.015098816575663363,-30.773378839179763,90.89452263670275
-33.16815468517911,93.45599914855099,0.019374858046316043,-33.1822772724379,93.4246249223115
-32.92281278720104,94.80313881212139,0.009720085583235467,-32.88798724814792,94.66665619898136
-32.69991982750765,93.46903258673235,0.01055542831876133,-32.72983807568843,93.44235432302159
-33.6622225036621,93.76644337126129,0.016629768731776746,-33.53530209456324,93.83351474090168
-34.75338675552206,91.81956962520319,0.01452054599661445,-34.609805861358545,91.84288236548079
-34.79833857116615,94.435668821275,0.005,-34.8084944218664,94.447899785679
-32.45816090040578,94.19088672489342,0.015132576676838806,-32.38013228315618,93.95998268384831
-33.04682103034234,93.73816988186832,0.016828883587339184,-32.94218013395553,93.61846283721378
-30.95047627116258,92.89087141493876,0.009418240525489558,-30.901230276381117,92.79298769371921
-30.30261587821009,91.1711911513179,0.01038531952262966,-30.256977705999088,91.06124180617341
-34.80406432878111,91.83340998204709,0.012921757016652121,-34.8290876749756,91.84721689344049
-31.400209019649342,91.99987360028511,0.011110275197986194,-31.409358047673315,91.80057071280123
-30.87969802094431,91.85528407745865,0.009414600432244173,-30.804493390084986,91.67385054293003
-32.80295076679183,93.32535530598574,0.00984299357497593,-32.78184079271879,93.28341322758529
-34.239188035378206,91.17067481784547,0.011282608342623165,-34.203258317677346,91.12549417309813
-30.62901566656109,90.00396985086003,0.012363599808082716,-30.607636905839712,89.83753801181601
-34.3393860089586,90.6469753562288,0.013356000331918881,-34.28752354058884,90.52441705464395
-32.30879010482481,91.98993783935887,0.015910499826367795,-32.27259764470778,91.76995077833683
-33.822251317208966,91.26045250236706,0.01210976555370866,-33.85908949432748,91.12698338076623
-31.6798499441801,93.74245134532316,0.015942894899596723,-31.61673966462792,93.60889835766177
-31.706489336162203,91.09372835865132,0.01035477253962554,-31.767238899155185,91.00821053560823
-30.986115220107227,92.76572898171564,0.01006611120334469,-30.926717158161146,92.48990187838369
-30.059198911568785,93.57074997674934,0.010959248894313283,-29.96374072209272,93.41330544640552
-34.39380815602297,93.54180426724716,0.009938222607070082,-34.37085853736551,93.44859957217976
-30.712908697145416,94.25985646605024,0.009878580898381908,-30.606875747629157,94.14588396088898
-30.252798053125723,92.91384933127081,0.011382195985109245,-30.238047703102968,92.68819886853237
-30.18462041092743,93.1518547819393,0.01380962288654118,-30.07741721731629,92.96046285534867
-31.52178723803872,94.20272451478473,0.009089703203779113,-31.445090291091947,94.13061777656712
-32.51196494385509,91.95168517719003,0.015489912198848054,-32.47795480852609,91.84005957659157
-31.553812201789594,92.78642473073597,0.011173002719671277,-31.541488182021382,92.59413854943675
-34.03003513097847,92.04137020634286,0.0069613910304473555,-34.054281003316596,92.08503007417036
-32.52557454549889,94.99553325321114,0.009353985207465571,-32.53552243079048,95.00874236222985
-30.558136488673007,93.39151222254164,0.013180336606859052,-30.48928501965041,93.22820532317763
-33.43609230884433,91.89781229344204,0.008832059811045453,-33.42043377894331,91.9064736437221
-32.383309521645565,90.33013966655405,0.008057303212870019,-32.393304762010025,90.29244037523603
-31.460655118201025,92.45672766025568,0.008924575553816474,-31.372172700837716,92.3184245845664
-33.86505698306449,93.0926039841141,0.011249266600901172,-33.80888756642028,92.9377584902427
-34.0514547441477,90.47723602985796,0.009210382098465888,-34.06508918711227,90.47628877231628
-34.17956474891997,90.65926706099923,0.015656976715892296,-34.165147638552895,90.62423293605282
-33.165966421398494,93.5579280981887,0.013665071317350966,-33.108244256699045,93.45423806242707
-34.460806193784634,91.25680601358081,0.010061982693321874,-34.42339329229388,91.14401813686113
-34.201269560767656,93.23074345442518,0.008824954141962868,-34.07895796737843,93.22358071159874
-31.25014551958964,94.4229702320627,0.010481707135214641,-31.19881811097998,94.36833812273754
-34.07858461003525,92.10654696023153,0.010954668819939733,-34.014333325002795,92.02907911579358
-31.115332765363735,93.28628799843297,0.009931853814865681,-31.02906531012821,93.22444001107542
-32.88933712635474,92.0540791952369,0.011279689774872705,-32.86210942982626,91.93039611847098
-30.3429072097951,91.74836283123756,0.008505919968396582,-30.29471027118486,91.56219872579953
-30.038532059571082,92.70821412409649,0.015512866452538025,-29.960584346260436,92.54636406968913
-31.08004199699692,92.28136069709858,0.01298142500279246,-31.0672526381042,92.05093927788543
-32.65239450917521,91.23613918694234,0.014065383598504039,-32.58820958556002,91.11275706665779
-30.87866011275584,93.03022668240814,0.014714574637636486,-30.76012602915749,92.83381107742957
-34.97839260012598,92.42240821579718,0.01813037706479948,-34.90230168890237,92.38566085710922
-30.114298459571074,92.9754740730723,0.012633140864941042,-30.071534775608924,92.74267524224693
-30.540183268445176,94.55492238190092,0.01544581486375393,-30.44208822271892,94.2028729866154
-33.03934772784311,93.16784489665972,0.014005471707638995,-32.973763638624874,93.1554532575834
-34.023203961042526,91.09745727749923,0.014143729005404468,-34.045968889625996,91.0252652893313
-33.05662844295124,90.89914621266966,0.006384135809394668,-33.043683134783635,90.86199052834115
-31.080028615396383,92.38678642257962,0.009272167809791248,-31.011217772213264,92.2946023693642
-34.413258077277725,93.5084559258091,0.01359127836312307,-34.33572707784162,93.51083072508118
-31.64365201672026,92.7654736933563,0.00923191640664605,-31.62780763043552,92.61458488788197
-31.49529698980092,93.43693035272928,0.013737433435762064,-31.41645002850533,93.2988276461458
-34.904405559501804,91.14163451485923,0.00997092882440428,-34.95215308620854,91.0625971322976
-34.70257751169194,93.58322756656207,0.011903661035000367,-34.61977270187992,93.54437139925874
-34.48860886419355,90.68699221669638,0.010245889498299505,-34.47763082855927,90.60935181960797
-33.602217418453804,91.74654577170753,0.015909265873683343,-33.607359768001245,91.63271577337497
-34.712407421696376,94.54409099682479,0.007250933315749239,-34.64358857682414,94.61018280829221
-31.99923011471185,90.86925741161545,0.018102920693615458,-31.966359719475406,90.67793769402405
-31.38871975774523,93.17253460296804,0.014462715493346653,-31.306333684319164,92.96415408941773
-33.09277742035318,94.0656892121784,0.013001410360053776,-33.072141415018464,94.0028032613868
-34.08924830693659,91.4046045174967,0.013640049648633773,-34.10374826121087,91.33693635444004
-33.01996042604884,90.73782265273232,0.010611378049835175,-32.927109761786795,90.64154052653548
-30.44188843435198,93.23623023600125,0.012289596505426508,-30.34505107936733,93.07698190277723
-33.02012672130421,91.27648605548563,0.008096386111087043,-33.00169173040632,91.24764058090601
-34.96701667062541,90.19278089422004,0.008789636393756734,-34.953796380004974,90.17528541976164
-33.694387822769706,94.52919167023735,0.013464225536240375,-33.598259190213724,94.36713559354251
-33.4532422142336,91.22902376511627,0.010268030978522903,-33.461253386606806,91.09348631125332
-33.85430671428047,92.514786024778,0.010791783070448936,-33.795772863737554,92.53506837181403
-34.58055734570432,94.03387527492518,0.012180014314934463,-34.55524339582362,94.06277594440017
-33.55143505356186,91.97091483572594,0.012990556618787057,-33.51837130034051,91.94119674562786
-34.156679234396876,94.79867408214943,0.014688329483543643,-34.003634713060634,94.71539374309691
-34.67654949290158,90.05794648274367,0.013194731782075577,-34.70281176219605,89.9803645145421
-34.09792564106747,92.6016246094838,0.012635128137781624,-34.05527932158845,92.56525337485824
-32.20330816820584,91.90643716493926,0.01858338863393965,-32.149808910016354,91.71587245729886
-30.880938454482415,93.55469230425591,0.009858070458453577,-30.883677700051,93.45282207767742
-30.305070307834463,91.75485280172178,0.012056062383983431,-30.24454457848732,91.57832856898378
-31.915518812312325,94.46137141685209,0.012682743871043262,-31.741807773417975,94.36365503556925
-30.790052872142546,90.11207179055532,0.015616454523825362,-30.705732039867666,89.94808574546303
-34.81335407048567,90.85191673368784,0.01367162099793127,-34.763981562277856,90.85292943543023
-30.447734191283892,91.06818256845871,0.010396826541117326,-30.41397831224015,90.89558566814982
-34.92149868105782,90.2770506534451,0.008556183838696142,-34.87546140536473,90.2597672251473
-33.64728596853835,93.65741463980548,0.01539774482607175,-33.516608158224265,93.71216016215031
-34.064942758144625,92.3540819837762,0.011588687322971126,-34.021322928759695,92.31561183764308
-32.936861997410205,94.00968541375616,0.016703682065268247,-32.78995066334464,93.97236468468671
-33.63221909831621,90.60706484425573,0.012473643364516937,-33.61442002860758,90.47529253389774
-32.87573640352141,90.59006370473877,0.02,-32.89041719470363,90.39070836176832
-33.81578415138964,90.18351987158435,0.00919955702534508,-33.74268964019914,90.18059470617848
-34.38216604610862,93.15773677877311,0.01327705876193494,-34.3495451659441,93.05244165327846
-32.997186770811446,93.22749033904437,0.011423961801946183,-32.930333254101186,93.2397045616164
-31.971690098747864,90.82244896456949,0.014689206842657801,-31.938300698846618,90.73609800409447
-32.597412901260434,93.86213958848234,0.010990438313509893,-32.52833930975583,93.86344006653636
-32.13699287031105,92.29491950966987,0.011623568182399544,-32.03596098323724,92.19145302930384
-31.23938456158484,90.82789344628527,0.012780600082001032,-31.125203497014137,90.5905156225791
-32.995554994178235,90.09546914839066,0.012233862855314198,-32.91079235944185,89.99826668154158
-30.812964800195115,94.68276794337547,0.013144394475491202,-30.70430456871775,94.58092174837158
-32.721153614295524,92.41937819743603,0.012387144756936138,-32.669259705358776,92.34816550795603
-33.87822968833045,93.1783348550625,0.016093073189246195,-33.722181108025026,93.127090163298
-30.045237964065215,93.08051171805081,0.016057025099882972,-29.952390574761623,92.93178377709604
-33.986393519128505,94.83417249438465,0.017643707528385535,-33.88955725902929,94.76771764009969
-30.467083069881056,94.23976322835506,0.013021979440693238,-30.411534138388564,94.20032564925643
-31.57695787682778,92.69319160033882,0.01395276406446774,-31.492380846688114,92.62755217461469
-31.209118012168055,91.94050771776098,0.007805415685989862,-31.22110413090086,91.89587148742663
-32.25053116305674,94.15957568939456,0.009963163216775515,-32.272509172591064,94.10867563986461
-33.38677506430826,92.69554803271616,0.006016360122478102,-33.40453938033995,92.62602705587865
-33.3845974976669,94.45277544917177,0.009555275319235964,-33.329530770498614,94.34405003681796
-33.406691475666214,92.84093933819456,0.015741570340744974,-33.372984526226766,92.74910213808428
-34.56567962064834,91.598648982147,0.011302098475669264,-34.52865099325263,91.60692202532397
-31.96463495137042,93.70360004508342,0.013194708122331814,-31.927056734526445,93.57395011626879
-32.15861323775354,92.69017174708048,0.01684878246665158,-32.10672642147628,92.5832437711651
-33.546533955123586,91.43550132354963,0.014155018350569698,-33.47618956105965,91.40178487902236
-31.78095254855123,91.69576360249064,0.00974248758826567,-31.78582814418195,91.50645208604159
-34.65321439673776,93.7052599846964,0.011292322347007631,-34.59351908363228,93.76410299957392
-34.60217890640408,91.82572243085986,0.011908703363420276,-34.63292112868192,91.87009069147882
-30.74805949264357,93.06513785662715,0.011505812181018354,-30.697546293657204,93.00326550479083
-31.477574393888865,90.07563488765953,0.015751211701961507,-31.408663188372035,89.99022944567642
-32.3419522513655,91.70764909989906,0.012793639381520375,-32.282293165746076,91.58115984663627
-32.82029660425517,92.1869058589986,0.01255923665663214,-32.78488943282676,92.16554698309773
-30.836738947800075,90.1445332467416,0.012986290464241238,-30.80196447317507,90.0470118803402
-33.843325155931645,93.40951633246681,0.010526211778037916,-33.783521407175776,93.37533708568405
-31.264162789101107,91.48003605052739,0.013120307281467304,-31.255890875804337,91.4473736261976
-32.37355781387429,91.245955322609,0.012750265771084105,-32.3099349449743,91.22051478505263
-32.24511194160645,92.36628643597267,0.011439616320463404,-32.19876591378466,92.33365946716825
-33.03571027610916,90.27970593439234,0.012753473356182668,-33.05163589543343,90.25661071874245
-30.5206224716048,93.67580998531228,0.01352823270232412,-30.407820393351827,93.56781185516198
-33.31617065903747,90.57447821214726,0.015879903026755193,-33.25416092275909,90.46880468978182
-31.18401140761796,90.18061204356887,0.015561206404886603,-31.031720780217515,89.94901691731664
-32.5793976750809,91.75287744241365,0.009348788028449124,-32.59912328219588,91.73003402565996
-31.764547753056206,92.74636726482117,0.014695249538393303,-31.779172675410983,92.57803699907748
-33.545758140792636,94.8061374868764,0.011797538732254902,-33.56653583612082,94.77156234470935
-32.11575713140231,91.55201483329955,0.008696010432938986,-32.07418432284163,91.49173153531909
-32.72081509883743,91.61947846365761,0.008684638382008426,-32.65378271007771,91.53341242752914
-34.49517012116753,93.41010876273754,0.010757399227363676,-34.39670112996313,93.39926496877757
-33.57812595553175,94.68862869884903,0.008531435057210808,-33.514318573567245,94.71319378899484
-30.601791933321152,91.92693773501836,0.010535190723272648,-30.614331090133092,91.83179006496967
-31.702589754346516,91.16820713747342,0.011779353786999626,-31.74709688843223,91.03138070160522
-31.400504981490254,92.60103215635101,0.010928913807451722,-31.341742775463327,92.55700320722639
-33.030684422016705,94.10082880137139,0.009050403932648348,-33.00407512906309,94.0776525372111
-30.066761197795497,90.38555957157025,0.011909925359466967,-29.994542922816233,90.32888517686465
-31.895392257012656,92.02874519891783,0.01043643571837732,-31.892594881550885,91.9148905089499
-33.321496828744756,91.6742993570981,0.008897044475472118,-33.25024351766431,91.71060866708513
-33.841593496705784,92.52450080240018,0.00847150297525781,-33.81981874253341,92.44611514312655
-33.412632092002944,94.34997461512178,0.01091981806994125,-33.30730142562659,94.25373396299258
-32.956332059639315,90.87950508466221,0.014460031921602605,-32.940885846004946,90.80336762670635
-31.148942001075742,92.39441391134059,0.016649361592723837,-31.10063218816975,92.18301431535524
-33.119644480001924,92.27436038531798,0.012112090318822944,-33.08721866729196,92.216347118884
-31.64634062611409,94.99410556202857,0.016709265071439886,-31.518827072960416,94.74059209075365
-30.3739128270625,93.00839758721608,0.01831408987539254,-30.247701238762282,92.78240896134501
-31.54501676365768,91.6997867789024,0.014008673501801894,-31.447236821611146,91.536346066331
-32.46969288711365,94.02329897005036,0.011988281247165352,-32.38962911601751,93.86129319295458
-33.33173556452086,93.50022373053635,0.010033146811529083,-33.29102675059276,93.36477659925217
-32.53935753853889,93.24173397321663,0.013880174505140704,-32.43407874559541,93.20039630629064
-32.45077426773617,92.47267889855588,0.007717457810315223,-32.39493981992082,92.47075954565634
-32.761932706690295,94.87967204151259,0.015765900780782875,-32.6245695325994,94.74809961709063
-31.902550844730868,91.63369464430312,0.014004306086330204,-31.870200228134433,91.38730023698632
-33.575368115346556,92.85468727862306,0.012654302521439202,-33.515604637554965,92.81546282167072
-34.16579012375619,90.8692862869442,0.01159222376810973,-34.07528659214148,90.8374348311138
-31.358971103375467,94.54407415770156,0.014375795328576035,-31.304134593512988,94.35640447981623
-33.552191307106966,93.51461075354945,0.006974164343906304,-33.49981774541315,93.51223830684961
-30.166227423978793,92.97463873036652,0.009561233471400322,-30.146995845644042,92.853781266148
-31.801693414410916,92.55477990766074,0.013092949462507782,-31.740348172018734,92.35474541041744
-32.36517101670566,90.14025626160738,0.012848821869517503,-32.22101544949129,90.051032251365
-30.453696412349903,94.53996158672949,0.012688602581669062,-30.405651879637624,94.4224533111305
-34.428497427109846,90.20073508251691,0.00984282845898329,-34.38737584646795,90.22214726860953
-34.76298355653705,93.24854863664874,0.013662597156707073,-34.67465565138794,93.20017180992672
-30.788514441754998,91.84657818786089,0.017977535338479234,-30.690921568843297,91.62772105371045
-34.91546621937164,91.5959720736403,0.015137176342078897,-34.829942505208614,91.6273346760772
-30.286811032492693,93.55643635974116,0.008818606082812413,-30.14507209577955,93.36595954147984
-34.4215419744867,92.60772819384987,0.012679039251206333,-34.390297102962435,92.67830937648773
-31.292240247819784,93.08010568630452,0.013963461796719262,-31.194489146215897,92.94623561314285
-32.90345568516655,90.52381680814634,0.009934475595193379,-32.881123280210346,90.36937651169629
-32.20127906175825,90.59040346078551,0.010916091220725158,-32.170967324302445,90.49927373977368
-30.977201668092583,92.81172177084072,0.011419579898453406,-30.8735570933182,92.7740411516014
-30.15919719441288,91.19929151000477,0.01415274331853501,-30.025194725307063,91.0793497789944
-32.8051127582939,91.9175118850186,0.011559811549604514,-32.777701487666,91.83803530166306
-31.30060978001714,91.57596766912017,0.01251175088297684,-31.280470199113722,91.55011233379008
-30.02321083366551,91.22166311525262,0.005,-30.003281905787407,91.11331321666479
-33.59601606843278,90.40108682412162,0.006918455157036133,-33.545557792984546,90.38257335127031
-32.862521971762924,94.9936734838543,0.016272438877494723,-32.82415833135306,94.96495546147496
-30.85165236701432,93.84456454449959,0.011101909379397593,-30.758246813732747,93.72002156928507
-30.305659023602324,92.58181793764525,0.012813450936261983,-30.216250484641378,92.45128518227517
-30.588130780544653,92.90718390906032,0.009700222204674936,-30.491394627730497,92.77941938688578
-33.11087344216814,90.83204732423076,0.00889869298416668,-33.09986989831395,90.80148714468342
-32.995749645263096,90.28891213924709,0.014404705680593016,-32.88810983573508,90.20249292422129
-33.57584306308748,93.35469223454638,0.00899135353302991,-33.53952082341629,93.25490293091482
-30.588585360856758,91.67328722230751,0.010483986825126235,-30.453345785247656,91.5563276370924
-34.39983141274623,94.45232995313206,0.008064485160417995,-34.38805741352795,94.4567733971806
-34.67213191446332,93.73708877040143,0.008023992030517485,-34.66239941544334,93.68542286379969
-32.394565059480314,91.16952352896239,0.017813307608375163,-32.323941077377306,91.04447567615131
-33.915069477604085,90.67362494666239,0.012225638226051678,-33.95976774037215,90.57399704972573
-31.121925438130447,93.68998564358458,0.01493985892549411,-31.106079511945154,93.56876818852851
-33.39322056970243,91.34671874836242,0.013179886200555343,-33.37067768474707,91.28322176855384
-33.84311022206343,91.35572660368418,0.013313046449254327,-33.77557755965623,91.1648418300006
-33.083225475664044,91.53452001780136,0.007708940902400669,-33.006204044061775,91.38774675034408
-33.230381431488084,92.60651609348461,0.012098967009567694,-33.19873355093682,92.49777931957478
-32.689022029923834,92.09143113327839,0.014822028298295271,-32.63314281250213,91.91317204045338
-30.665266671543197,92.74482008615371,0.010223763894798036,-30.592995587796445,92.60642278494122
-33.88351754852018,94.11462688925234,0.007858769409213862,-33.91210683866084,94.15460050824566
-34.95161134106411,91.80818925933586,0.013879156796874913,-34.97481426853513,91.87477240984305
-33.91128969418213,93.68371354351345,0.005976284948789025,-33.823375440873676,93.6049713192045
-30.51282581656097,94.59031349542785,0.017864849783967622,-30.403209976286956,94.4942824673924
-30.42736930719042,93.93873163121913,0.013318928680463516,-30.411021704102378,93.68165157043823
-31.219894730494985,92.68499103400713,0.012676352793734691,-31.1681551462553,92.55052314808862
-34.46673167486105,94.96479519332334,0.013557173017591868,-34.40517614304506,94.86610503102501
-32.187337090622776,94.81772530359223,0.016397648041101935,-32.09151735820743,94.64266298304521
-34.84667960769337,90.09965490191816,0.014453216600740075,-34.84953558216708,90.09867956880643
-30.178804333718276,93.55529881120984,0.012963753170245729,-30.155308840892506,93.38387081764856
-31.88811962940497,93.36159601161135,0.014688777345175555,-31.813226248837974,93.28579948580969
-30.124681584816155,94.55166353085094,0.014330853581062532,-30.006470294698318,94.32731626900366
-34.963877869388995,93.83019844783284,0.016260611067906196,-34.85649254916405,93.83950977587072
-31.880782057837063,93.3604191488016,0.015717588472896938,-31.85750884595778,93.17523550881725
-32.533000296865765,92.21453212079189,0.009312235310433056,-32.559342428823484,92.14598084498598
-33.50476796907588,93.78751150373192,0.012779524727388135,-33.48702810345272,93.74981238472327
-31.631222490744054,94.64909770143761,0.008536538072206728,-31.66065016221877,94.60343184529667
-31.31013244963278,93.2230557510699,0.011057233030971959,-31.288128069286973,93.00014287260532
-30.27115306034479,92.26104150878739,0.011518465170147268,-30.23319759581657,92.09872306230866
-34.260397529683225,94.66438331364314,0.009073978164644118,-34.23635531035745,94.70992686729511
-34.78050281828534,92.3259967934676,0.00865290641696882,-34.7144382124071,92.31562575291717
-30.204486161455122,92.97983278317089,0.014320185761555134,-30.09553901262056,92.84733649956374
-33.76823802787463,91.23730932912707,0.014497098931027052,-33.77072618908001,91.21093508631685
-33.00769929596372,91.50756273837713,0.01377887226386922,-32.94632166361897,91.37478091385516
-31.135236905914514,94.31735128783444,0.012746853113283375,-31.023919344472183,94.11350671675861
-34.24704403140528,91.05114012823407,0.011765264271638374,-34.24101216122841,91.0435160795241
-33.37702962819083,90.65860684600653,0.013289262787906361,-33.31985397066266,90.65136998164758
-32.89039637109637,94.67627848149702,0.01620452790376241,-32.72952012972526,94.61512893825292
-31.21946275386873,93.31158956085073,0.016087798389281684,-31.094458031247274,93.08682716217304
-34.652911092430166,90.89626048658354,0.016194583829629045,-34.53319088969661,90.81895562248904
-30.184978629870102,94.58515085092388,0.011685440640005918,-30.100386778253128,94.42901903487427
-33.51710392586863,91.11288891798829,0.012670603599664928,-33.54076206354506,91.0426069852668
-30.86631015926705,93.9950800769656,0.014453428800213145,-30.729161732365906,93.79587363007668
-32.161397785691584,93.39631482191722,0.013436475725740464,-31.990377430842564,93.27243138993167
-31.2996973475993,90.50802518255178,0.012028416428149604,-31.262936564709943,90.36978605864722
-32.92578495165877,91.64057874369446,0.014481632623919107,-32.83759157384158,91.53548169399983
-32.21140621568594,92.6646172435085,0.015676757776381656,-32.12608173894359,92.55005078670646
-30.746148081188505,93.80801883832956,0.01081186091894467,-30.671289543818613,93.61174528854507
-30.32706581551883,92.04015541770534,0.014681107942295542,-30.303469351861803,91.86854056571345
-34.05955932203609,92.18326184172147,0.016883423362181484,-33.966511359984466,92.15948773024417
-33.63092037769312,92.18822007138735,0.014840906716915915,-33.574616445692705,92.14288677450969
-33.09908612192717,90.55991048803494,0.009603668317020591,-33.0402739950375,90.48162624055597
-30.8463208425819,91.14838151984482,0.011669815189586015,-30.878889598783786,90.97236353618443
-33.89118532780546,93.97783550509,0.014005301233315027,-33.861988808846576,93.99518132511159
-31.325856377360136,93.83755531681109,0.012750559986157818,-31.24168436659914,93.72059766484468
-34.45560792745388,92.14209635760707,0.015954786057133685,-34.41197195535768,92.06747964362644
-30.15624310246485,91.84029487320686,0.015109704994544471,-29.906911693956797,91.56339510273816
-34.0893275505828,91.41324457494764,0.015461520113584558,-33.98434484739542,91.30792592804721
-32.35648327815455,94.60459877335062,0.007386235231447002,-32.339784511613644,94.4415416149618
-30.491173207586108,90.15955499533372,0.012495283905552684,-30.431396649193363,89.97369891138314
-34.342145349359456,92.31849128190646,0.008373486410156755,-34.27182369219668,92.26207935220827
-30.827630677601412,93.37384414147701,0.006357998586307661,-30.80359807164461,93.28141446871521
-34.88656987423412,92.27468140215828,0.014876013006027191,-34.873503010183896,92.32701471948302
-33.510393906933885,94.34192538517215,0.008694578521097104,-33.448088233487205,94.31478239777692
-32.32792163625326,91.1349483834812,0.013105084336155775,-32.28521007611846,90.93720987728494
-33.71521807785192,90.58908569199875,0.005,-33.63700161338989,90.57918146147215
-30.124688255351703,94.05072478696162,0.010523942815076359,-30.079329538847333,93.88011082261458
-30.889517459825946,94.33793235274203,0.017031658489185652,-30.76414073684567,94.07265530910286
-32.14674797947407,94.56393330326897,0.012685440047109333,-32.082347448541945,94.52697309993512
-34.77094788736545,94.71098623553829,0.009532887569989112,-34.684232401138246,94.7238256153437
-33.29517615618858,93.44468834567907,0.005,-33.26557346416695,93.3799878055451
-33.73010678541051,94.00374818321801,0.017972206733857056,-33.65618208266097,93.94912600952846
-30.790641975648136,94.1176902368486,0.009664369512944589,-30.698209098733884,93.99688673947357
-34.333583651125544,93.15095207824504,0.013439765674372679,-34.22715402250649,93.17675332629875
-32.38471243173676,91.03135396039625,0.0075188885090713255,-32.345540831109076,90.9970329565751
-32.19733717073248,93.0218449152361,0.013078481296610408,-32.140224915564694,92.94554574093432
-31.917797895531827,92.0149803666043,0.007821254648736346,-31.921860910474237,91.98628291197444
-30.53583619749717,90.25563309096108,0.013791987738353053,-30.503233769398726,89.9946635838163
-34.58771361339771,93.59347610174176,0.011508341465910546,-34.50111060088889,93.56164630407953
-31.53767324791231,94.68127394310088,0.009983571466134366,-31.542158726721983,94.54539417528706
-32.96695678030301,90.95061393277098,0.013478966214126255,-32.892512376291165,90.84308835133615
-34.748015820758184,91.74619426279396,0.00859449007208835,-34.70399644273703,91.71618961062131
-32.68925303173806,94.29713297149125,0.011080478109353812,-32.578102038369224,94.29355156708934
-30.426509790470632,91.43319320519974,0.012187825229525464,-30.35133245061816,91.29416491963869
-31.320858201720704,90.46361313331688,0.009754918851055889,-31.193011766649533,90.3236828429563
-32.33478919133794,93.62043080556995,0.012462012367811663,-32.2537317920918,93.48573999824323
-32.03252256219951,94.52632697077729,0.012721368742512637,-31.933821883440938,94.3908963065484
-32.359133035564206,90.2765407638049,0.011921764436822324,-32.32982361068475,90.28402308500992
-32.82297389278316,92.52385296893296,0.01324452802865392,-32.704667216399834,92.33099543494272
-31.447536640141685,91.57345470547543,0.012592732048405542,-31.423637051977614,91.42783522940617
-34.44788780936899,90.30557732990701,0.015232047675529643,-34.408793072385755,90.25308394939188
-33.1321177450723,92.93516341631226,0.012236293492074142,-33.03678218951243,92.90708299041341
-31.094899918671693,90.17398461170318,0.009154766092679484,-31.03219270537446,90.11564021682302
-32.879020512660965,93.8477958562357,0.013837852984514613,-32.843984817148204,93.74075551662621
-33.69622927942454,91.45582414420234,0.01484847354399338,-33.58365901050481,91.35971696935937
-31.95950223933292,92.29046215833641,0.01235742857369097,-31.88878146048928,92.1362227874341
-31.961778408368307,92.68932259636497,0.014678701770075485,-31.83851746284709,92.59470583602992
-33.298314880047855,94.73764320470463,0.019407866535202774,-33.23920780390274,94.71006045574387
-34.98299273033993,92.27722826281634,0.005,-34.99654931157022,92.3643728988218
-33.4326436784982,93.7604436913412,0.012533091153318403,-33.382698719585704,93.67429846877826
-34.586695572640465,94.00087868236267,0.018662333747620812,-34.53299060428685,93.93247645622623
-31.33358060129943,92.62083978410689,0.017775045734445303,-31.330576995532414,92.43388130407358
-34.44967303649145,90.15807075005348,0.009196200439491167,-34.44817704471562,90.07773679621985
-30.437538819910614,94.98525372449721,0.011160482097144679,-30.37575597164825,94.84323764533414
-34.66790069079752,91.1329063873374,0.016075516363452717,-34.564491462355285,91.00282706653495
-32.74686226034412,90.95892403341203,0.015170668150097833,-32.75289318205274,90.81303354855442
-32.027574461899896,92.41360182311514,0.01133109433805901,-31.98530343575811,92.1675026777458
-33.8750483300352,90.97495643910376,0.012207126713622094,-33.89524001222803,90.99187221524828
-30.896752113926777,91.23324530573295,0.009748772543150158,-30.84477033657276,91.0331508562485
-32.99618167713853,94.0185482220171,0.008074315526138737,-33.015494854634085,94.02666116867906
-31.60096336248386,94.19218615593161,0.010008506794123377,-31.469255958805466,94.08160711110004
-34.37240566493732,93.54262578506825,0.011593978303449043,-34.3164626310209,93.48263783954009
-30.67519058024528,93.53684771682447,0.01592101002853338,-30.645529386638806,93.3803626905185
-32.73250625228644,93.96382738136504,0.017549421559858325,-32.66471991645761,93.86571423497689
-33.838787179458066,91.15840859310767,0.01574324717842366,-33.77708956719918,91.05954547174878
-33.954222016373826,92.65443398661452,0.009777888393098833,-33.8968939484864,92.54393486083335
-32.49038144391584,92.51112229091885,0.012729486040818121,-32.45728004536542,92.47041108075999
-30.54886332967959,93.24515753129641,0.008157113079975778,-30.540561597117076,93.16522533701519
-31.37420639197116,94.35738900485103,0.016939741191666274,-31.34155539819883,94.24901932737752
-33.58785155136145,94.7866845907835,0.013347539927005417,-33.4825848769463,94.71693673403583
-30.35440452562298,90.65314260527315,0.006403391627933573,-30.331680855932163,90.50212924514052
-32.20777157453168,92.34535172126967,0.010984126538562566,-32.15486640680374,92.27894889935612
-33.18828353801008,91.90774305687916,0.017276143098966558,-33.09678791133064,91.80129291084606
-32.075493801371714,92.08393630031696,0.012457918856104894,-32.062046073252326,91.94413673504168
-30.505656749385054,92.11116350516271,0.009433135440727904,-30.489658638581552,92.0002795109898
-33.515921934924,92.65295927454017,0.014525636389545439,-33.507290919773475,92.66929448053476
-34.623777983244274,92.96499444937166,0.01252505242991928,-34.594457710928005,92.94628511716135
-30.977287558904322,94.08992901863637,0.013730754620027175,-30.95428578252291,93.96886634516396
-31.84321627163518,90.69529036192026,0.006907652648977436,-31.900267606036444,90.66305351342321
-34.3573428418963,91.58956926349018,0.014017461387149505,-34.3959991726767,91.54216523995407
-30.505287803971427,91.52068037882486,0.014508795247968196,-30.506258211600542,91.39285554023033
-32.03704226126876,92.56802716561539,0.012906983403960876,-31.930064327941,92.45567325585203
-33.9527578103684,94.71130486346664,0.00867796190019365,-33.84576355709678,94.70925015504669
-31.858832239437568,90.10145703152862,0.009470065864234638,-31.88854529356459,89.98001491140074
-31.158642002014965,93.49941389367861,0.008651239025691402,-31.129910609961435,93.48371130713302
-32.50860614910592,92.76633388480494,0.01637778034087274,-32.41331432416694,92.67669987976538
-31.621448436788977,90.10551955594318,0.006343863369636516,-31.576697105748632,90.02015189912574
-34.92107189650967,90.318872980416,0.010101802957905573,-34.91640554224256,90.3240671664641
-32.73786365465791,93.08886284445036,0.008913233606956639,-32.748657594141385,93.10851829562036
-32.34982158216429,91.08025877433485,0.012277265108437308,-32.2744087545398,90.9277844436651
-31.466749577946516,91.07964565846984,0.013568251431761085,-31.46904675737342,90.88864420128691
-31.217095914756968,94.4198286161811,0.011771179886219953,-31.079671579206234,94.28992745521465
-33.862303802447556,91.34110643502507,0.006004500634939937,-33.751530804566656,91.35634797181962
-34.83824090444534,93.43041688575894,0.011405640805044899,-34.80391517015743,93.41644228720497
-34.781483892255686,92.95817229152944,0.00983637310695512,-34.82224972699677,92.95015933395386
-30.457074716395887,91.5859738376937,0.010792980775142697,-30.360294457274364,91.38511009758527
-30.37521476974713,94.59615023587742,0.014721713072403747,-30.25665055630377,94.39449352981552
-34.081348399969805,91.8525595817218,0.016243917313387004,-34.09512924361067,91.83182720621718
-32.279336867918474,92.90340460362269,0.008741727466841593,-32.24732228115411,92.80884464929767
-34.32683485701595,93.20431432497327,0.008944626977845144,-34.296626925916655,93.15405234354114
-33.799982162070066,94.5206908921509,0.012554539138923819,-33.70569980542743,94.54950620156228
-33.04878572135893,92.09933784733477,0.014330353159502453,-32.99076152349753,92.0170099919916
-30.120486398454002,92.1584293044213,0.008850346154852173,-30.04581324960293,92.01189807983435
-32.40266351189198,94.37774478228671,0.010871189954656971,-32.3417970458528,94.29545906783461
-34.97289102349219,90.94645458623754,0.01545266766961414,-34.944893603391876,90.87350415929704
-32.07546265190527,92.12964522714199,0.014320298762317385,-31.994560912337768,91.98287094856376
-30.190977997134873,91.07165807092207,0.011921131749689673,-30.22924950592313,90.9713274272882
-30.683176626668637,90.7989764761013,0.014123546202213727,-30.600283974139995,90.64031282400316
-30.56582305940364,90.80799388071424,0.009021473464430853,-30.55896777969811,90.71751128141909
-32.83238599844872,92.52705421261112,0.0113049734254878,-32.82976689998139,92.45154392734942
-34.80828131078452,92.60682558133874,0.009294128506355824,-34.83425571565383,92.62040007035493
-30.45512489208216,91.08971210730033,0.011185853050888154,-30.401486048442766,90.89574959581043
-34.51216520630246,93.36946210915774,0.01381844681102733,-34.54053336179749,93.3660773582058
-32.20434840310277,91.49590269550508,0.008701534531461823,-32.23891610948447,91.40491802098278
-34.55201538124048,91.99231827553226,0.015166619073568545,-34.52407434277012,92.00747716068861
-31.08655138658059,90.87723459036947,0.012021332383429726,-31.121391942417862,90.67783991356762
-32.00037603988888,92.88300707217346,0.009127045911680839,-32.01367805438209,92.79864273944064
-34.06983567229712,94.74313193535681,0.01415129644373733,-34.03435737620373,94.68708391530639
-33.259952438225774,92.42586678662576,0.012901316421350012,-33.25144682025845,92.38032706797195
-30.323190948015,94.22456390874437,0.013179668595090621,-30.310214875692257,94.00264677774463
-34.99060421986756,93.67394074597158,0.015364177949402215,-34.95407820959182,93.5367925377438
-30.53893388327376,92.9292820759734,0.008676135672125662,-30.460311423050808,92.88514775608712
-34.73813499748486,94.1858873239632,0.012244819216165145,-34.70671265907459,94.18217877244233
-30.259408365515675,90.55256983848386,0.012168519339572189,-30.107690401036855,90.37340911465182
-30.291503148373224,92.52134244091124,0.014806974030286642,-30.289906904974064,92.25296308385138
-34.62605175080819,94.12719239813767,0.01296914227736638,-34.50870774461726,94.13909234570438
-33.399575538636974,91.12165045037534,0.010285057427905711,-33.35508719634703,91.04784929871595
-30.36901356377539,92.83517562096986,0.013325077412126927,-30.299075577874035,92.73861320749435
-32.181499863852565,90.96040298374585,0.01113237014184351,-32.165656802293284,90.85782380617033
-31.671436484435496,92.27341037552459,0.016147690582219737,-31.651728699608764,92.14103158448923
-33.87160751840096,91.97508781688812,0.011567767531386624,-33.86331698868424,91.89141612735861
-34.2102728578928,90.72003067899162,0.010309067012696724,-34.23767748345189,90.7224829639223
-33.285192440794034,93.38465991319039,0.010616866682542395,-33.22785832135642,93.28512781545321
-33.017657332576356,93.76678718825087,0.008914923611473256,-32.99175923560694,93.70908469900697
-30.62271958340021,93.99160991044572,0.010969963187363582,-30.55657341235719,93.71887375245439
-31.637399211675515,93.69554564603972,0.007740498064765067,-31.597726279842956,93.64374060076705
-33.788998115615456,90.85206056534888,0.007573826879148865,-33.73222221742106,90.92331075823833
-32.781869967425315,92.7496839302406,0.008654143114087565,-32.72682659734731,92.66102419941899
-33.26277873359908,92.64942763782274,0.017015473087146397,-33.134921198098795,92.6620402252248
-33.89604030407423,93.17676709876095,0.011782767311584168,-33.836716912166736,93.07023890322675
-33.57187890156553,93.25140126828853,0.01622544287177647,-33.42708324314127,93.18728309554673
-31.702388031336003,92.44406383942533,0.013640486460406602,-31.661373589688015,92.31542511943911
-32.81765466607619,90.42458270361185,0.013633075589891947,-32.80004279844342,90.34077758473877
-31.60588421545234,94.17005409747034,0.0131801415799935,-31.46507495666301,93.98316273924122
-30.544618885144363,91.91656660483787,0.012401882066877862,-30.554296198502286,91.72231715493103
-30.998805590001403,91.61462632035096,0.012301392302663531,-30.856334666587475,91.3669330234868
-32.924481131569266,93.2722245732742,0.008016688487976747,-32.896634050213486,93.28859923806874
-31.642672858178077,90.61627788378942,0.009760431704912717,-31.601963134540306,90.54861335703508
-34.13647214011787,92.51932676706642,0.010337842188279513,-34.096876388878165,92.5454781690006
-33.13558328828575,91.44006539126164,0.012872905953105716,-33.14711075365773,91.38774292768247
-34.691265300535136,90.94169185751012,0.009864214536811182,-34.68314109805183,90.80612305342528
-34.511093242147105,90.26794693534951,0.014358419721941039,-34.51423743477385,90.20563021842948
-32.117651631314736,90.0006970499176,0.012634764672380408,-32.04762781914055,89.9500181850221
-32.03810460087207,93.41304064008641,0.013265632700053372,-31.92525325512197,93.29825156001851
-31.432758025923548,93.7291174524525,0.011899880406870764,-31.344136931614624,93.62625828700547
-32.22580630019468,90.73063449355567,0.008922551864041898,-32.20964325801482,90.65046997504086
-33.95780528794708,93.99579949121991,0.013418177968474769,-33.896443428821435,93.98356671163454
-33.81862267721828,90.22601969133704,0.009515216080987402,-33.86112189228742,90.1142718059814
-30.141896761837543,92.70053263340827,0.009958516188321512,-30.098602732450075,92.55688895749596
-33.7572998183757,94.93322328327332,0.009675646734747963,-33.684826501137856,94.8962034587824
-33.006980694747156,92.28614863352843,0.011884971390253667,-32.99277158115193,92.09359155987092
-31.262007279632865,93.9941859954141,0.013136241207626189,-31.14279089711622,93.82662620919126
-32.95346275143923,93.41596671791903,0.016579809281551127,-32.87830999612056,93.27661488385003
-31.23488471730371,94.4071842921388,0.005,-31.140863102584753,94.38584326430188
-31.284999136688924,93.6402391416329,0.014178346200962953,-31.213370881073878,93.37670758339964
-34.02282041010571,93.90074756414177,0.013923008316939847,-34.04533121602825,93.89561159285243
-32.91249465167175,93.18888570751892,0.013268040638582041,-32.8961636609108,93.14124106357693
-30.232358044682503,94.31160750127036,0.013819606969758013,-30.156857912558188,94.14440845552264
-33.83264800816511,92.5498781163954,0.005,-33.91011189620164,92.56841638971203
-32.575643875629446,90.61834673274548,0.013375790124847355,-32.64473847128482,90.54596113666769
-31.082920552001703,93.33164593834032,0.012353571832946348,-31.05308495930419,93.14308293938592
-30.148031034829383,91.59631466297002,0.016134639837435356,-30.10098937635785,91.36114152251042
-34.9269505649605,91.07932353400668,0.013485002800510898,-34.87164681263515,91.106921574552
-32.78300259756188,91.06420908472673,0.01374216210226463,-32.72612065105577,90.84988016852635
-31.096538812657464,91.40272442576041,0.013050275303977102,-31.006539233453402,91.2716360718554
-30.835340242459168,91.00171879050176,0.012429794936534132,-30.81006932362826,90.82574606074228
-33.26061352052698,93.96391521721654,0.015784868348619065,-33.15459599692872,93.86773829051684
-32.4468763636295,93.99585466640795,0.008599638348636132,-32.42405171294646,93.86508602945865
-30.527696709629943,91.28582601770945,0.00970590178072903,-30.53093554544672,91.07016836029942
-32.945238629455424,93.34657272121139,0.010510405165876882,-32.881107560229864,93.32319512369892
-33.21502397406834,93.25797800801897,0.006275227431015138,-33.208820692872585,93.21726533251496
-31.622329062057297,90.00029333825539,0.007947377373070559,-31.54670953827926,89.95034870520861
-34.03609584383864,91.59262789123257,0.015610834389749827,-34.07103734746105,91.59109183065652
-31.024350791864983,91.49707462341699,0.011016804900489521,-30.975861941114943,91.38155704371955
-33.99469293275848,90.86284559273385,0.00959850944669902,-34.00262489981443,90.90945788372815
-32.11556919357366,92.27009045260033,0.009443522619694526,-32.0802013801829,92.14939817062687
-32.76823868227792,90.02093029180428,0.01357209771508764,-32.75193216226682,89.9348036505146
-33.1404842733964,91.77767239464156,0.0117108760763003,-33.1349611447488,91.62966717509661
-30.862187892222153,91.04781494077297,0.010682825612453435,-30.832434680096828,90.92953241026959
-34.73926917196564,92.34898276222374,0.010518644689796127,-34.71943223359249,92.40864066622252
-33.42674978905924,93.46018744702194,0.012362493930465304,-33.36775761842714,93.43742873135803
-32.08609292795474,93.67261879244658,0.009717295887426853,-32.023101614123185,93.64455874264291
-31.06470590945592,90.98466600231468,0.01908901079886139,-30.97887529225139,90.7540479802725
-33.29866701204402,93.91115017757627,0.009648691950903815,-33.18105149649507,93.90592807600544
-33.556933670793654,94.86639098206138,0.009151844859179692,-33.525757061678085,94.84377051496543
-32.50284135414977,94.21712484550436,0.01634535374271517,-32.41891025662257,94.03655611229127
-34.62257279585642,92.11416566166008,0.010361005052189197,-34.63735297956254,92.0309358979594
-34.46922748014281,90.32951202409284,0.016148411021393926,-34.4345634553848,90.33691526125475
-33.17903772468492,93.2917794107788,0.010734153230144585,-33.11677895713352,93.17923523037014
-31.541402966881517,91.18635510082136,0.010654162916452782,-31.58627724748235,91.13474478237961
-33.433376118332944,90.25611071444487,0.0135043297080766,-33.42772084694707,90.26776617148204
-32.71067582463979,91.30277591871108,0.013292737808093022,-32.67392311244667,91.18292463138026
-32.24164517577945,90.06170473979616,0.014209292117716599,-32.21250394256492,89.91157842437998
-33.06949304153467,92.36333547592075,0.013491542350094353,-33.061447689065815,92.25979002774713
-33.11493636711368,90.29942333298668,0.012485545470202416,-33.12541254709485,90.28243569229454
-30.989359170533817,94.41450380628844,0.013647918156919556,-30.852354987719703,94.26555436387403
-30.93603991843117,90.70208540775236,0.01458767984651399,-30.916659162727893,90.54931573964244
-30.397948831121703,93.75110820398466,0.015901952575196204,-30.392149699712512,93.53035340152263
-31.823976161488496,92.06497889509419,0.009531390307175595,-31.774702918324476,91.99769365805129
-33.21008170653796,93.41782210268792,0.01287596233335351,-33.194894733693026,93.41695680432444
-32.22989834453974,93.33330310014492,0.013026367350357159,-32.157043235535994,93.19667187832434
-32.42731155503115,92.2285273375506,0.00635932771655012,-32.33758243368017,92.11846622575152
-30.010590775968502,90.86596425910898,0.011440221218778801,-29.919138351145186,90.70082617220316
-33.94823867704194,93.8827762051614,0.010815407523335447,-33.95917518406064,93.80079077800866
-32.15732916516257,91.70048018855456,0.00914845644101882,-32.16705856204785,91.6244764026895
-33.26668637506143,91.37822944037406,0.014915406603779659,-33.25162078839442,91.24111122179839
-31.030127767464894,90.74101344603338,0.016787446046862702,-30.987537802684674,90.58208027612582
-30.97955300214533,91.12123679242501,0.0054757381054908825,-31.013508829984694,91.07928055987583
-30.862851696940233,93.4972281571818,0.013767114668841451,-30.730980213221024,93.29563462413753
-33.174327346187596,91.82349639950601,0.01283756576426174,-33.16828634050505,91.8063459806172
-33.74392049124966,93.90832112685524,0.013996632171989782,-33.709989369282994,93.85709114075453
-34.44747778538527,91.16695550540398,0.015569795560622015,-34.3354607372506,91.1817182743734
-32.39862924934753,91.10978090934913,0.015290251641772994,-32.477595084142415,90.98724235492719
-32.3026541259013,91.19734983986227,0.01337606661955094,-32.30199172276751,91.11852616281648
-32.32960870487197,94.20559320438812,0.013743972524136023,-32.23884713613722,94.14504184603116
-32.79900867731575,91.88166590209596,0.011267762782736397,-32.77887577912208,91.80253049481375
-33.36577922643432,94.35801426599139,0.013963096534477248,-33.23945772927849,94.27353539701171
-32.15693706237922,94.18389926352918,0.007912335245741642,-32.10826796098307,94.08357726095326
-33.3946992061921,92.2024706895757,0.018927069935106948,-33.39916185560189,92.14384132011105
-32.363082789618,92.51011418253256,0.013026807831538256,-32.328741908862725,92.48932378925106
-34.27301198748037,92.2421959884745,0.009747696799046962,-34.24124637634887,92.24118754365804
-34.399937085428434,93.89573940343065,0.013181937197277532,-34.35391418993813,93.92542045682622
-32.894274566931585,94.97881335545705,0.011516959871199772,-32.84399600635203,94.9628590210109
-32.52231954655965,90.71162962208749,0.012499620759919049,-32.52846233102145,90.6471263073422
-32.92088889957013,90.8273281441152,0.014225015701700107,-32.92746682469127,90.75634070784419
-34.27571909380597,93.98179228479948,0.009990501475611376,-34.24545854660338,94.02220110540229
-34.25044427198831,90.54734309581127,0.0077926607183177,-34.214663507385566,90.54929764756693
-33.719159826136426,92.71532649528051,0.0074538803860900215,-33.692364539814825,92.76270842363981
-34.57432890066731,90.69467387087344,0.012581403400650339,-34.493306405003885,90.63076154020952
-30.094757935726758,90.96031178659324,0.01368366210004162,-30.030823317273427,90.9325454793201
-32.29170296946834,94.51120517440587,0.01205654208714499,-32.24779454185361,94.29074260200589
-31.329718047867175,90.90645261839309,0.008160520134103474,-31.342303650296085,90.8971614698762
-33.253828164551436,93.8579789581189,0.008639642952889005,-33.21705546171856,93.84893117330645
-31.300284372427374,91.22073827225748,0.010643928175794657,-31.37754193721695,91.04435487443648
-34.52206042339329,92.27779333637729,0.011972197845287028,-34.49934125751177,92.2487965065875
-30.083357917129046,92.53346813835843,0.014099779991321094,-30.015129064091905,92.40266616469088
-32.66959963917365,91.5218887897672,0.016693504839481614,-32.71231902025198,91.35914923042004
-33.04999536122233,92.99003176057171,0.013973323607839726,-32.94950645341636,92.91688093586755
-30.109857069051266,90.75060020464598,0.009515274308679924,-30.064782946278147,90.65028190152982
-34.587173467227025,94.08743726110737,0.013392958498305053,-34.440190837188595,94.06243710972424
-33.5284645522283,92.89037499490813,0.009665736797010618,-33.552552463767526,92.91499836262167
-30.5762651260458,92.27271632675442,0.017118354655139455,-30.51503174466609,92.03875697950261
-30.47704175584483,90.11488384143878,0.008728015078470212,-30.45768467887334,90.10549312730339
-33.97129291536982,90.95748642069094,0.015349644819523701,-33.865694475427524,90.8865663946669
-33.285032265135,92.95755977336901,0.012311503418119351,-33.248303895341834,92.9551600613504
-34.197982641533166,91.44560521746656,0.009268506693130786,-34.18891998653461,91.36058774807924
-33.482798857585884,93.64023307559589,0.01361147302652252,-33.39243821159962,93.62899288652561
-32.216669185911684,92.00155780272674,0.016093452274948742,-32.16086817968829,91.92553138050874
-33.3072331173091,92.44490419025053,0.010351931694642689,-33.19854920583358,92.46316375054718
-33.650948823177934,92.33737693612399,0.007762554859319884,-33.50374997187188,92.26930650224169
-33.63466208272235,93.70506691189271,0.015793929865952575,-33.524265775613976,93.69027771954836
-32.05853728524118,90.24500169649849,0.008016884440591558,-32.01255380403389,90.16235371852932
-34.04137202803215,90.95065655832514,0.01159202588860203,-33.946562722338946,90.95079099596168
-33.11256641914497,90.63580140256329,0.010872940173199775,-33.115751080721104,90.53815341293654
-33.91028601088358,94.16703373496924,0.010239848108744991,-33.849235203273274,94.157429897914
-30.80916377659552,90.139630150882,0.010410666703914506,-30.807805254131676,90.0500380555528
-32.658625372530736,90.9878572481191,0.009624689440734678,-32.63620961751219,90.88049238372103
-32.9557062095476,92.36970613190195,0.009654118476046268,-32.884274656500416,92.26565966050049
-32.039342296560974,91.80134105265623,0.010203611566330737,-31.96525413313298,91.73525605330022
-31.600419520358564,94.85389319223424,0.011917350636104596,-31.567316480882923,94.73326778909205
-31.69813942217649,93.1344239495604,0.013742039072448312,-31.634753710461393,93.03360222190152
-33.61474769669507,91.36229909320559,0.011241843693914802,-33.505097759657595,91.30298577664595
-31.707317144320687,92.59730306717711,0.01108844373775343,-31.598693414033274,92.56930082251132
-34.549083125353334,93.28743607677586,0.01237444378886909,-34.518633505284946,93.2917443565402
-34.7153744462917,94.99938487612071,0.010929950680736513,-34.58049010416721,95.04891418032969
-33.787858018294834,94.26291610321766,0.012766357388799953,-33.70415611061012,94.30906793224534
-30.79932403960786,90.13632380025317,0.011558623095115546,-30.81429117058701,90.02813619436174
-32.93498614858826,91.7422934693845,0.0103687501092095,-32.88742507686651,91.69048650963619
-32.368725088251786,91.70765347149843,0.009475263839458103,-32.33982871494718,91.63006693035989
-33.045530663129476,92.74214494220878,0.006851123873419199,-32.97839973529524,92.66698649028613
-31.14974712035969,90.3614448794895,0.009643595846247502,-31.08511844317265,90.32204866663871
-33.07664610763279,90.01175353452763,0.012184682965367018,-33.06920214257661,89.98128378146438
-34.61516369424569,92.21729683126902,0.011415150095446516,-34.56193481416107,92.22385018293703
-31.64359913440181,94.6839914748567,0.012686799045432002,-31.535170773738002,94.53798276923145
-30.18693840611956,93.30748053885785,0.017325947072644586,-30.07424360060646,93.02037770656148
-31.028707798007993,92.62922843296667,0.011779748196521517,-30.902170269680564,92.53789778097828
-31.2143704614914,91.49304482998753,0.013993446634402138,-31.16914414527883,91.42188088198934
-33.09842144803793,92.17853200280369,0.01691389189895471,-33.04660927734359,92.15247363223459
-33.1482776263774,90.52777475272575,0.012737186124258759,-33.06500907068208,90.49217036303614
-32.927303554163316,91.57811154903689,0.013340507641827695,-32.88935520406008,91.42116143589692
-30.631714279623377,93.1604850104241,0.012245108669570319,-30.562098217744115,92.99614851316872
-30.81694818347261,90.6207788113752,0.008287376340828888,-30.831612573334418,90.61700561536317
-30.687249902393546,94.236271792634,0.007879676593934726,-30.62876847017292,94.13988519383838
-33.75466749288447,92.19267945637627,0.011015372441609007,-33.75173904033105,92.04635086662167
-30.259728579260774,93.67852619979536,0.010868502222041245,-30.146876572373014,93.5064861568459
-31.984244894063153,94.84235316920561,0.011293146953429098,-31.87089813260876,94.75880110470511
-30.33193396439149,90.28961758846029,0.009415344850898549,-30.30131795509969,90.11349679854882
-32.11529462154049,94.05987245358124,0.0069985882706303714,-32.10077578811638,94.04869463280893
-34.804209340276614,90.8596656343279,0.015047942076379058,-34.746434825088116,90.80724463427191
-34.81032970267583,93.25283256513818,0.012769139391829314,-34.79517940150469,93.25126388848231
-33.4724663564321,92.88397870792338,0.007865096923605458,-33.469690386886526,92.84498744872123
-31.289199259212467,94.26811808864754,0.012305480716777348,-31.30875508036942,94.11176566204367
-30.726624417362995,91.41849072965935,0.012733230718646472,-30.71095263212162,91.19700216471134
-31.060425313387512,94.60857820296616,0.014694562174781793,-30.95599513690693,94.51613908570333
-34.13516045387378,90.58681919165485,0.01362326567060977,-34.07235131682953,90.61187820403846
-30.285149625020214,92.88344629836888,0.011836277003468596,-30.21234725633909,92.71226765201406
-34.937390466898925,91.88345320780195,0.008118057589796012,-34.92908051025623,91.95907425516779
-33.76230457513188,94.78433351266196,0.010130958559773114,-33.576288593821005,94.76446853567855
-34.23880251919116,90.46144028162848,0.008808520184481031,-34.165288970013606,90.43096817646455
-32.090903032790564,92.74985666585003,0.016902206517728474,-32.040132245511415,92.59757751716114
-32.24124550213906,90.17593677868997,0.010147344174088415,-32.21657212442346,90.11552175356094
-33.71106665688872,92.51265900068255,0.013728800816752974,-33.6937264141311,92.45953443744507
-33.04233493179005,90.73025077663283,0.015950348007979336,-33.02625539556527,90.65738516875388
-33.881476684918624,90.57086467549607,0.009485689890227446,-33.88514064019919,90.45753859007338
-31.91880933239529,92.2213093373364,0.006986113892288349,-31.905015897390044,92.16686952364934
-31.88481084302232,91.93473067048757,0.009746347102118986,-31.80673649328927,91.78938185148914
-32.15346144803788,94.0907364271876,0.015068387992161134,-32.08727516170687,93.93488083511954
-33.927123656413045,90.11621088496759,0.01060611325841294,-33.90034220334384,90.22395381691993
-32.561711415316715,94.0955380678692,0.009918752112671802,-32.477927378355744,94.04731113356596
-32.273859840262844,94.95834111320357,0.0157583527249739,-32.13567501100014,94.89287739719362
-33.83539105638495,90.7295091859701,0.015821106530559403,-33.75055792623062,90.62618274558889
-31.445138182338166,90.5314916843153,0.014104318562766574,-31.36828388537425,90.39062980503363
-31.843169792665705,92.26004326426185,0.009411413140166613,-31.86562269532851,92.15232964108957
-32.11306088871523,91.79747485846383,0.014930001135931913,-32.0182986418705,91.68757047959119
-33.286788724135654,93.18292834545713,0.010557598514216839,-33.190689998048924,93.05237077427145
-32.21282288991068,90.40506431310936,0.008460097258004078,-32.20957765376213,90.42656866952214
-32.60203460417155,94.11728676780385,0.005864762124976234,-32.56551280317536,94.05745646840388
-32.70774193762351,92.20884321170612,0.013032125392899895,-32.62492720906354,92.10624090734751
-30.600515000697545,92.43551502260202,0.014998823734134102,-30.47763971767997,92.15228663950994
-33.76720092438769,93.92666466265344,0.014692667801044773,-33.6682527509661,93.88099925917865
-31.397171083890257,90.58442019842032,0.011481046862747745,-31.419363090144053,90.49150583755701
-34.37861853269106,92.17600229122694,0.00914104332520869,-34.328779878128664,92.22089060704944
-30.676379718661305,93.35671565193263,0.010940609734697904,-30.57110032470325,93.229187929022
-30.293717215759525,92.0118524791837,0.010409033415068304,-30.29271862180903,91.98410353588562
-30.0384491699045,91.8384136689393,0.00677174465901458,-30.02694106772582,91.73401911073339
-34.65199530472068,93.51186803197153,0.010108452822870298,-34.63252362881819,93.47018168242079
-32.176256974209565,94.29650242680508,0.008584212115520075,-32.09624975864348,94.1657345040094
-32.22170893854897,91.23074375904669,0.008983803678020881,-32.15867648185853,91.16785388872827
-31.46844222566022,93.69606197072319,0.009974085969938762,-31.31891394292369,93.52646068140099
-30.51999986544156,93.09903638940739,0.012864474991747622,-30.516979562968366,92.95272531754583
-31.199908718065732,91.36689374858271,0.014076008587873856,-31.20439102785841,91.22305879803953
-33.64973209714192,91.2694187808577,0.012215168644286942,-33.60615390147498,91.29120095124468
-34.56004390283324,91.25446238400961,0.016665485226197055,-34.554584736090916,91.19009555349437
-32.572164745332664,91.5300854892419,0.012853609999553338,-32.573086990902105,91.36799248067926
-34.133003347549355,91.36140527292208,0.009574442675708261,-34.076921704314856,91.36016802031318
-30.901528239645955,92.93774373113186,0.013187536322628455,-30.835350661141,92.72456472207611
-32.968734425281966,93.94935113825562,0.009290934761551291,-32.89873185502032,93.99205243418146
-32.41525990556851,93.55632408183261,0.010850171100811342,-32.408390873004834,93.46740717503181
-32.66882998477591,91.45613543350694,0.015583215985498756,-32.70455781623395,91.2949165341146
-31.90652364438057,92.54443292538427,0.013072686605149451,-31.8300555615634,92.37695128902244
-30.732068973951858,91.50525730569547,0.012326610702436808,-30.654686771795753,91.43002720218801
-32.87246625966936,94.17646820132705,0.014249226951947807,-32.714037371207965,94.0676774060766
-34.58374701453698,91.72822082302646,0.0096734373203945,-34.539164234884055,91.74977278382492
-30.173258292283307,93.49935319246013,0.013354311294722703,-30.0619806663523,93.32229254223009
-34.84419978843533,91.42284919687333,0.009118176684689339,-34.79706400308113,91.34741205032438
-30.62147485925665,94.12175956111074,0.011686767614507008,-30.59409709568228,93.88999181278274
-34.03450874735913,92.19996484792564,0.0109574589283773,-33.9725845310998,92.17212187783782
-32.01981425229826,90.95722684469497,0.013660926962873616,-32.0321831232913,90.80576514954596
-34.65824283659586,92.49277844140225,0.016660134366972102,-34.67694903101796,92.5317443235076
-31.888702982371562,93.08547686500901,0.013012592503726106,-31.810434607449338,92.90900604793218
-33.98225579907014,90.73137742287885,0.015041187675898626,-33.930765659414156,90.7222667654003
-33.23454464832561,91.12026220406023,0.009219746124527028,-33.23342658191009,91.0049784406314
-31.24059632434863,94.13475837167253,0.012788634579733834,-31.17487799748897,93.8993346396527
-32.17008191361443,90.96410019935611,0.011998579985790138,-32.16869857477444,90.86620642496258
-32.33838389552211,91.47304826310085,0.01750672812417853,-32.313284536967856,91.28625038229775
-31.795279894335533,93.64206959068333,0.014706584637220231,-31.691005263503754,93.48305275924369
-33.24533743411117,91.91931871973162,0.010112305731767033,-33.22036948864803,91.81959875934164
-31.03791618781315,91.26320757103369,0.011258726821455798,-30.976372896891966,91.12385258195326
-32.28402437868409,90.64544111656501,0.011887550888268764,-32.26235594575759,90.51289254591643
-33.173031448529755,91.81397670591865,0.00894169277607525,-33.22466758845335,91.70207095909201
-34.67386552019269,92.15254354506075,0.01338348879949921,-34.619118341702034,92.21078636094954
-34.15063969249054,91.98190868177991,0.0068961746270071,-34.2714033576699,91.9604153479334
-30.09641351355631,91.23432428434772,0.012328153109590343,-30.08142729681789,91.05384528552295
-34.63617646604199,92.81056884611647,0.012126866152697644,-34.53285975402278,92.7934593092763
-34.99395477988521,90.56030035580292,0.014499788821484226,-35.04119716337181,90.62723674720179
-34.4863478601517,94.19217761513595,0.011355887032087002,-34.3596907612828,94.2327247015173
-30.085816543573298,90.84447670710418,0.014054458609804948,-29.987752172607028,90.68608266725757
-31.07665528656069,91.85671749658522,0.01542144399167886,-30.980251080942335,91.73741823038799
-33.47323058402998,92.06652188870378,0.015970205211285688,-33.438618061482934,92.05674719953788
-34.729867168898174,93.33034412773502,0.013790288629463899,-34.723252703289475,93.3380515442931
-32.30647572094492,92.06543075617127,0.01113402180004562,-32.17183746959716,91.91088468104113
-30.79309574089658,94.55144264331531,0.015056202385287334,-30.746672715019052,94.3451576871434
-33.764454240606604,91.6686059662241,0.011878383782643,-33.70879631823645,91.54809505330427
-30.540200760814507,91.68628810907632,0.014018234230822667,-30.539211459496638,91.553380472171
-31.83555883803612,93.85110249165614,0.011677768626283865,-31.75453023926096,93.8301281081144
-34.04882600975548,91.68467686856503,0.014745828871521574,-34.033981612270374,91.73486551357811
-30.131332373399587,90.7262110197446,0.013290798827518057,-30.131139806007656,90.5876870571867
-33.20065927485955,94.93489278652356,0.015361234845205678,-33.09865334588006,94.9331260907501
-32.41986454181654,94.09795425649237,0.013287652685307854,-32.360905439446505,94.04442728860064
-34.77889136565769,90.44000826561557,0.009461002794959594,-34.71480280940453,90.39494522229602
-30.076106162680123,90.62147636602296,0.016708002508490614,-30.111330016115755,90.41505294725056
-32.206531535615646,94.43899268078881,0.008309974190805904,-32.14430084852837,94.40050055542997
-32.321454143434536,91.60971069992883,0.016715942500047813,-32.25622188875528,91.49891690777103
-30.002349843148394,90.98157313003354,0.009418327914701007,-29.980913305850056,90.88475000768963
-34.337159136525685,90.644721954011,0.009309350132455083,-34.29010077336078,90.67727467090803
-31.94473188056532,94.54183121475783,0.015121516177791474,-31.829743131629037,94.49979788377766
-31.51254384632344,93.99955393400482,0.011964648525706558,-31.413597649839268,93.87676724944727
-30.113235551514997,93.81975364133723,0.012530338954690913,-30.04577042031239,93.6463539318146
-30.274865294219573,93.21814787986976,0.010828363542602765,-30.152475511287616,93.13342968386057
-31.261902101170392,94.68682807273046,0.011753286092441454,-31.158684365349718,94.58527852793473
-33.32129470321016,93.21890687445516,0.016942457862295826,-33.27160656306588,93.18577455526807
-33.80031338482099,93.85577500119392,0.013811680701648062,-33.72781760260693,93.82148100908496
-32.4928695759473,93.23583054105987,0.011676090571434025,-32.44540922811993,93.23062695425786
-31.927384664300504,91.13496494913056,0.01774934780822867,-31.872253936398344,90.99394057533225
-33.75784019439588,90.56947493255684,0.015414867070809812,-33.69211479045976,90.55341626079148
-34.937913649898164,93.49115734885736,0.010469775247269329,-34.89652619411039,93.40116095632548
-32.356794279842305,93.33838673420277,0.018550279223499506,-32.29124722782623,93.13975865524492
-33.68355542010597,91.66041244361806,0.015039244412402146,-33.65281310704777,91.48423153892203
-30.53352406133668,91.11121805793398,0.008553071559062604,-30.571777826880513,91.02697277913734
-34.04221417660301,92.91418605602748,0.012927889164443864,-33.97784865962895,92.84879321377109
-31.971177401916144,92.21780167405309,0.007309926881813326,-31.837435948442046,92.21886593379165
-30.30819414340102,94.36960716558067,0.00849410097210997,-30.24962511313172,94.23971349391189
-34.95495502805075,90.10429746087556,0.013617995980973487,-35.00104133332195,90.0465219167923
-30.42158873201635,92.64169892885553,0.013154631844051466,-30.347925747296593,92.3721304180332
-31.804252609184033,93.85200017081637,0.01491493840482734,-31.6199616588173,93.72935744824954
-33.12243308040898,94.47759805133728,0.007773940182678458,-32.990780551244015,94.35438936857557
-33.89333073606027,94.31037584482758,0.00700320849080453,-33.80575148512045,94.35463563476854
-34.92066299654336,93.25667227536732,0.015379928210398791,-34.9277764092433,93.21337130164198
-32.94917240999768,94.6323720823183,0.00888841680113931,-32.84123685194543,94.58056291078677
-34.54395153333988,90.77319889683955,0.011171216577838693,-34.48784526330712,90.89089702976604
-34.29856088166787,92.68507094170486,0.01595008551050206,-34.18850942130107,92.67857342501652
-32.10421391777572,90.37714492676695,0.012370296304184751,-32.03760388881921,90.34377795206039
-31.561358939271347,94.94426307793204,0.00961255298637639,-31.44688468783426,94.77849010939391
-32.52533000464777,90.38507697477684,0.012039545385920843,-32.52712592760411,90.22349266565284
-32.13822577070498,93.38688324902019,0.01139934489954725,-32.0931087369027,93.22552641143174
-30.8770188602739,94.96609488642147,0.013543027368956425,-30.748613353358497,94.85588078347708
-34.978042133391654,92.2622496413039,0.013845909874053156,-34.94785211121571,92.28759380399175
-32.83030250545328,94.40565319401694,0.009672930650934991,-32.7929765873779,94.27845576514724
-32.274489287664366,90.71920518315609,0.012009036201527637,-32.314818319315584,90.6888821821707
-32.90583516822291,92.9392859756117,0.010959133274494876,-32.902796102323826,92.91400713808895
-32.499212321621016,92.84374713875884,0.010188534062041857,-32.48003846548272,92.78290106128264
-33.413229659018505,90.48830465590954,0.009736900209718251,-33.430701085771815,90.45225480072037
-34.1054479967294,94.80600072942464,0.006032458591083137,-34.06013920946981,94.89843385741835
-32.045257853918066,91.7279749019288,0.006674205557074968,-31.975640840262198,91.70048189164321
-34.952665295504005,94.64680200352319,0.010952048755336648,-34.83072412266466,94.65301307735548
-34.941457077642774,92.00436355211738,0.011598840931480992,-34.84812508218,92.01946621135427
-34.34364608911158,93.58787728827757,0.007813099225486446,-34.27259092421714,93.61581166425441
-33.04463357459177,93.86929851554879,0.011487931075805757,-32.98444625400244,93.80109481776284
-30.737487439607047,90.67252362856952,0.014095431380126871,-30.692333097208056,90.4776515310294
-32.386562601193745,92.06551709156103,0.009965709182057124,-32.397955542337236,91.91172774133716
-31.70634391322364,94.70440211090232,0.013517390111634818,-31.658676605842963,94.65212345640208
-32.76603990277752,92.14488366355077,0.010484883353439228,-32.745986080503805,92.0808374514355
-30.056411322714297,93.31169482961239,0.012386324901543707,-29.948795485800147,92.97785176949098
-30.663960091625384,93.6592098277555,0.008846081988835621,-30.600176864634726,93.5635441408196
-30.563661039141564,91.21520182514614,0.011232428117376764,-30.412332616128396,91.06066657325633
-32.68446380292641,91.38558869876937,0.007929349914332265,-32.67973523377559,91.30306547851642
-31.96246340426401,90.3881883052513,0.012219332920174117,-31.917108604197765,90.26840323533915
-34.983810708534506,91.59293059356932,0.01248013225966492,-34.96965105797699,91.56584711301257
-32.11379161344082,90.33853058802036,0.014178050667779152,-32.09839847715461,90.2068301472195
-30.8856050204964,92.21354989662834,0.010681522682243002,-30.866314462268587,92.04168872356618
-33.82544244743627,91.12315320298951,0.01613322826809884,-33.80530267111019,91.07364467270065
-32.622116787434976,90.97099684686154,0.013583210304908708,-32.49051874461946,90.87118314714127
-32.5820769273946,92.88207791553867,0.011556897207322885,-32.48764031806804,92.89422878500599
-31.423072007842933,92.39415931408385,0.009739144636053288,-31.33979760021663,92.27499477646928
-30.601871335139776,94.22216446872739,0.012367262083800509,-30.546565615771925,94.04390712038182
-30.772728779309645,92.29323008026839,0.016510709728492903,-30.65451467084004,92.13880074948688
-33.79025593112388,90.69289247051572,0.013342946422922454,-33.782996103136625,90.70355520334184
-34.259630027178446,92.03973059190112,0.012874764237337466,-34.24594890753854,91.93642616609401
-33.077563600716616,91.88857750152087,0.006988154856820579,-33.00849323064524,91.827710307509
-33.184962614337564,94.71827506060788,0.013166577956529523,-33.06613322747694,94.64586072755021
-30.520001271785567,90.16467178643404,0.0124905317201248,-30.537478382852445,90.01827366873476
-32.41616018657701,93.65795358151394,0.01520118449091336,-32.273070071719076,93.52006727076565
-34.11220312351296,90.30641724266685,0.010720511486354401,-34.06077040461049,90.29400451695895
-33.50176800998751,91.2004569880076,0.013979464447679758,-33.47966222733149,91.10085622502396
-30.79694907759864,91.04456761280628,0.005,-30.813797066660776,90.99818954204333
-31.87844247390696,94.55952206586791,0.0149315496270403,-31.7675512477505,94.5599983902357
-32.06217063628632,90.08701481140722,0.009059847770974077,-32.051501811111436,89.99501159276049
-33.81554330065581,92.40244916813543,0.007624448493514673,-33.86669508747295,92.3625472374592
-34.31189145342851,91.04292036312903,0.014847535752171431,-34.263245551742536,90.97620294536121
-31.045731963585315,94.09835833530407,0.01618248895385737,-31.03292111652469,93.91963820347378
-34.43718300899269,90.76865078809337,0.005,-34.36537582395597,90.75641846709763
-30.22901577577219,93.76380526164104,0.014954316373056477,-30.11869924708772,93.59012274233838
-34.14927565763189,90.46035883275576,0.013571984000958819,-34.08006883843588,90.39267044729695
-31.374681865347775,91.44538240552197,0.009763061658398263,-31.28442700301264,91.36177803994516
-31.780038976428994,91.90114977956246,0.011079064114202465,-31.737659164902926,91.70121416603631
-30.339850169394456,90.92293464154513,0.015655935481332817,-30.23439876555132,90.72597385616282
-30.446799315652278,90.77080971131305,0.00820781272365073,-30.44466094395847,90.48419346787387
-32.81456850112665,91.66644644622465,0.014391490586485667,-32.776089845053335,91.64397017628798
-34.99538664016529,94.24453406006276,0.005,-35.00923672972209,94.3579839639795
-34.96920535671979,91.1358136568109,0.01177136457905255,-34.87476267733669,91.13044685672418
-34.882907672481124,91.0898555979234,0.013652545108326536,-34.88556998353754,91.05379414205183
-30.0231741165996,93.76122931085911,0.01491464029389936,-30.028375048345318,93.56992304877697
-32.049264934823064,90.68218346430469,0.005896098350599267,-32.073138107049054,90.6428523210721
-33.89219223754058,93.30488507144415,0.012217525379042573,-33.8680466843453,93.2958464656081
-30.68121551745138,90.17209707112544,0.005887848244925103,-30.618664442423473,90.09127384994835
-30.463186303557922,93.26007392748875,0.013872656650015861,-30.403418867680344,93.10371622766138
-31.931207684838117,90.20751846099269,0.010030390560782074,-31.95822012114164,90.14072205098354
-34.57041987517523,94.64248945635926,0.01145920224526075,-34.486058239167065,94.64374215100464
-31.435992466795195,92.03842046087767,0.01198872043011396,-31.407766032282524,91.92001164712792
-33.82482294320636,94.73986057250708,0.011995608575364301,-33.702109971897485,94.63862802211165
-33.577664694974885,91.56221588428895,0.012126138688834184,-33.489950173487046,91.54198127871781
-31.694421168092543,92.17895701722527,0.016930703118945067,-31.64977459459385,92.0386678221963
-33.22670738530228,93.95505596107711,0.012067627442684983,-33.133711537267295,93.93135939058463
-32.30777028065634,94.15219201192785,0.008485594037748852,-32.25465859113486,94.16963685412412
-30.65638677978356,90.55748494093615,0.016783662709348432,-30.68526390167327,90.27691266161816
-31.574622574984193,93.6984720608823,0.008585651540064895,-31.551937515929687,93.54979789094635
-31.98434539595124,90.39537802336653,0.011669470357142206,-31.874723117301027,90.40446881743532
-30.267518278154103,93.8733619854959,0.009918387978520692,-30.155604403697485,93.73892670317947
-33.51881987293409,90.9840426372105,0.014336879767950093,-33.526655764849885,90.92860478589216
-34.570027960493384,92.69619488108985,0.01497364326065688,-34.43875988325489,92.71409512003598
-30.70753204966981,90.11065869332016,0.0055407944736682825,-30.68997031199,90.00439313303207
-32.66178682555246,91.98276719669305,0.01166204358558158,-32.702309947240046,91.83415210926202
-32.16382246992874,92.45930497793071,0.008284358645301157,-32.168451314441654,92.30232319856874
-30.720752179162957,94.48260719653547,0.011235122130532042,-30.663748175553426,94.26910927177683
-33.23839544026998,93.78995168570903,0.014853946693248748,-33.17300971631202,93.70847327291622
-33.71727416972697,92.34098536304342,0.011128576905227233,-33.73283136663867,92.27601959573236
-30.555848023181742,90.04300884215482,0.013679240050802823,-30.529297727022023,89.83179497237266
-31.528217603795948,94.62497941248304,0.015495501459277864,-31.324546002943485,94.50475790462365
-31.34696309634583,91.91465633768063,0.008620959821649121,-31.3036147750561,91.83226825598796
-33.639439304572974,90.19920959271124,0.01151317941861196,-33.56071255909854,90.13732559594706
-33.664651173181255,91.27168932187062,0.01092579886385539,-33.64291921404818,91.19986658996585
-33.026720898205994,92.95033747466725,0.01162703858269239,-32.93550817949313,92.79867189984715
-34.52264540726076,94.0147790035308,0.013093346817954448,-34.470847475871764,93.98429571004054
-33.93725013421518,92.53519868367879,0.01354671621231773,-33.84117172147809,92.47670797612483
-30.760111995720827,90.5371213790861,0.016262957344744235,-30.62260721592339,90.31689788551982
-32.936734945859044,90.27316530080542,0.012228857278508764,-32.96287860289373,90.19451742639902
-32.374857783073274,94.96063606361373,0.010311356355111708,-32.28521949125601,94.89429640311678
-33.66091488128352,92.75211201563735,0.01077923922177496,-33.55335807061184,92.75105232985658
-32.63440940390711,90.33560408475529,0.01181476325038727,-32.6667263718714,90.21230416625971
-31.838153007485616,92.58373335861428,0.017825001836670372,-31.692941526366152,92.35071833345883
-30.915304822137376,90.00437048539784,0.014399612215749523,-30.91431983669551,89.86612151465842
-30.72553549345268,93.74041316039002,0.011105348778676425,-30.629651581286137,93.64610086769397
-32.30489552295464,91.86934431295967,0.01257028395877742,-32.24342870105644,91.84509023913198
-31.54732844365352,93.64685048291572,0.009191159687194316,-31.47052856913213,93.56827815137527
-32.66090611734542,94.666802767605,0.006869914934295851,-32.549941752738114,94.62556332162738
-32.66901065486313,93.63025269582297,0.010748545836836937,-32.596294098440566,93.57845709903262
-32.76050123582296,94.653234126266,0.014407058097817742,-32.64807201379281,94.56921100558954
-34.02391797803966,92.78702947374265,0.01630990914902519,-33.910068364760974,92.74938660775608
-32.36079736324268,92.52392873184884,0.01423990152110317,-32.2799234738172,92.47927420140601
-33.051113046829336,90.78354206062312,0.014765898702538588,-33.00466531470017,90.68608030137644
-32.42330558279762,90.36857088009857,0.011212974474946328,-32.4073267394149,90.26784052315989
-30.12312090907477,92.68306347542101,0.017065250975151113,-29.951414404855786,92.46563140517925
-30.074984172749303,91.55612140900382,0.015899540158776645,-30.04098350858169,91.22588514800849
-33.20803531214249,94.14849027510053,0.015627508629345598,-33.12064862511962,93.9864996972858
-30.298117124018386,93.76662265438222,0.011911383485756327,-30.272984943333512,93.63311670413792
-32.780786151835564,93.75822508111217,0.011743759492255845,-32.63087065845171,93.61422359023047
-33.46353997585037,94.7314592540502,0.010517494035802353,-33.32852432963397,94.73727462582085
-32.34649199883101,91.59031680658809,0.015841200013049894,-32.32498396450845,91.52192303131777
-31.738537080427836,94.31966939631218,0.01235464239532769,-31.68205562539367,94.28268324808475
-30.226171792793277,94.15941943409777,0.013174830606600988,-30.167653468971963,93.93716056367407
-34.830526836354885,91.60704732302457,0.014332436487852079,-34.78887343241344,91.55877742663408
-34.77726991174046,94.43286757581174,0.0076090341135684495,-34.78480359043581,94.46971114732922
-32.23333722077925,92.19635810039655,0.016499084351822364,-32.15720150032302,92.00810112265455
-33.94230533528149,90.25537067064174,0.016788009960580438,-33.950527107861525,90.19172743232548
-31.156047762613607,94.50206243437628,0.013529808799995425,-31.04901440576305,94.37015306367798
-33.07163971232507,90.39781240404575,0.01236603656883833,-33.099174900969494,90.3865001373477
-31.10923782306137,94.35011888116362,0.005,-31.033349357533567,94.24562073912973
-32.34099253077646,91.27140984321895,0.015671241370442502,-32.28208372685733,91.06184589855158
-33.03524196450874,91.27594755541058,0.009492221747225162,-32.98774924987214,91.17851056930063
-33.54772649321165,91.87016165305548,0.011163350815131295,-33.455273329220354,91.84769547287473
-31.985092108864794,94.43917285564766,0.013322060022742846,-32.01483310978148,94.3502123482316
-32.65675921322187,90.05568623528528,0.010346180068744793,-32.633562788449595,90.02523682275377
-30.907515937736047,93.66544751763564,0.009326436001936845,-30.872044592149777,93.54034868457065
-34.96963621247411,93.4082198872573,0.007561495600660573,-34.8906475863299,93.34810527045602
-33.53689826244605,90.38706819004442,0.011388317534215944,-33.57992604716076,90.23268250053601
-34.15162342034019,92.84941471768998,0.010754661426757703,-34.130921603691355,92.8471281979169
-31.91619033806515,93.5446533092503,0.014072575821532847,-31.83302060260787,93.48433763651475
-34.395133245391214,93.74282855601855,0.011901525784302905,-34.31457325028509,93.73590262852554
-34.85828517740223,90.81614976354902,0.016646385501745742,-34.78595020877856,90.83298905320584
-34.65374354404132,94.02902542728482,0.012003869418341435,-34.62413394486219,93.9421048457491
-31.227505812672845,90.23773388161543,0.01057608555358403,-31.24316167064782,90.16060339445615
-33.639002646441014,92.2817809993488,0.012364372722764387,-33.54620667848792,92.34378753064485
-34.786186966985646,90.83113128547186,0.013526431243709653,-34.80974767213031,90.80379060495005
-31.218271478714602,91.24917693742582,0.012453893284314592,-31.168761001295422,91.18776959586569
-33.454044996616766,94.70502726982636,0.010376812426698245,-33.3432863396772,94.6487665072986
-34.17439274595586,94.34307725506889,0.014913312228854945,-34.06993719503342,94.30250156308152
-32.18533059842564,94.44726290563348,0.016036441899486678,-32.14953639096566,94.33358475104072
-31.570183869893455,90.85734780163469,0.013732435315459144,-31.556631762380487,90.80972796246515
-32.98921683301779,92.65497461902596,0.009359164637831763,-32.98506068730766,92.61156054945484
-33.75899971007186,92.25800441619594,0.0070597738262994855,-33.68249253932943,92.20018122180699
-31.770871089021018,92.9247387223189,0.016444620888571848,-31.690845755650813,92.74896327667862
-31.232028811269892,92.82429484370908,0.010473080149351681,-31.158935586510612,92.67048673261247
-30.41656296305566,94.54616227490199,0.01372498032356421,-30.26737283313435,94.30833531404473
-32.45167917026848,90.88435194320066,0.011493052868343087,-32.44186775912593,90.7672821674119
-31.894449166045618,93.9745102926395,0.006974603251278102,-31.869463760124862,93.9695821097541
-34.38731208659355,90.6519379834647,0.013137058242793773,-34.36934956545703,90.59976447369557
-31.150309246412466,92.16845296048331,0.013889475885082108,-31.08511213041093,92.0247327586265
-33.008535554700146,91.3941276124736,0.010137758110676572,-33.008621698405236,91.43525781836226
-32.52272235171066,94.04542254998,0.012757912117031145,-32.45584797994216,93.9794348759972
-31.446083771731427,90.37408136798209,0.011079305785423042,-31.442257034203525,90.18614809630924
-33.902452333756926,92.59126114823238,0.015290691042761304,-33.73535097543325,92.51722212544512
-34.930549005142886,90.16193047865536,0.011784933689654838,-34.88418879451896,90.17675058652172
-33.39551232627344,93.61999818504508,0.009900761201586098,-33.38197701559658,93.51927730849451
-33.71102674433018,94.09681846705847,0.009451053123624346,-33.67348013081337,94.10022546366923
-32.811881036420154,93.142965442072,0.012230551028256244,-32.793837289514876,92.98049758818577
-31.894691463649835,92.71405343232074,0.005779466088397834,-31.862240607156767,92.63484957135996
-30.722950323010437,92.85124913553186,0.014226125964851451,-30.627911429300394,92.62303922685244
-33.378115172991336,90.18380732502003,0.01392707888827442,-33.42718131954894,90.15852361226507
-33.63149641070734,90.18712286205718,0.012532745532455711,-33.63964108226248,90.1741549030723
-32.92866844997889,94.50744553050932,0.010677672237720023,-32.82135134831115,94.34101219477512
-34.95116058309144,92.06740295636827,0.016734585450131068,-34.92358993410369,92.05396492639802
-33.628360344613476,91.10401895944717,0.01155634456776486,-33.551356574387036,91.12932112950647
-31.97136349237188,90.61774951601734,0.011194568963438982,-31.96188174993003,90.58721738888991
-30.940566103304796,91.28301063731286,0.009625352603630797,-30.91226235138005,91.16034584489829
-30.977944355565157,94.08638865789949,0.015026641280867583,-30.89269760938665,93.84226515349097
-30.181770121873388,90.27066692999486,0.01271747656428701,-30.132324530075387,90.02976124391193
-31.927545264988034,92.15698738302629,0.015432004228305842,-31.849025090782852,92.04360875929132
-31.01629222913592,93.283741258319,0.01049480170739308,-30.945020834741655,93.10134102381332
-33.06389348752405,90.61112701897171,0.010775258859478241,-33.06659389357824,90.48020335188913
-34.81688304183016,91.72200887701649,0.007354366617456985,-34.81536886638789,91.70940008738988
-33.515100678657994,93.10719837788487,0.01895288714675511,-33.440776974562546,93.0958662094699
-32.88061127611776,91.8995286676022,0.014994688785927746,-32.77069645024151,91.74516386741239
-31.946607560069452,93.7836777750361,0.011624692665115939,-31.86063344737723,93.69713063047271
-33.08487289937898,94.81825304685523,0.01159643986255867,-33.06751558967267,94.78734892540228
-31.27802717499096,92.88430851164166,0.013968593135249464,-31.178153322211635,92.7304003605757
-34.91174277853549,93.51854741829821,0.010343166094147302,-34.795281913669974,93.47160560945615
-30.205189020137887,92.75972905164016,0.00528520068854976,-30.16269262313161,92.56215208451879
-34.2875486323042,93.75903618839641,0.01326441600881406,-34.19663283531986,93.8267153171837
-34.96865605151828,91.003722104609,0.008377019598716538,-34.942334541338084,90.92946844547495
-32.01152795341951,92.14628420097517,0.012265644664060698,-31.994929154569526,91.98870081122318
-30.347014880111253,91.86930707803909,0.012492092502111134,-30.329742146607657,91.69216320359533
-34.85517143689351,93.19231574878393,0.011153365409609414,-34.89116484237311,93.1800549458274
-33.05763530792927,94.38911851535777,0.01253063762362129,-32.969261486813046,94.3512388534908
-31.859243548608084,93.15169683194074,0.01151011650350166,-31.81461645949531,93.04043192865109
-31.70052671277384,93.22629942997953,0.012006634905088914,-31.59438247968716,93.22362628676673
-34.50098568361814,91.19207384860994,0.012050306067040703,-34.51554804181017,91.20872137148338
-34.46599601825493,91.16516829134842,0.01849528152472025,-34.35877514140953,91.09470812835687
-32.30863352865765,91.81348123676752,0.017959114851952444,-32.21575286815271,91.64267341319055
-34.1236959180281,94.54555715188724,0.015652867272400256,-34.022228470235845,94.48649145490025
-32.50881409372578,90.9265445419708,0.013550016125274443,-32.46994045166257,90.81127245457334
-34.040600739416696,91.72349180308629,0.010861900248220148,-34.0352151490167,91.68806116110875
-31.763508082744035,92.45686318979648,0.010257589583821848,-31.740710376417685,92.41360827527373
-34.70557633697868,92.55620573423593,0.013034297358928804,-34.687268623870395,92.55073432668874
-32.3973529483035,90.22140989197939,0.008484897336354793,-32.398265607907994,90.21552245276253
-31.664876415809356,93.57111977652534,0.017472719037657694,-31.595749441563203,93.49356016326293
-33.74456896520344,92.96106158185262,0.012911648556746046,-33.74604821734597,92.95103525764556
-30.73355235880828,91.66538982345006,0.008611827825782927,-30.774910172513135,91.55606772248049
-34.33265322582025,91.42088098150768,0.006174384348250142,-34.3504056234041,91.49838272445334
-31.32935493282132,91.8116183615125,0.010345682860225325,-31.220639620631825,91.71926584260204
-30.315761888247884,90.70900643327893,0.013237061692649961,-30.261800390214447,90.56081668646918
-33.05755281454736,90.95308728892593,0.010949316068575392,-33.05833489383061,90.89063781408144
-30.263284325911464,92.84494449363844,0.005,-30.242054849731407,92.71016159977015
-31.307908862912356,94.12783088271031,0.013406227961532584,-31.2134111006479,93.9678538837064
-32.73814648471003,94.0824144867657,0.01605862884828176,-32.63225080368139,93.9828788288128
-33.31267056522582,94.20056098177896,0.005077336572363167,-33.28328461065522,94.23508457469552
-31.81798638382127,92.80656197209495,0.0069836730306085445,-31.73151890630451,92.74652272558572
-34.220789185500436,92.93693628023384,0.015423003874256056,-34.11432538416305,92.90871366828047
-32.920046667007064,93.51214752705071,0.011815730914023688,-32.902152901826604,93.35981306239158
-33.72863928691449,90.69932281128219,0.010338148396554182,-33.785388220214585,90.55550587710572
-34.22393561491215,93.03471316333506,0.014365170367633481,-34.21583813118458,93.04852220546805
-30.65601076061514,94.81262405065692,0.011551530603403755,-30.63147846232333,94.56282267125006
-32.63410740927462,91.19617774429743,0.011891742635216841,-32.622613424996196,91.03666615317896
-32.30830818488152,93.19480603102805,0.011924209139467953,-32.20318473722552,93.05432779451777
-30.61089463791643,90.52530345986303,0.017202241569609995,-30.548235365878053,90.25304626547606
-30.466655940557665,92.73789902206273,0.015457379311429332,-30.366771787534265,92.49620509855598
-32.990789096594874,93.92615460265746,0.00909808336635698,-32.974530005778796,93.8710318495416
-34.395275771941414,93.36596286552957,0.009714612184286124,-34.425536948809054,93.3097659832882
-34.25759043396086,94.78207238279482,0.015113225797552239,-34.08787197577109,94.70747524384966
-34.94140387665627,92.7729442531618,0.01401519499008172,-34.92956449315894,92.70786723146854
-34.402671169469244,92.11879582949172,0.015164536702875398,-34.400218055960494,92.06867624222991
-33.34573136961636,91.63789681189417,0.010817897583407746,-33.386032992057615,91.6060907542564
-34.81751519911774,90.95073104876552,0.012045915222684101,-34.77091694940924,90.90914605816141
-31.21742313361342,92.52233793181567,0.00987273378309628,-31.171496860141403,92.32089812881091
-34.94083511552045,91.59669782061515,0.01509364057904045,-34.93267882906488,91.65678934457327
-31.318629110594692,92.30844985519845,0.013812797309640124,-31.27853328664934,92.1885494602975
-34.230767192579705,91.87351686169318,0.01168412852017137,-34.24241160496046,91.82781112426372
-34.28468049364236,92.74239459390586,0.013687391991173489,-34.13498962849102,92.76377132127686
-33.03032253664092,94.83151621492169,0.012224174048342138,-32.98533863360131,94.8048775205371
-32.95621729408579,93.4348728408426,0.007328225012350643,-32.924972815626525,93.4467086821458
-32.148763387371986,93.35927860954851,0.011934228272164067,-32.148620178680225,93.26599664480649
-33.67324814202893,93.63958173716274,0.01231569307862763,-33.582194661318496,93.61821934474573
-32.724681725290395,93.42569142906719,0.009663366687753638,-32.67803450305082,93.38718633390539
-30.57084491089978,93.32588784112505,0.005951417342354927,-30.595151301075617,93.21134691459933
-30.596399225824364,91.60880164418538,0.010559279807308962,-30.50439231271315,91.41653718134299
-32.36185494057673,90.15567605008034,0.013436374112643082,-32.33841251124975,90.1106350346108
-34.460560694251036,94.54800153061929,0.012876504053359977,-34.43454482870357,94.48963077351952
-33.883710801522845,90.15617609530727,0.016799666838399376,-33.85507516235976,90.13630714231599
-32.08059511010163,91.91073105434059,0.014211418834018465,-32.02074231437464,91.76179796396569
-34.07547113655022,94.90309887734014,0.018061052087999928,-33.966152727738844,94.91149002551516
-30.22670907053267,94.10379779271679,0.014845361187711474,-30.078061727058795,93.98612316438836
-32.91172479694836,90.19873513519568,0.014238929147875317,-32.81166841273925,90.02509816647556
-31.871372770322775,94.26352048259129,0.013384445647140308,-31.730368913485506,94.20227596340159
-33.76022276771608,91.20186497632163,0.01724542914887772,-33.69981791778811,91.22663774367895
-30.860474100612773,91.96352925408081,0.014609210773882173,-30.805714519542224,91.85091615402274
-34.7151442865582,94.83513014123056,0.012724170017697064,-34.65447878968871,94.98021384481916
-32.1140657532675,91.04710099288961,0.012134906253024647,-32.06712125997931,90.9520406718714
-33.44863760962984,93.26907450119513,0.010841181334442118,-33.43946238302082,93.16704482682199
-31.512413615409216,93.34160243189498,0.009445967205427733,-31.50970668793935,93.17711251189431
-31.225789644172874,90.01033009296934,0.008105145991952722,-31.196818064434883,89.98495889058839
-32.695339132821154,92.39997080458149,0.013591902386228427,-32.61063724107806,92.35115886620997
-33.519603259293454,90.99070193342436,0.008601691874342577,-33.512708424646526,90.90056514908792
-31.023243494833757,92.37268422193289,0.010439646306476726,-30.962092099150453,92.17198372381661
-34.439483299809304,92.20569508837731,0.010802916672770203,-34.463913973999155,92.1875369474027
-33.21039280402407,94.94889304390104,0.009088711182095227,-33.124453179887404,94.86332770524754
-31.721679035660337,91.53532158568038,0.013778294615640991,-31.606483995835003,91.37093371656586
-30.43265188167388,94.43672862289296,0.01785036838587721,-30.333161964029426,94.25031856559796
-34.54743498525369,90.14120343919188,0.013272926714575264,-34.540327106780396,90.02615183209757
-33.46392979210228,92.55969023299973,0.01262874997170987,-33.376163564228506,92.47257615105526
-32.4198385451043,91.14515130815828,0.015459213515230226,-32.407429215948696,90.96725117773937
-32.799946231960476,92.33672790394532,0.01520319079620966,-32.68980097326939,92.17331106108978
-32.84385244442331,90.63896874830928,0.014662794965539891,-32.78905360711822,90.4439051008231
-30.638225296618316,93.49034788674804,0.009300635416602318,-30.529375189753853,93.40155050893705
-31.91490680899617,93.82008245204463,0.008062886162476208,-31.859268166145704,93.77365945507867
-31.05204748911582,93.64908443416253,0.009761099893403158,-31.01836090580277,93.47276159642476
-33.78321474277123,94.64518826394466,0.01331695153578687,-33.67318406470308,94.57381135166145
-30.939923304605497,93.30419242454671,0.01754446410497057,-30.82067469196437,93.0086117462243
-33.28253768920919,92.45260491805325,0.011402042827886453,-33.29554556357526,92.33274374646066
-34.14247533903915,90.10847107000347,0.015015904821229262,-34.174546526513495,90.03280395388038
-34.111361427483715,94.00263586476267,0.008635613757474778,-34.16238751497305,93.91838496394786
-34.201555395474124,91.10398458542784,0.01652451484177481,-34.21547326250239,91.12090996025722
-30.22624837452663,92.92924108783382,0.011556808901208344,-30.1369510676181,92.85835640766409
-32.68552979656876,90.05646085018508,0.011938262166542452,-32.6019480554799,89.898247269954
-33.25842639431607,92.30637939724383,0.011047122389383688,-33.1531377545576,92.23664985901237
-31.313461847674485,90.06826676280836,0.011232160500367338,-31.261556157805575,89.89132835717197
-34.34165966578625,94.01633999177552,0.010287166776099685,-34.350035674074704,94.03073542638437
-33.36558256063313,90.66341888524644,0.01574702626829672,-33.32734440777755,90.5222354236428
-34.23247523877266,94.19865358175906,0.0077646285887397,-34.228874297930396,94.20207351054734
-31.323013594483836,90.34794677633832,0.011720474873439246,-31.24216321725349,90.25465922291143
-33.732910534986075,93.38688178539924,0.005,-33.74598974945147,93.33813390424486
-31.592935089905893,91.42551761712689,0.010108076077680876,-31.546099329531792,91.40643193551203
-32.913331657683464,93.58428463892264,0.011512654249647444,-32.80113615378266,93.57360097685631
-34.13239908218499,90.40176204500384,0.009958758510319488,-34.07399656163994,90.32402244826024
-32.12033218170795,91.06630557824371,0.012560369076423963,-32.1094070756061,90.89767424603212
-34.1208355505272,90.83824051857502,0.01344338692283483,-34.069592726772846,90.78849645915827
-30.17162373167387,93.24371281694171,0.011712746991979554,-30.129785930244964,93.10026469002763
-34.046834814460304,93.17179108166837,0.013718643401640142,-34.02067338450241,93.19757976852162
-32.43902922807562,93.010864281438,0.010600951672161664,-32.3829707184531,92.91969085114894
-31.77138202043087,93.56263482172088,0.016434173311763584,-31.745906144521292,93.40799822447556
-32.56965521108427,91.92729120776339,0.017332729317585838,-32.44811795501173,91.79185946772674
-30.773950452625265,93.37954516533871,0.00752101163757139,-30.723115129683066,93.20047899357081
-34.97386049144912,92.16350977196201,0.012999087725633622,-34.94863850623199,92.1198401644148
-32.28687189560921,90.0747810386771,0.01651737331986656,-32.24691796211741,89.96833038218993
-33.547669246968674,92.5574828663082,0.015055146586153749,-33.48487290366333,92.43644727869216
-30.750016571541863,91.42085937278938,0.014729255378642937,-30.785588082588806,91.28433094358483
-32.62195468584217,92.87927484129874,0.015340203685437325,-32.63917244693742,92.82929864181534
-30.25016310379061,93.0815894897209,0.007470629857774053,-30.19926199475168,93.06057263664297
-33.04919700140086,90.08604483535996,0.009322058952040291,-33.037109108069984,90.04673050871997
-30.649341861080845,90.83276044337786,0.010402860973259485,-30.59137433892693,90.668104549369
-31.928378343819077,93.1974864621456,0.00906826819041447,-31.819008263742642,93.06266482119486
-34.30593092223912,91.66801668323869,0.015401332595797162,-34.27092673018234,91.58726608638709
-33.84070795115242,90.25919430681984,0.019375495735060543,-33.80947931657568,90.09411950458707
-33.990396672643016,92.8360384405714,0.01684062234275382,-33.93508912881123,92.82373757656143
-30.711743516557938,90.06755113761307,0.009824728663189439,-30.789219832406925,89.98442783946993
-33.135114455567795,92.24059619541079,0.015323617599612942,-33.081971661152366,92.11845873841354
-33.92893855084022,90.97491732784802,0.012287500425026462,-33.92061208277807,90.95962048338845
-34.37013969058849,94.48192357731934,0.006715818045295914,-34.34960259493331,94.56962950921451
-33.7499681922996,94.80798314477012,0.015196761931047272,-33.619364708514645,94.7600681798194
-33.79275398363073,93.27919620746313,0.016629390878436713,-33.83929471141896,93.26355825591119
-30.31302517601329,92.56515436186737,0.005489423627898787,-30.337408823904852,92.55766542375274
-33.15483611696845,92.12257308431829,0.013257133652082434,-33.04669450780344,92.05539967161184
-34.8982996449315,92.1317434728338,0.017577079948493217,-34.83000837152936,92.17405684261958
-34.96765480377609,93.94003688646328,0.013102387597373977,-34.8911356040774,94.04393618892883
-31.13657428086499,93.5671814759808,0.013688296080908416,-31.077013236832524,93.45641139383363
-30.747843227535366,94.15764151951555,0.015756360001201525,-30.690227711056828,94.06291137504395
-32.63613301056026,90.34421266097482,0.006878571799178959,-32.55490126235632,90.35272138074686
-32.67223119725768,90.66496014846706,0.01553458676264908,-32.69700797694758,90.51293795343992
-32.28269042609626,94.25769100311902,0.010561153450093999,-32.18057350937593,94.2041112945634
-32.3090784305132,92.34414935904589,0.007641183930306888,-32.29785295213758,92.2178556674719
-32.88419922682269,91.38420952314897,0.012675555440437558,-32.838113064193145,91.25838179459147
-32.3078102416886,90.19070750093117,0.012821635797275806,-32.149342529809466,90.07200145028104
-30.02337651679879,92.6704198588723,0.008104429996132277,-29.916263997044908,92.55354634261514
-32.50785737832468,93.01778016708168,0.016563442557649452,-32.515829528715706,92.88039787465313
-32.472247779101366,90.25881563848613,0.016564284432367366,-32.430400718269496,90.19700332468673
-34.110613841838386,91.92860467851244,0.012544040864732577,-34.10585601850386,91.89349989900583
-34.39015237494758,90.7738491178666,0.006209250516887071,-34.35456071276707,90.6852424528709
-33.806999061364415,93.92760706060058,0.018832849600083662,-33.70750596632025,93.88871058568381
-34.085839264841006,91.8155707632659,0.009171954450408639,-34.075460923071915,91.79111306080469
-33.4253197348313,90.92596803065969,0.008827108327840758,-33.447196386096465,90.90531263701064
-31.17028174846904,93.36545047421589,0.013892584743481077,-30.96410093659472,93.26672731392867
-33.217912302971385,91.53459330811802,0.00996077889433607,-33.193837869451635,91.56289726161054
-34.975856382935184,90.42322652739028,0.013857353070949426,-35.055354466505705,90.48881934538102
-34.01233830790132,93.78868508532548,0.010664960539539994,-33.92645459182863,93.7981370156341
-33.863482151386464,92.42712571747812,0.0138893647027797,-33.75547844141558,92.43916544488266
-33.85681055899496,91.9163891683189,0.01601331871148237,-33.8246042977255,91.80474865728033
-32.80640064607748,93.64613084548675,0.009778061241623746,-32.7636152229079,93.57337857450922
-31.532256589196965,92.83413805675545,0.008680645102350256,-31.459202339358622,92.67536171938764
-33.12132253122037,92.68361162991356,0.017566463428019402,-33.0642013485925,92.59406639402297
-34.81503061096403,93.99495281666246,0.01501773057818215,-34.80311773971318,93.94600956882465
-33.74814494763126,90.6687739007333,0.011393747491309702,-33.76647182015607,90.63027099830533
-31.678280281602213,94.52692630856298,0.0095727131449416,-31.680618232121194,94.43278147169369
-33.207016572552774,93.80440968571028,0.010818650205386544,-33.12751906017876,93.7303415514129
-31.04629550281816,94.91599193785616,0.011261666052569445,-31.000471003407963,94.77194086547223
-31.92321659112164,90.97884954380567,0.011636671057450048,-31.93248189514511,90.82866249683993
-30.816603299736386,93.88161308635779,0.012209430779293364,-30.795821736474608,93.76809967491046
-30.136071944469748,94.83573184850529,0.009884484756642593,-30.008895914997517,94.6907621078372
-34.72344798613831,91.07622176593807,0.011915518617735044,-34.68414472568106,91.07647183283561
-31.761604629981022,90.53371877940779,0.0064051432953675675,-31.80482081517967,90.42904277150255
-32.33551147858407,94.72308354964572,0.015766740692837677,-32.21372221875598,94.61747741739535
-31.009803101697415,91.02307313690997,0.014571002737674853,-30.91236473642994,90.82379836828889
-31.608790647501124,93.84013417361786,0.01375466269899312,-31.469185453297783,93.73515686901618
-30.803765258490277,94.56376107235741,0.0136184251577959,-30.674081406857137,94.32863100947135
-33.94493735365021,92.66413448143918,0.006639551642053004,-33.93366088365738,92.69267810909095
-32.08002643347245,93.54400255802652,0.00848908440290973,-31.987620029669582,93.50671297486372
-33.80649075939194,91.76637996980207,0.007585575105541153,-33.81038246976045,91.71855654842703
-30.84339083877749,90.78028501540793,0.01073864909216662,-30.81429870176522,90.590538239943
-33.420983676927044,92.76336343000116,0.013274995008887135,-33.33070761063537,92.73725885594568
-30.144035262651883,90.66035549158853,0.00826183428964149,-30.18430839455393,90.5915184544566
-30.948669202822735,94.88742002246634,0.0127911678720293,-30.895999087503572,94.69750187935071
-34.56794723815385,91.69433513437853,0.011466988124919145,-34.56285221092233,91.71790529405415
-34.95477798150227,92.80989749884743,0.011918432829828391,-34.94113218773461,92.87046483196937
-31.01194257751913,93.83116580355285,0.00690623804857056,-30.95675806859452,93.66958477751106
-33.96188081230678,92.85889332144183,0.012267309215105156,-33.84810041375546,92.71515316689806
-34.98025587395479,92.89184046195369,0.013250390494386675,-34.905349588033246,92.8067417836199
-33.66701162811131,94.09919844552982,0.009112010052274527,-33.56728753098546,94.01757960159244
-32.04420723966804,91.74641651098783,0.0162313786555526,-31.981783253753104,91.61299008618053
-33.50081165875333,91.19200021677625,0.013014084024715171,-33.51229862989268,91.12178644508971
-32.83982000418865,90.97959049861095,0.0088900622235266,-32.816502536454905,91.0028414888628
-30.251786379444944,90.81124667891225,0.008064764358724379,-30.210275071485476,90.5811359293822
-32.7635242537171,91.90775218449805,0.010450223027989751,-32.74486914921171,91.86884761252492
-33.35510649011975,90.47372365315199,0.014549177145502808,-33.242265100505094,90.3544105223075
-30.358382672299058,93.47826836005352,0.011455783500855816,-30.2803467685735,93.2838520762671
-32.1976467057059,92.84777546157555,0.008300875045493114,-32.12640887607671,92.7689351836423
-31.490118177811198,92.59742547517679,0.011278505884032964,-31.44357843800121,92.45598425128647
-33.517852185448966,90.46401530274609,0.01427595014690061,-33.504295447928264,90.31501722135476
-30.008289750966796,94.1049637461486,0.01564567600295351,-29.914968364125873,93.89535454083567
-31.836576487944853,92.41285134257063,0.013482059068559663,-31.75328621737898,92.29986353115193
-31.986386419496714,92.25936842018237,0.014688366247408812,-31.849107941916127,92.12358325069478
-34.70108915593207,92.78172742928976,0.009016752469584407,-34.648191349861065,92.81068580843306
-31.079327946076425,90.32243826482349,0.011681201533629422,-30.99177431433767,90.28683396453769
-31.535859405010314,94.35699650939132,0.01048380665705972,-31.452773422840437,94.20097354431178
-34.940007524877075,93.08309610076846,0.010355717780983457,-34.94397319219618,93.11214142857851
-31.210504248666314,93.11304843527527,0.009633714324679035,-31.071137515284942,92.94976109900024
-30.16327088268793,92.03726956392929,0.009960518107623195,-30.071418943401785,91.9027912995559
-31.63339357727621,90.48244523131818,0.014859352538691696,-31.613274925474723,90.34783428612832
-31.38701239831958,92.39870396251327,0.012145665717418343,-31.32794338139481,92.28107284097726
-33.48107002992499,94.01648027010444,0.018084898991790572,-33.34998774945524,93.90300541373601
-32.073589423154665,94.95976522245036,0.01036459491925108,-32.00667149675933,94.94179960440175
-32.67978311262346,94.05100448540983,0.01854790271818952,-32.660841940780465,93.88246542988442
-32.88618760592168,90.94132450977678,0.011170755511207588,-32.819573081307645,90.83290799184776
-32.59129599997539,90.33049030099296,0.010850642617663388,-32.4921697126421,90.25772241310717
-33.15992351532889,91.39383863863489,0.01235687247252003,-33.12619136389086,91.34448615345387
-32.756962534313836,94.51266130511513,0.012484924006534143,-32.68611045588721,94.43497356608009
-32.19515716743061,92.48543425420117,0.01381194592733424,-32.193366489532316,92.35820351771412
-33.13877808343418,90.66922917307414,0.008415434123013741,-33.09091145867194,90.59185689692517
-34.46517542995842,94.46173033537447,0.01435266646769091,-34.37527052423118,94.4746973233192
-33.777436480356414,90.34792317509167,0.012144177445001906,-33.79608615728818,90.27665689747205
-31.498550056742562,90.32520373706775,0.01450672261141929,-31.415629358629406,90.14189710413737
-32.85198811528777,94.25430618260536,0.013234272020977829,-32.786405860588694,94.09451547071738
-31.676301081682848,90.4611720868567,0.019370699793250432,-31.578483538989413,90.25473282906358
-34.402100863631425,91.74785980904156,0.009611925098225001,-34.30761518319937,91.72765147387113
-32.20629964985848,91.87332502087234,0.013336889047861837,-32.15174858182049,91.72662603051904
-33.0252899271798,90.33161181648828,0.012034880851956758,-33.014148416090485,90.2952052349645
-32.1629867038488,93.2390416845751,0.007888498684073843,-32.1512844434022,93.1810617567842
-34.17450642303417,90.2333979485389,0.0077862420627048705,-34.16136414683995,90.18972682009205
-34.828996697266,93.51885523363235,0.01395464579651699,-34.789493725692076,93.55448145309232
-31.186127724631667,91.23383765460233,0.015321060374632326,-31.036995278293766,91.01884594330839
-31.246361147107823,90.78173143664385,0.011000687737562975,-31.234025074986267,90.66536908890063
-30.788096746114057,92.6575241075995,0.012307665466795091,-30.719688176189816,92.53884462159603
-31.2993015066885,93.2390888671159,0.010999217443189175,-31.232273739879773,93.12681737945192
-32.03924848610329,93.12595075043222,0.011626114896531798,-32.026983187039924,93.05028716535293
-34.7951675923726,91.99953667321721,0.01102564428105701,-34.78604389211356,92.02797482869758
-32.216127772233385,92.91007593647504,0.011035184912059473,-32.221376763457336,92.77754951282829
-31.09708097574555,91.5071202341715,0.015343912522402057,-31.036335141266623,91.29220830319527
-34.507794734907485,94.55620941428344,0.014177856409022624,-34.38096452410318,94.5316833276218
-33.03326348849646,94.78473461539852,0.01923959065271527,-32.882560044978916,94.70494543778777
-34.760970620663656,90.95863091504532,0.009277803872135996,-34.760995757644515,90.90249127786868
-34.68875020341142,91.39589550061892,0.009048828679076994,-34.64777187468864,91.37086939303069
-31.165568571844556,93.75495720022992,0.00570387980944268,-31.013501259936017,93.67063450407176
-30.40041206724954,94.27165836569506,0.01085689909607824,-30.404170361909877,94.18247315726308
-34.15328782115467,90.76994343628351,0.011510107497657735,-34.14665999094445,90.80446610230827
-31.387377601624088,91.9095637582695,0.006871556225656849,-31.378874044440376,91.8314865428746
-32.37105468071839,94.32803284569557,0.0067288138189278415,-32.230192164945045,94.31943740118919
-32.82731802246896,90.30814757181112,0.008715797878941039,-32.797706954901955,90.32935586605922
-34.45020943246761,93.24421346553557,0.011762411542545127,-34.34627826239781,93.2258817399577
-33.759860108834665,91.02076032884135,0.012161517689169232,-33.69274060036746,90.94419454873079
-32.67973975880139,92.14744426310014,0.01442486663220054,-32.67645467163139,92.17989380265071
-33.59359731119071,93.61140944173636,0.012218314367203156,-33.398204449067784,93.60317839151435
-32.7335875724612,94.99268213217759,0.013888463190306965,-32.68349136369386,94.95098027780725
-30.13157879557965,94.72917882650158,0.012334804510859358,-30.013624632295166,94.57385087922508
-31.518055787732152,91.43410797568903,0.011633749973484157,-31.508878622041507,91.29928088076352
-31.5636464848572,91.1739481760712,0.015081557369849308,-31.468015931691255,91.0497809987927
-32.16194097286709,92.33657805017435,0.013688601951823141,-32.15675517440574,92.25460392219986
-30.205788980409572,94.69466186434255,0.012914586936681835,-30.076336990561046,94.47744595217668
-33.32650975653429,92.39734200903251,0.016340853693692824,-33.2727293715725,92.31486950183292
-30.060370911984162,90.8704984653575,0.0069831955544382845,-30.13169192256181,90.79688059373647
-33.108967907889216,94.32550668666279,0.0094675556441705,-33.10907150205512,94.2597980710652
-34.43865042952623,91.14200049829138,0.0164672907156787,-34.41619270976935,91.20074733064422
-32.43195747483468,91.5096618959083,0.01498575811063265,-32.30303644386892,91.39776296632662
-32.26336905466806,92.51959384187143,0.011888795930162203,-32.171898745889585,92.46158180427956
-30.778725794906556,93.08188068873422,0.015546322805745836,-30.687829519310252,92.8778437951017
-30.192604761475565,94.01919117445198,0.014105574870140055,-30.098696132959564,93.85792409111328
-30.530991696059537,90.97510017851039,0.011746413421170346,-30.532866909575926,90.77595306558682
-34.267786794291254,90.04371509780154,0.0077170441651639885,-34.3023522460114,89.98381186439525
-31.109819302699215,94.4664674348468,0.00899615443504284,-31.057144064195242,94.33399896237833
-30.068151497261567,91.65598154798084,0.013175537282277529,-29.999757706476526,91.57189591459907
-32.48794638828061,90.85575252467964,0.009982162774381853,-32.51844139304987,90.80441876634335
-30.88689939255482,90.02375503971477,0.013779940920457773,-30.869516223331917,89.89725621107567
-31.71030312699273,92.53845330082066,0.008175440986326983,-31.688081221572418,92.43064577655167
-31.995892557430302,90.62138255004335,0.01249727043477552,-32.003269779890445,90.53238230859816
-31.631896595286847,93.13606890264153,0.011731071661704952,-31.635769209078482,92.96388084457026
-34.33246534911099,90.78165200153661,0.01239335540212572,-34.289820193136414,90.70163729706007
-31.572343749265528,93.25756153401882,0.013144434791140237,-31.47712635467017,93.1820130403589
-32.75345511672289,92.94442371565077,0.016429549884437893,-32.65566011759962,92.81259007197181
-33.39854083587503,94.24280181970511,0.016190212828986132,-33.40105498737259,94.16262078776836
-31.235669224326514,92.40589857660427,0.012047251929599276,-31.15001556132896,92.34049005690723
-31.539457895246123,91.6280105455099,0.017042665503705437,-31.499570809046116,91.53084801111302
-34.6288325214311,93.37994056501,0.009087292115787297,-34.565935207333524,93.44531320244587
-32.58043040010631,92.53457607683501,0.011605867517572315,-32.528607303374535,92.48227520030359
-31.201293795153553,93.00092007899686,0.013195542980645833,-31.208910547863645,92.78943413482214
-33.92608034310175,93.42693452943101,0.017973088196414,-33.839510197441626,93.41503062300787
-34.234816218102374,91.92747009697766,0.010554928752738947,-34.14263498609638,91.92903375725582
-32.16157069868288,93.95522804360233,0.012800745370849412,-32.05472431400777,93.85954794966241
-33.990137158120646,92.50918763262156,0.010128170922834766,-33.98854396009792,92.42841214697897
-34.79559125139103,93.56447237268812,0.00843089067448492,-34.77213158949691,93.51766559962134
-33.042762151025435,93.28489910553357,0.010133740559228246,-33.01039540114849,93.2779847293224
-32.543391605740034,93.68907301246705,0.0138665778210452,-32.49327324637933,93.59377210028072
-34.179913775349306,93.6254543208067,0.015505060800157434,-34.13091837269218,93.57117509510965
-33.008685248223735,91.9733235541277,0.014641816297486388,-33.00409015820045,91.79344438523249
-33.00884020577411,91.59317154347661,0.009760625558941718,-32.95500181715641,91.48233184475703
-34.83743489783712,92.57513457410248,0.013481845532470048,-34.74694883506078,92.59388971851763
-31.117593391635168,90.4544607671935,0.008833174453294509,-31.079970035579084,90.37437149084231
-32.241694701975966,90.55601506646286,0.0165863771522368,-32.159460593213915,90.31025853070605
-30.62109902002186,92.42463766463985,0.016135577981441405,-30.583138359547156,92.1861130668996
-34.93226922931645,93.31037702859493,0.009145588993246797,-34.94342732667985,93.2246496971713
-30.411297842913967,93.795040654049,0.009552709901289149,-30.300036534173927,93.70702451712215
-34.351107502425904,91.35143574727417,0.013674725486751449,-34.3172793699676,91.36781151679077
-31.498503384011045,90.81437705398164,0.01383792725147278,-31.46423706474814,90.60677677899392
-32.53422250687849,90.16078666330658,0.013518463317828525,-32.47344106643098,90.05978345341101
-30.086298683371584,90.23317471192112,0.011593511193009682,-30.05643332190682,90.01489567036464
-32.59375716376374,93.89250996033802,0.010886593999988887,-32.5223301936483,93.83447193167711
-31.90778162453005,90.221146710983,0.01298111670815048,-31.826265196300106,90.10587396265471
-30.421571654821584,92.27360811646186,0.01537623333919117,-30.352149868965295,92.09402577700332
-30.864301188776786,91.73569330493136,0.016238542107615835,-30.858275790636892,91.47356046345146
-31.471147699419067,94.18765999211732,0.01787090141619612,-31.331644859418635,93.92150448814975
-31.560404671511115,91.59497097277314,0.007427882615495656,-31.501462230165735,91.44494931951432
-30.591764304346373,92.28508701446233,0.017209028629336508,-30.460784905677755,92.02867197051741
-31.022180327556676,94.23377464667753,0.014291230968901033,-30.92878711858508,94.0778153635582
-32.59827529778919,94.62575165348196,0.015352365773033345,-32.55945973299348,94.48791871543224
-31.030358739537174,93.52295067502823,0.012622791723636046,-31.035108628301685,93.36667766916575
-30.513880005771863,93.30899161038823,0.014779960665934308,-30.45334201722013,93.11362431072054
-33.14885090088141,91.5395231734232,0.009563137749860754,-33.142043905780476,91.54162537910386
-34.709380281362414,92.31372822716418,0.015394640685031342,-34.729018720327346,92.4215159356135
-33.06985429650437,92.7872734107347,0.01733169797951329,-32.99146494123937,92.68307313393373
-30.859195428202614,92.62298837706236,0.013916242676360267,-30.781749461074057,92.52910244353276
-32.61345225561992,93.3004730299956,0.012870813305830245,-32.51134629092987,93.24420140752765
-33.46031413217934,93.14638745966967,0.01557046572714518,-33.377090525195655,93.11348075335276
-32.862647896736995,92.46271531957613,0.018144881748381136,-32.822352127411406,92.3906107298359
-30.409896790347673,90.51357218175475,0.015444404998914344,-30.357388811596874,90.32326943020618
-31.561256196304537,92.30273798270264,0.014214114942535876,-31.53284474016608,92.24584515993506
-32.69542198534771,92.8545549191702,0.015255361198410599,-32.61800359513897,92.76427475190204
-33.60767848056986,94.33797400859603,0.015878650247479364,-33.51118027364432,94.27957622508234
-34.860180291931215,93.38243001898194,0.007408895521838929,-34.786100912642624,93.36221567823189
-32.41847936118888,91.10179202814821,0.014291719117857603,-32.278762910571054,91.03921865446321
-31.112344185532276,93.31112165534954,0.01447152696427165,-31.079097681413508,93.14437679289452
-33.65542583420235,94.86688923659715,0.015022068525464354,-33.481791537520934,94.83758041953767
-34.931616302603246,93.63000390490429,0.012241722510892209,-34.90238132745715,93.60848514948322
-32.03913593068052,93.23592484340902,0.010372596263874595,-32.01045896261808,93.12634517419825
-30.225925907603617,90.87759171315437,0.00896884710802759,-30.22438452375526,90.70950182590721
-31.17189947418519,92.02637122808545,0.013314867834693822,-31.131673463803338,91.81215756211613
-34.40409975422352,92.84406620724414,0.013935679877312923,-34.342118934934334,92.83187186768171
-30.039401365171592,91.01972235917617,0.011514989881344952,-29.982485044204946,90.8138774632632
-30.33047050119375,90.20582877168107,0.012034828244871438,-30.36557074907688,90.02049143247586
-34.54812985711972,93.16043456235695,0.01210092840306068,-34.50056006835633,93.13702698648586
-32.78446648561346,90.2141397122166,0.014213817679776974,-32.80870433348965,90.09824768954984
-33.70150985966197,91.24958887769954,0.006005228105369515,-33.669419622344485,91.20230034384427
-30.110614069584017,93.80008094943877,0.011896476995717544,-30.049324077978913,93.58177470565877
-34.32522687501155,93.58327403163752,0.011968139165314088,-34.228725156284774,93.55159314335513
-32.07049024525861,93.23736128238545,0.009374498960356303,-32.05680105218879,93.18025618665006
-31.82180181275412,90.65579683683633,0.012884392744905934,-31.851111213583266,90.46969326506098
-30.57428529967827,90.61619006049966,0.012144299785741955,-30.48473637099048,90.51147928391622
-34.932396904742745,93.7162355503555,0.013687117261566795,-34.84565693883467,93.71255774164773
-30.123019344060868,91.2378811613445,0.013517694053569155,-30.03218309620115,91.0433282665683
-30.048848924226277,94.3488672974419,0.017007902315936914,-29.973840470710222,94.14925510863088
-31.535871857070305,90.0499591693245,0.013945553144883155,-31.500159031932057,89.80992686827646
-30.831253429916956,91.97053348482149,0.010935522902983644,-30.73484620838841,91.93938434162891
-32.40093933176686,91.52036090426611,0.016549625145281573,-32.36412150424256,91.38258029460714
-32.12246451006937,94.81634741803438,0.013800615148644477,-31.98666431578195,94.77537044642433
-30.658363393297645,90.32692078789957,0.009932651698047437,-30.54927642429396,90.17426468014507
-30.27630202124301,93.8658843940894,0.012368344522140572,-30.193013003736205,93.78208725048495
-32.442467395932724,93.65303451457584,0.013257808461245206,-32.36845092988186,93.51746004438931
-32.283862783941544,94.95763273058385,0.014752994327678237,-32.127033668075384,94.82719882875531
-32.57658610104193,93.92124245021031,0.011903277518199421,-32.508959778869304,93.85843648996457
-34.94844749390741,93.31415611804928,0.013771473821700896,-34.906874066789975,93.28251752465724
-34.26925329554399,91.41527716955574,0.015915821391731543,-34.22853864326141,91.33316824331325
-34.00182630092483,93.55304135844017,0.013695710763836463,-33.99541125812765,93.47939302091451
-34.1579596998103,93.12266971421029,0.009133180631041724,-34.176538721067345,93.14114553209238
-32.240618556007966,90.65407824872352,0.010041229416310778,-32.22976709048461,90.56826276067669
-34.22089065898156,91.16317469072956,0.007533527905277817,-34.20951217517323,91.0493854938238
-30.025538744636737,92.042295384359,0.012800669219770225,-29.947424386257968,91.91767682510854
-31.979258611611932,93.43236242848876,0.013437605727112095,-31.928756389334815,93.34323066006904
-31.86907266983878,90.38167693428893,0.010498406671111233,-31.79673099329478,90.31160404362699
-33.65604693509361,90.45815282751582,0.01137538995483762,-33.554426488138034,90.46056266972586
-30.84940998299548,94.92427586849074,0.009549168369474299,-30.724622662397955,94.79506851769048
-32.84590886690859,93.71053788173514,0.013941487270206358,-32.7762366649842,93.61867593719052
-32.76300104796841,94.05370204457336,0.015168430470938491,-32.664427252714674,93.97317994719964
-31.668263234777733,94.215409486291,0.0108924334650182,-31.639597811378444,94.01669497560671
-30.975435209282463,93.97922433735597,0.008179806843913846,-30.912865973433597,93.94090737645308
-31.475518091955124,92.04798783077635,0.01033717117186254,-31.355514503925708,91.9497032162438
-31.719517736904805,92.88531268319399,0.016849569531851162,-31.639031869279325,92.70366911989272
-31.768080573809137,91.66120815874527,0.014663230601612887,-31.658851408833897,91.56757464841763
-30.872705329546534,92.4704725897625,0.013138904718914447,-30.881664984987452,92.24342167662073
-32.5546467760814,93.5188329203552,0.015789859524963232,-32.50001420085523,93.484594406349
-32.27610810281988,94.67415693973325,0.010718538121567624,-32.226447629552055,94.647865161659
-34.754357915665544,91.79503351318776,0.013073593277484809,-34.822018220650605,91.84979254323079
-30.25256282458042,94.97211866700903,0.006817324425380061,-30.1499627945533,94.9195074933789
-34.17126767418409,90.93067687400043,0.01212260036554553,-34.112092731696116,90.92008301265957
-31.619833633143834,93.29698151594853,0.01658933397786501,-31.41227578031338,93.14817308386554
-30.894239422735268,92.26672223845378,0.01442511655284826,-30.815255547594685,92.0627528003156
-31.205046069750207,93.46722351262808,0.009780061521374662,-31.168436015877226,93.28473383264198
-32.1525560261047,92.9797423675955,0.01588947983074049,-32.09552672041957,92.86917665487692
-31.26890123682367,93.5591153554117,0.01071086202613323,-31.18104687619686,93.3374317558739
-30.873451884146537,90.81243602532253,0.013205773347076706,-30.853469462792894,90.69508057942892
-30.805191510263192,90.26150710541852,0.018146891758799695,-30.70672209093768,90.01229324230886
-33.007866753510505,93.16259421220629,0.012097219000519285,-32.9552205395473,93.22132575199693
-30.336192371909323,94.02959381915558,0.007780083014011154,-30.310597908836343,93.90417584590047
-30.79975901174288,94.64323249203193,0.011861473899197368,-30.675267203939036,94.53998331002349
-32.66310181085065,94.6928945423803,0.007379640582363839,-32.58550333492655,94.63297228271075
-30.988692647052456,92.7824840159455,0.012087303359125697,-30.942425567367984,92.62739170859471
-31.661905755027373,94.65062113264077,0.00853126232019629,-31.634369204176437,94.6255242893164
-33.914842105669806,94.29677445712431,0.01045066745699055,-33.85170544844413,94.34312777855091
-30.4715115977365,94.77975974441216,0.014014882293705413,-30.446155401902885,94.62304369707185
-32.54564432502583,90.50772147615969,0.01243559579126284,-32.41968935436614,90.42581850014386
-30.155729543904087,92.87913831495752,0.00603107119878405,-30.144708137528163,92.81374729620825
-33.554757119998314,90.5110188057429,0.010541156064082022,-33.508787267793785,90.38994754030202
-33.195765496992856,90.29534510303625,0.010271212838869516,-33.13367434416227,90.2892288916292
-30.622431142259504,93.02164541424408,0.009609682326475978,-30.512753180936407,92.92014979618033
-34.36710446785047,91.55774547073621,0.013439242637422957,-34.33970909941421,91.49854258291492
-34.711973006060504,94.7679048262353,0.011794444237006561,-34.64251299680873,94.78520209589007
-30.867211379858844,91.4656204948914,0.017268652092176914,-30.847649030827426,91.29156250997397
-30.32203559888653,90.61694644871577,0.015486973789855907,-30.34388527478714,90.38846316048472
-32.43852922733838,91.54058403295437,0.011161553475689093,-32.389416838680695,91.42215074707707
-30.006538380927342,93.44146878938002,0.011564280074924261,-29.927809401298695,93.37575463865383
-30.08510536049233,93.49124861386957,0.0160863127065446,-30.003071368265896,93.28997398492638
-32.154920035016154,91.17655629410393,0.011412035707755737,-32.08451101807975,91.09714847887331
-30.24038761132181,94.07654692794499,0.007781804820093161,-30.208973821154473,93.96940966004736
-32.91222912576421,94.89318627678074,0.014665288559289936,-32.821515822162795,94.8841675570905
-30.783424364124418,94.29493882979772,0.009342913881542082,-30.74222365077269,94.26291944313266
-31.78776651049302,90.97048796924634,0.012033464390123202,-31.713948410170868,90.82100876520077
-30.492064515276375,90.60569810201817,0.012593932155649815,-30.4634008328658,90.40662877904556
-33.54898735179122,91.27276640024745,0.011185784554270734,-33.47529725439612,91.20663972597403
-30.452181868379682,91.2554300512638,0.018168814230423904,-30.3642779754794,90.98829203984938
-30.563856728510583,94.11653502674108,0.009861396042766132,-30.568094839628433,93.92892264391108
-32.85179125234324,94.71472808247715,0.011803731493483316,-32.75358331372038,94.61781777279835
-32.824828394091554,90.9832998756778,0.008894778719605145,-32.745797550173556,90.91349897241388
-33.434429131279124,91.97993846448122,0.013567196510872284,-33.41291755052275,91.96668436080647
-33.09534165850821,92.47089163698791,0.012686302556449395,-33.10076901022034,92.42795650914968
-32.03199194231374,94.49713354869411,0.009389873062603266,-31.993379707306673,94.49537415275029
-32.52988847250977,93.91666902143211,0.013654796660248197,-32.486347705316355,93.77301090972276
-30.482811231477104,90.55697943754508,0.010802428540418643,-30.422990896834882,90.41543283963838
-30.862567891529878,93.13503726840197,0.01295900436778022,-30.787193615904588,93.02589278308258
-34.350937601128884,93.34120473612504,0.014941732066025651,-34.29107824588163,93.34158094617406
-32.25094751951867,90.08030122590999,0.012581904242470946,-32.293027736101905,90.0548803606274
-33.117573445835575,92.3908258375406,0.01490601738455322,-33.077680869586096,92.21349615999256
-33.98768139795893,92.98872839001343,0.014475446727041142,-33.91560757342816,92.93817725667195
-34.06847303841334,94.48919269555223,0.014283025029047845,-33.97569899819082,94.53165644789237
-32.08146137072696,90.2780048207753,0.017275612627238722,-31.990755017821247,90.14150386769778
-31.304843555319838,90.4734334328486,0.005,-31.375456607343143,90.42449279954438
-30.136935297826295,94.63828231729207,0.01050586541447127,-30.069734371282117,94.43433192944785
-34.34378234309757,94.81560841779867,0.01172318948127946,-34.23792213092205,94.84160970749313
-34.0431007369708,93.6093116269878,0.011871881638830763,-33.8989232726124,93.67112111728905
-33.12383609391723,91.73165436145271,0.014707310710212798,-33.104087172526626,91.70843609411874
-33.06650826508066,94.38698833327474,0.010121784983876381,-32.9222130089165,94.31332461165628
-33.89041802409857,94.50518397984969,0.011323215908698466,-33.76980800027687,94.52683219307023
-32.93231474614036,94.05011005497381,0.010189355914508532,-32.972153147589985,93.9802239069035
-31.31864124595446,91.56676740592809,0.0095367542673414,-31.309543812699996,91.48171256154671
-30.56254063813125,92.45294254938236,0.011580650161605085,-30.46757307332558,92.26714182668259
-34.63639063488827,92.75865236116026,0.0104570212205782,-34.60698757003401,92.83033118483652
-31.77175067023459,94.9992568604667,0.008140047068785163,-31.73137066836981,94.91496591976345
-30.869985662529725,90.46541234036577,0.008824555178742196,-30.86077707278705,90.2623742526312
-32.34565521503563,92.4070690288105,0.01204631300147684,-32.353674350221134,92.39492579365451
-32.97357041557602,93.93873166434882,0.010636219887642346,-32.89862388572836,93.89646968760808
-30.968374026010807,92.74877205687861,0.005,-30.912738853396213,92.69216705708871
-30.29089436045373,93.25604265930887,0.005420428516189422,-30.26743832636449,93.16730732967355
-30.755252927953094,91.44929115268371,0.011861276734504093,-30.73970208395574,91.31036678198087
-31.830455865850006,91.08175145851621,0.013142509815464967,-31.81106832011083,90.94993341059777
-32.657804684929744,90.2163312458547,0.017071444157131674,-32.691295797474034,90.08422905079892
-33.02877168916922,93.93210161080093,0.01039882942939713,-32.98838955655654,93.83420292415911
-31.728811542497436,92.02920709108622,0.008840607466196087,-31.748389534844357,91.90349403300917
-33.906066472846526,93.93711203590773,0.013607681712059182,-33.84997364392129,93.9573531117787
-34.411291320578606,93.82115009345429,0.008340493284856157,-34.38602793218321,93.77403607772033
-34.552595886250785,90.53409734578078,0.014369340522275483,-34.51118399474481,90.56513495410621
-32.03628407281637,94.29292477211928,0.008299451712843513,-32.00235983479459,94.28032868933748
-33.48167519068561,91.68805665393297,0.015906441352756984,-33.44081606084895,91.62037969851607
-32.13679735036768,93.15525767527363,0.009398832203567645,-32.14887225158272,93.1309169378626
-34.38615482307085,92.6862473492987,0.009344835893696215,-34.40948592768778,92.66922247610947
-32.824497136845274,92.01271134637736,0.01331594911374478,-32.7506111447588,91.90960643096506
-33.229782693651956,94.6685312054444,0.005594494064228457,-33.17593196970281,94.7149943350997
-30.631370500819926,92.17372530481389,0.010153425917095123,-30.56015699974425,92.01019390896455
-32.51234452775669,91.09941707944688,0.016909599597983827,-32.44012309164125,90.94604619531022
-32.1535168865856,94.29289181447373,0.01200420705879309,-32.10413722880273,94.13718274526337
-34.50298789416897,94.84983693330791,0.01165170225899623,-34.46816992944817,94.88549436262058
-32.91952598622027,94.45441407515364,0.015301290497943204,-32.86434348741802,94.34725932509444
-32.33250582508238,94.09496364174397,0.007315092205275639,-32.33776918202568,94.055464515846
-33.76958213206539,94.16377727281223,0.012333748768177758,-33.741686323752496,94.18269091948066
-30.892417526537926,91.62004646524863,0.011068564731111771,-30.86282803616928,91.47697302216388
-34.319777896202645,93.14258813142135,0.01573555858606917,-34.27864733188466,93.09034978151688
-31.40268169708178,90.83055379211554,0.010937074427823362,-31.34464324306759,90.65915134190239
-32.87062269606906,92.96387231539939,0.008580791378137118,-32.86999582636517,92.94468075979424
-34.73039507465897,92.55350720275827,0.009823095952230038,-34.665009830022036,92.62981701563717
-33.5780288589815,92.39902612077347,0.010552392828238387,-33.49885977513547,92.33287402022543
-30.437487878133226,92.22459443798533,0.011205929977202565,-30.40475828847412,92.08406348647044
-32.931944028489326,91.18524381410185,0.014263716185172474,-32.93657572114365,91.0794885315257
-33.725330896315505,91.14354735844627,0.012982598492233221,-33.6907878289386,91.16777190874646
-34.23953404473062,93.76668838774927,0.012466103475535792,-34.18670480070786,93.70512094083838
-31.242612196687453,94.14851900973032,0.011722600082005033,-31.156517369892278,94.03146037162493
-30.53186545078383,91.73514591089426,0.02,-30.425698833077202,91.50478166006224
-34.6383606879094,93.7922664798077,0.00551750886023128,-34.62878837254937,93.93106577365451
-30.17216584498999,93.85389627640397,0.01265024054277663,-30.164207503118732,93.6738716912341
-31.072681804295065,93.0549145658092,0.01420961273511153,-30.991958415463053,92.91750607464093
-30.462659033881458,94.57783798128308,0.015858150770063657,-30.332285761232775,94.4255470470788
-30.10879045811802,93.47111664717278,0.008764793847519815,-30.08843469583466,93.42579177754135
-30.22896224376512,94.12496955853834,0.0064810247384722,-30.20559015169895,94.04500531819149
-33.296092644409704,93.124352298413,0.011713139623988829,-33.292080480091116,93.11008698254916
-33.75601980458551,93.53444123999955,0.015001931575355076,-33.701924678391656,93.47209256463378
-34.06267828264385,92.05095429832755,0.009893216078051726,-34.056442223857175,91.955131423862
-30.523538389422406,94.73463486771051,0.014715190565100733,-30.431590774420446,94.60514362934038
-30.590657494532277,94.4892999186357,0.009133709060522736,-30.526161673659445,94.43026162115936
-34.48212342268889,93.35345326911846,0.015325724400940469,-34.515143750738815,93.3682519310617
-32.578662946571015,90.1262950674717,0.007035831647912747,-32.506562318442356,90.03860757986514
-34.1383836510304,91.72552099430517,0.010502673253578494,-34.11864303313064,91.76393255115582
-30.74439938584804,92.92045122560499,0.009135469404796388,-30.726525689965978,92.8252622233044
-33.1677617090432,93.52593224615043,0.016533905117743816,-33.01022384676108,93.44389653206547
-34.995203015917355,92.33791844345437,0.01315894130746828,-34.92023214051071,92.23754991976942
-34.37660521570377,93.52886663725788,0.009002132540208147,-34.33946487343976,93.57653858502836
-34.32073415249371,94.76057095873044,0.013395116720824343,-34.22796611563234,94.76357362098535
-31.038847774919258,92.15905713341937,0.01660535528147614,-30.984683786433145,92.00026057464844
-30.307924060634974,94.43211846437232,0.005485785665818932,-30.367882475005942,94.35696585144795
-33.90153267976498,94.96616520804058,0.009046726501238514,-33.816856492009066,94.92754667932918
-32.516580756117065,91.923427005086,0.013433966297698077,-32.489074163641554,91.91752429912599
-34.2422562989689,90.00854046484686,0.006216523691256945,-34.19974499800706,90.00173489191125
-31.501714486889608,93.1704349901161,0.014537170481907401,-31.47605561277339,93.00661366738804
-33.57752734550146,90.61229487994234,0.010944866905113829,-33.54685237274675,90.6032484335629
-32.04656480796744,91.76427257063854,0.010969994061806283,-32.0021107609086,91.63221791091087
-31.363470834831983,92.9262232083193,0.010871059371910985,-31.371226470861558,92.86905681153247
-34.923142078635145,92.44247685244409,0.015741950406031248,-34.879063672338496,92.42965208042385
-34.332166215432295,91.27901048212095,0.010222244981720181,-34.28924001672891,91.35495951163881
-33.81277568473348,93.91555258128085,0.011904693646700168,-33.70907307483416,93.89156662035268
-34.36928965222192,92.1819445304327,0.009684788895850106,-34.3989935233777,92.18864793028906
-34.47361391524612,90.06883158214598,0.009741533344435213,-34.42928054385363,90.06616928261876
-31.194807970112546,90.98845043162827,0.011197311046583381,-31.209532953676035,90.78596282802796
-33.633607017869075,92.48773833230949,0.012122902359933177,-33.55996598789444,92.39557398085694
-32.54107018737854,91.45899790828746,0.01884256493014558,-32.52358842510491,91.36685796895813
-34.23366807918157,93.44481022182478,0.013028822613392745,-34.21288768933013,93.34490302133513
-32.278603736882964,91.64102050453319,0.011612001967457937,-32.27039365622322,91.59729805005432
-34.94853637820743,92.39363023882919,0.0074236049841788845,-34.92204560384798,92.3992558472411
-34.65619795497874,90.87085216362793,0.009868838336099396,-34.642440111774874,90.87134609385085
-31.66118331127069,91.32647838360512,0.016507930894299347,-31.709273478246875,91.23810340063649
-30.32277282278934,94.85240154531132,0.013161834745037812,-30.14926424843064,94.75488313006899
-31.965935079870057,90.12645690696247,0.005878019973431452,-31.930719701685863,90.15262560487096
-34.223591978335016,91.85316656465743,0.016860982760635974,-34.24815611721037,91.88097075020727
-32.41684388078428,92.65958214506098,0.01383459184294653,-32.411906624507246,92.49733347041726
-30.409200045917242,92.09825698097292,0.01270329870361674,-30.297663505421216,91.8806145668531
-32.79356716082839,93.47840514044555,0.009937706690804777,-32.732158379433486,93.40992213659112
-30.477448414684286,92.85007657487732,0.014038915865705947,-30.40226593098343,92.56074806049632
-30.322208108630313,91.11454043558349,0.013274082934186849,-30.303668120971295,90.97298373838355
-34.242144990583114,93.73264653496894,0.008126606553909196,-34.23409752769791,93.86484873565223
-31.26906616329901,94.78354854613013,0.014102311755230301,-31.198473454073408,94.61418468434081
-31.77636923419201,92.92582779268281,0.0060498701034414635,-31.78680941935466,92.87612992273176
-32.45097388711689,91.54202471996696,0.013344276698139923,-32.477680776895276,91.44772838732719
-31.906288364312772,91.16073991887959,0.007582217746417661,-31.859049772006127,91.0580480681891
-34.77374716769713,93.1309100127102,0.012413771863665941,-34.63214436018197,93.13949330257336
-30.600321815994754,94.27898428653728,0.014845270651052926,-30.462744171690943,94.08854106165633
-31.13208285439583,94.0911934458791,0.009998933413129664,-31.05770075518132,93.88909474726609
-32.57213378544419,90.98085637884994,0.012122152151788211,-32.46096527524472,90.92101287127088
-34.10277226590003,92.14218552071333,0.006290346339266748,-34.10939342475717,92.09055517756838
-32.10830875305671,92.09620119084735,0.005382205513683671,-32.12606227250871,92.13429626926246
-34.70722863884449,91.04046320353216,0.014024718701308822,-34.6703279782965,90.97357776918487
-32.52776508402915,91.8769603057148,0.009279243965384851,-32.48387617259791,91.79309008577955
-30.217210841942887,91.67750800316756,0.00923771014918985,-30.168298106917785,91.50169248817386
-31.767288345465147,90.15677191144769,0.012175200776779041,-31.80258366504267,90.00994558813251
-32.21369655909444,92.40930022056558,0.009225555621806067,-32.188689167377994,92.36473202331393
-33.15715177878746,93.05317541473634,0.012012898953743436,-33.05808333787879,93.01080100318045
-34.53882458526273,92.3917714410334,0.016159524548265768,-34.399230226605326,92.30426213371841
-31.886004113548296,94.02579048047612,0.005757473653013299,-31.79401192041468,94.016486715931
-31.64152423334358,94.24333950669396,0.01314623004049454,-31.554467094750414,94.20943012853945
-30.179454539730386,91.76972562994351,0.007719046882807497,-30.15621286453837,91.64702539529353
-30.331015856881557,90.84411853718207,0.01252010328759014,-30.196799122837493,90.62690879701141
-30.409915616432006,94.40941146806932,0.018026698903816342,-30.269693886419716,94.25680467637028
-33.822508876387104,94.82555942001223,0.006974995121789395,-33.78588971988427,94.87584814070347
-31.656063847550648,94.56948110783355,0.014009029144667295,-31.545426477402177,94.37454570359375
-30.421000172330327,90.78043822243517,0.017116511775992656,-30.382074490765458,90.59323173078967
-30.556180406018626,94.39185980104028,0.01129708072955294,-30.49710320274747,94.24469619312248
-32.009082318079244,90.65275376144854,0.009433462941774412,-31.95283333410751,90.5012486580158
-34.25336457258239,94.90694406644421,0.01307545364524414,-34.17729010151749,94.9471939468551
-30.440377991221556,94.21159031400332,0.013316280047991763,-30.437292160704324,94.07554426945617
-34.88120434007783,91.81644545655004,0.011162651110257368,-34.95624231985005,91.85265283326007
-33.35420359569214,91.11330118072289,0.007242624826987687,-33.411342414073744,91.07572418512267
-32.162504300792946,93.37093518072648,0.011458838141040168,-32.11797438483692,93.36862985035165
-30.555142072236762,93.80515311506105,0.00609343670047264,-30.553776204218355,93.77759502522754
-31.30885309515758,94.40094368027594,0.01022537030349382,-31.206218681108076,94.26832781033295
-31.282321999090932,91.04083379456357,0.008410083409907631,-31.191657921105087,90.89868968745631
-34.29570603359297,93.68352771919923,0.013834478136720313,-34.23222133047471,93.58999698669636
-31.268105126043984,94.07467519868828,0.009055179367866291,-31.222045404108062,93.92136435772666
-34.24036643598305,92.7118858958157,0.015550600807640107,-34.14751211220756,92.73725963021089
-34.40734768612781,92.51579368615856,0.01064273434066649,-34.26779793559187,92.48751058489472
-34.90988018492381,94.14644049267059,0.011948899607536126,-34.84354263052804,94.1103053563859
-30.74180055935786,92.62704415517763,0.011299802883951767,-30.68976537404671,92.48582911312087
-30.23470394554735,93.8960364904331,0.013064782317568819,-30.17038562468592,93.71011972782162
-32.124528153991065,90.6824889797344,0.009334846931093531,-32.13659901661901,90.64112762521202
-31.408527698636846,92.41176877260897,0.013584339660045706,-31.34880974038943,92.26868136970346
-34.58363238666296,93.55620495172953,0.011859771595371597,-34.48151510989277,93.48528986958402
-33.01787134888246,92.66434605386763,0.01592405700935496,-32.957699185282216,92.57479266369015
-32.173061878287704,94.10509370685996,0.006178934978935509,-32.08447722200938,94.11465586619113
-31.482576751303174,90.79421072164234,0.013127350305677393,-31.39827316510023,90.70370708373369
-33.46635855117324,94.374454612378,0.01623227717323543,-33.35240550594483,94.2255423952743
-31.472875526179592,94.4719208917182,0.010634370389008531,-31.323188880245254,94.36478288697106
-31.967507105892558,94.19779565427461,0.011452509813616098,-31.929767927220237,94.19465153779497
-30.652792212571395,92.09751070910887,0.012883312808388968,-30.64908792057115,91.83595504793661
-32.853516758584654,91.48506643383993,0.011964253478736496,-32.859961327065584,91.46057079389263
-34.070035676561005,94.0830497929515,0.013815788340908651,-33.968899242426126,94.06165901584637
-32.28500648167938,92.29902600528865,0.008247332701911643,-32.206728689736856,92.23284888904894
-34.07967453249285,90.13436031044984,0.013258990519076357,-34.03282676305067,90.13934335557462
-34.77212263720973,93.03954871052264,0.015685982014847704,-34.67041416231083,93.06403183076112
-32.996912499163834,94.5907840579555,0.009970266960034918,-32.907103605843204,94.54351694867961
-34.03538963762669,92.83400886416098,0.011060173180989211,-33.92598780929622,92.89040566604962
-34.58563441306443,90.60856193785644,0.009910921872340495,-34.54564771637311,90.56737595760288
-34.338713746302275,91.02709203246724,0.010297303124606175,-34.30491887904378,90.91721601113063
-34.770977742775365,91.58291161870112,0.010846557932299288,-34.69868827415411,91.56081142600426
-30.91450316049383,93.01642606055644,0.010701067923468775,-30.861652981535812,92.95460455365188
-31.54529907850521,90.1939815511105,0.011193447691071723,-31.597138996346466,90.11602636906788
-30.29467765242044,93.904612518659,0.008258826265859592,-30.27021698834173,93.77280758272087
-30.30827248751002,93.7931557648265,0.016030385758325258,-30.276622319583335,93.55548203811904
-31.300140677728887,91.6297045655625,0.014642730809755141,-31.26656081601175,91.3863295444232
-32.494360610978845,91.70774578695254,0.01594868624695396,-32.465617528100225,91.54943287372197
-33.63594201292287,94.59356466439115,0.011734709571421656,-33.54116642719233,94.52289535131638
-30.926058979039855,91.6145818642398,0.011216086468191114,-30.882788313785007,91.49716971281246
-30.3531439480317,92.90116141279299,0.007267819463820488,-30.31363237376131,92.82555304771493
-31.209754787492383,93.34782410244638,0.010686919824015083,-31.116598723422523,93.20933184232192
-33.569365613060846,90.4203301379012,0.007218343340455892,-33.52818831045159,90.37302564309681
-31.21253175195681,93.50398739129736,0.016239796833823553,-31.056555498856046,93.38404373784138
-30.199469928165975,91.98697061233108,0.01094613813810888,-30.143764935923137,91.84002472637793
-30.042949252302357,93.71823774661664,0.010780136277521958,-29.97381570912958,93.58465626247828
-33.931951807924264,91.51334247304318,0.011732488971240365,-33.82099638728651,91.53670293707876
-30.788412630348603,90.18998431909655,0.009770202929920015,-30.714177495553372,90.10589370641077
-34.78741251364022,94.21561899020844,0.013101553560617828,-34.69372122093624,94.185316290533
-31.927331440896204,90.08856126524054,0.011816248633216148,-31.968555618425825,89.96072147131372
-34.80820698894934,91.97296711538775,0.01138418942390947,-34.766229736799495,91.95666896480836
-30.099742345920323,93.33269640440523,0.012774243770305562,-29.904871585870495,93.12484208041016
-34.87335601228681,91.50590533778386,0.013832721529644312,-34.81820534668431,91.56494125964372
-31.38243101518407,92.85488416729744,0.009614577702719259,-31.329306053017017,92.74435456808067
-34.154504853575624,93.52675955273172,0.0059187759976005614,-34.13588945512136,93.58907556399662
-30.721178356086742,93.08526471433466,0.01303080099594444,-30.619379985413083,92.93281519967974
-30.214107128259712,93.69138150080924,0.018353307091667614,-30.216345406033223,93.36221527980025
-34.06293801549731,94.33815328071573,0.010726910940929918,-33.9556304014496,94.271427516186
-30.8948680469148,90.56709513444085,0.016669550963926544,-30.87552985004894,90.27139093932655
-31.263552067049382,91.53270414704731,0.011271381812651115,-31.201484237861028,91.46385170405914
-34.105505792347536,91.1875661310483,0.009061646721191531,-34.0728671981379,91.21795884583953
-34.21502559261049,90.7485106265225,0.013986215891423213,-34.2009979269989,90.69614744180755
-30.985584514351395,90.09241368230447,0.012295891872363846,-30.913340613056267,89.90470945331764
-33.4939745381564,90.36738165427472,0.013225017979667873,-33.50888017238396,90.34755566004401
-33.01768357153683,92.53314592977323,0.016425405304525378,-33.01738958038231,92.425136949179
-32.95125877537546,93.64623753445306,0.012302628818950249,-32.91038875087245,93.58315161058373
-32.69169578954524,94.59964298536661,0.01488323126398949,-32.6568467927846,94.50438581962241
-30.038722210798596,90.32451196108464,0.011782506718294086,-30.01367060667505,90.1980581567396
-33.1404957722741,91.95614569039482,0.015327203211815932,-33.09682402792291,91.78173079663337
-33.62435575630212,93.17654079324403,0.012413927177180598,-33.61490107353367,93.16816988369716
-33.944216384312405,94.03680679858368,0.015944325894699955,-33.95130534658212,94.04034286633652
-33.551622087638236,90.14685149468242,0.009214671412120217,-33.5357476748911,90.04061455770696
-32.444100407000064,90.09388345065014,0.012244207352222385,-32.4109903630807,90.09531147352446
-30.084740059019307,92.60966688207239,0.012959811014596484,-30.0041974181471,92.3959381638616
-30.526942928403614,93.09752061096968,0.008357905686856884,-30.54691321138634,93.02741004503521
-32.73081549324373,94.9628226910074,0.009328442009008824,-32.69328039006822,95.00539819360007
-32.809788595571995,90.09802109061405,0.013408658103929265,-32.76206782331895,90.02406731477686
-32.5869632198944,91.32535356249615,0.012877327993461016,-32.69616893959663,91.23393077417136
-30.12814355495393,91.2294207389901,0.011002596400737636,-30.105847000916764,91.06903060509893
-30.551169985884414,94.68334951777857,0.015402526316330609,-30.460291446910823,94.51392736581965
-32.87239925461881,93.09543712347624,0.010311914018202226,-32.82054077672818,93.09648565811901
-31.6493247726184,93.49573859613022,0.01412876090896813,-31.628119033673748,93.324491158962
-33.603032553434375,94.35033493421588,0.009683502848324185,-33.52990309266707,94.27533747228595
-32.207798895199986,92.48277332176495,0.00669438272238549,-32.14846815845622,92.39636189466756
-33.44221347203892,91.08601587829386,0.01171806645176221,-33.342996019269606,91.02987227124505
-31.041828229480227,92.22813764395542,0.013975240111670745,-30.966069846030848,91.94527675070411
-34.78165105428279,90.13218979781936,0.013634120293440707,-34.7685991984336,90.07646847947261
-31.313757123101315,93.39632071231982,0.012422836440404678,-31.190517741099015,93.2764664838466
-30.511408532984127,91.9649112038034,0.011497613496260713,-30.447078383378294,91.84366524676037
-30.78227150755475,92.16826937292342,0.014020402181329408,-30.756268949001893,91.89600140906953
-32.97596649641976,90.7973388519877,0.013247325864473882,-32.970626787818304,90.71635767126507
-34.406554525055526,93.48224309932505,0.010351966854607483,-34.40391963266592,93.49209459399066
-33.57201942487174,90.56409840503464,0.012522622097711454,-33.56349410264033,90.47545982856941
-34.1449466346186,92.53165440614333,0.011430105651001218,-34.11789439698838,92.48587562947436
-33.66614041550494,91.26489091652812,0.01500875513169006,-33.708583274476624,91.17827749069033
-32.583191396307235,90.71568427366695,0.010043886099785458,-32.548765913107076,90.60023123416889
-30.409507241625253,94.38101159211534,0.013836726961066638,-30.30342016422687,94.26037014309098
-33.12151318559198,92.00370009295541,0.011360075617484616,-33.12042134956459,91.9742289787066
-30.49814974165463,90.5234280965724,0.012399463756579293,-30.428443628953445,90.33583646664928
-31.87104091070044,92.15628664243665,0.016214629017319186,-31.846923660514232,92.04505874078596
-32.336973572727004,94.62233828544372,0.0104589551950987,-32.34323655951308,94.54193784571878
-33.68996977372787,93.80282232716883,0.013926310618274346,-33.70131877434198,93.76046027224365
-32.954757759219675,94.03340224504899,0.009958233713242944,-32.925812350293896,93.99594957935193
-34.272514969889315,93.00301254073275,0.012575703791900894,-34.28109406056975,93.00859648805893
-33.80788822516293,90.78672900483762,0.007146738510506748,-33.82297213229601,90.8345779685462
-32.26109646470328,91.78089455971008,0.010608719684637693,-32.13756786312849,91.60014820639039
-32.44912122585659,94.18688154254333,0.011886266450779233,-32.37349407984059,94.15242211400185
-30.397709291717888,94.21210577872965,0.006090110316077252,-30.34315152547099,94.084785325486
-32.69034563903514,90.55932669920536,0.007883435277086074,-32.68448837336106,90.5396064832023
-34.28280194580318,92.501817265492,0.017638115919036853,-34.279242147743275,92.36447781745255
-32.80430482479517,91.7747443943203,0.011237584971430906,-32.74912403292358,91.56757920781523
-31.7603706952507,94.70489204283894,0.012349099254093101,-31.700497632103783,94.6096979766461
-33.125328058564975,91.34288543532405,0.011961284096023232,-33.102465441882515,91.24245574599394
-32.65863531248203,93.28489683923578,0.016017573375412892,-32.60019836774576,93.23754992543769
-30.156949278220477,94.69947505334902,0.011665953636282936,-30.02818029410974,94.59801692834213
-30.104938298395208,90.69462371176778,0.01677453202295692,-30.003067816563078,90.5037862969038
-34.08024716418685,92.79584723421782,0.005,-34.0307436641437,92.74549233266227
-34.98708329689006,93.91910078864677,0.006912668829418358,-34.96567300354982,93.90090115501978
-32.925308364923495,90.18563420160658,0.013998708291628722,-32.923340477706425,90.09237955477326
-30.637706570535798,92.51114146120165,0.010953810706190583,-30.545109940137657,92.29669077841406
-34.93788077639195,91.51070233129423,0.009352186573630418,-34.91522597583083,91.5286689725245
-30.032947463783906,90.68853461346998,0.011340942567841931,-30.023325191100803,90.51671310053565
-32.432240629560326,94.25255734609742,0.010222338113788355,-32.39157186277501,94.20085269494005
-33.292187524953704,94.76827685108162,0.01064040814018051,-33.18702376861896,94.76305133670047
-32.02773349508748,92.38353291103682,0.01389659889767618,-32.00302916333937,92.30473749366597
-32.116024995287916,90.44519314302966,0.010158336730299899,-32.0970053733895,90.40202533774357
-30.49513488662407,94.49271752633955,0.01048862151028496,-30.428357880522427,94.40234475136468
-31.916778656479895,90.94133555449109,0.016121908014331554,-31.92332302994496,90.72007179916108
-34.144204350376036,92.46617120333147,0.008725315757513534,-34.07699210784342,92.51971980062194
-30.678398627047923,90.3071654147095,0.006769650299439154,-30.616180304663356,90.22127038283548
-31.743332844335814,90.21685965699729,0.012919796601155772,-31.760300263498234,90.1291517038452
-33.41962122187774,94.36514696500852,0.01085709376341474,-33.43173605489024,94.29976685502864
-30.392571977589043,91.72847647559504,0.017355541009343046,-30.22112317730254,91.58381344426449
-32.098604032210595,93.43539032193748,0.013660668387761591,-32.00517906196678,93.37182488719408
-34.762605230096874,93.1015499268195,0.008903087596658204,-34.73916136434184,93.14546764363037
-33.14000736261027,90.7557491957043,0.011648620344656717,-33.05746649561913,90.60778657348193
-34.8316999747949,90.47660924520538,0.013319192542033665,-34.77207152632545,90.57489658401428
-30.096577190349066,94.95115400251478,0.010207011071500748,-30.02020199802242,94.79199975001643
-31.69342017557912,92.96112813814787,0.012870429016439151,-31.635929433322723,92.91121879832413
-33.12124823255241,93.42770513240184,0.010528540730662292,-33.14760803226151,93.47689753347329
-31.10629904550035,92.49275465624582,0.0059037209914582335,-31.042026493647747,92.39313984313435
-30.93551969526198,90.6866534569543,0.013815186673855423,-30.875906643760423,90.52228320119673
-33.186520104901845,94.46891989843377,0.014130516854070133,-33.07893877325512,94.38059893440463
-32.25602798303299,90.20378954237295,0.00846305555760904,-32.25375454919657,90.18134361879186
-30.367422505041944,90.48138262240107,0.014058372303381505,-30.30319334875247,90.25898793431276
-34.53522789816906,94.72813002126838,0.01164368922269877,-34.47243708748504,94.66366277309324
-31.0781987082256,94.97626408422308,0.008761212854794882,-31.061231818622154,94.87378821186233
-31.46553933118007,94.19852751110187,0.01238129243791518,-31.410746724491045,94.1289533605815
-31.077612332065286,92.62504545744575,0.010602081225073586,-31.070872800634575,92.50432868131364
-33.16441281900799,92.60477120296366,0.01219710469426605,-33.168655237546744,92.64246562000604
-33.61689912979479,93.33131109909918,0.010150926385414552,-33.60653559471332,93.27215856747624
-33.28747915003596,91.56589123832681,0.014780228760148364,-33.26128269814773,91.41569785363423
-32.72405397489137,92.13061226973919,0.016565760465255257,-32.6609853839977,91.98133134351488
-30.23794049746088,92.76870620112564,0.018076540614334016,-30.140143208426412,92.53260045340988
-30.622958997137875,94.13216503704172,0.01152551642505886,-30.50649475522395,93.99764148409666
-34.04636224167451,93.70875524843575,0.010598089945411962,-33.962869498634845,93.65368772289048
-31.456915055651226,94.04384745196283,0.00889205674303931,-31.370264442057586,93.89988424157357
-32.84832160433751,91.59384645917748,0.015853954569894756,-32.79113270691479,91.50342531231509
-30.026968818419018,90.33237460414453,0.012434703601600755,-30.018469931455755,90.17579464046493
-31.735297197911766,90.2802751828256,0.010226869424754096,-31.695895479635677,90.20591831158055
-34.36358138425288,92.51546569587742,0.010862232075187961,-34.337251292229624,92.45596629157554
-34.084712881883576,92.50067321236895,0.011159258649600231,-34.02440015055858,92.54218723114171
-32.12768070556856,94.62184100846363,0.013091891698672323,-32.02001630485888,94.52837602809262
-33.01994430277838,91.7131420080496,0.008975053372543982,-32.97464626868589,91.59718965766481
-31.069681858579113,92.97496318066452,0.006958628499444516,-31.049914981275542,92.83240587796324
-33.96717959261148,93.71572014700618,0.012706920021899142,-33.85215991870812,93.71665253862088
-34.98281999087758,94.4311490128728,0.013746096022472598,-34.960070094428424,94.45443509371981
-33.500992156187515,92.1592427869628,0.012101161658582198,-33.46573074800265,92.10831070792027
-32.97655438164444,94.79186793027056,0.014498216993372937,-32.90248683696554,94.65635257199908
-32.52848283525146,93.70323994040567,0.008845078077529257,-32.500215315507646,93.63135701056152
-30.746307280098815,92.20344688183641,0.0100619296623811,-30.72783485198614,92.19808754010452
-34.582328773692836,94.49079377313969,0.013882526389649565,-34.5670988515061,94.43728433909162
-32.59750619375328,91.27162770096969,0.01278260626360711,-32.55972172628346,91.21466470786793
-31.15085315004257,92.79269138627562,0.0170185467555382,-31.19122289842066,92.64316759963846
-30.30817707052007,92.41345501751672,0.008177378182645773,-30.28853595746868,92.3491859715661
-31.175115954600237,93.8024112763852,0.014748320202272422,-31.086430016313574,93.58208260234987
-34.41350033521691,93.70025971183094,0.011391297179136613,-34.40434865682423,93.79996463696963
-30.51138360106946,93.79835708823222,0.006072698317686549,-30.465797201160402,93.77504151452368
-31.62153014015038,91.76467144513374,0.011744088682102199,-31.618215210769335,91.55784396242437
-32.280354735043694,93.32157863323405,0.011429589784313219,-32.207346802792934,93.19633469318288
-32.592103240143025,92.58014264989949,0.01236228727205393,-32.60585933760754,92.43876288383142
-33.55089889437557,92.29303401607477,0.01075324591371589,-33.49652521115707,92.26846567357396
-30.430101203449496,94.35679251678174,0.01143938525500076,-30.306701686651966,94.22433772176574
-33.99095056665745,93.53967498707568,0.015577926140015847,-33.938356759532866,93.5091405686425
-30.165111247551152,94.85394266787188,0.012434360982297889,-30.076630758324338,94.75458583311755
-31.287234455110337,91.43038055411385,0.011079545727286852,-31.24202835926576,91.34302869446108
-30.29923373649092,91.04520494238568,0.014202482891736111,-30.268585282328274,90.79367343998028
-31.05134512326054,93.01675890035061,0.013497971631530947,-30.959201062772102,92.88175138254998
-31.57175058209569,91.06744018401452,0.0121281283678971,-31.52962370285138,90.96029668667938
-31.1421129102622,90.59375241129351,0.01819723795670024,-31.034813200218576,90.36001884908879
-32.60615585216309,90.11975884226683,0.013138320072405786,-32.53057342017357,90.07367572813001
-33.68978604001161,94.99634959769745,0.010675082851825293,-33.60515813430772,94.97437911137767
-33.419701251750205,93.51922856403733,0.01033820120999351,-33.35780722626243,93.58763842111526
-34.61197796486801,94.13445611573086,0.013443128549843628,-34.50490614507752,94.09640915744204
-31.876828145722982,92.18580017350003,0.011927135864522,-31.859070136708368,92.07084945195221
-31.549715396106507,90.87331670374034,0.006171986273788896,-31.583905668131326,90.87711341418077
-31.98772190811056,90.71251517282465,0.011913621195223318,-31.971522378321563,90.65128035258029
-30.423755564173945,93.71213433828181,0.011942010657766695,-30.398252572878643,93.59030389378322
-33.12589324850384,94.29880245470797,0.014042140630592226,-33.01026949828637,94.21227125263442
-32.86223684113695,94.64656827811389,0.011519161864699113,-32.824367273538286,94.5393807293387
-32.97147895218904,92.01893665609835,0.008853342211513725,-32.969396612000224,91.94699565514415
-32.789201675653885,90.12252465643508,0.011755781588204697,-32.736025716505026,90.10163558936767
-30.203223936299374,94.67400740304895,0.008504113952205553,-30.10077341517636,94.52934297921654
-30.922732060097353,92.37883911640786,0.009957735344565961,-30.92664429035084,92.28548663774087
-34.334593606014764,91.61638324139852,0.010703055110930578,-34.285482242785676,91.50911711568573
-32.431902588890445,91.34182223346103,0.014969956017623886,-32.44140789275548,91.26878724642394
-34.65953169031017,92.53006162104697,0.007848574063381665,-34.578667218792646,92.46878076452884
-33.5194498674389,92.72673248271664,0.011745404019919404,-33.468129051654245,92.61173966166362
-31.982064557222248,94.6119877589754,0.012488626875286407,-31.959568355325292,94.49816710748583
-33.16496569510204,91.21763063989164,0.013003920651875207,-33.202502588254404,91.01450694445772
-34.52135225328373,94.59671384586623,0.011755102335129879,-34.46435533168493,94.69691157944276
-33.26362566373988,93.02083200352808,0.0103859728968741,-33.32318444556064,92.90562198559104
-31.347289550411077,93.62985138455298,0.014827069208450921,-31.235763133861155,93.4897446774729
-34.95522451554476,91.5522192416742,0.014453606907683119,-34.85820400483189,91.50376662923287
-34.218435654874646,90.33917105449443,0.011364622128034583,-34.21087706456343,90.35863719133867
-33.05546576637591,90.05186850904084,0.019121538665817717,-33.00226296144306,89.85242481384898
-33.33897263724348,92.83293057024274,0.017521164235909426,-33.1447661636228,92.73233349732531
-32.40241462133954,92.35264176591816,0.01402201741465954,-32.386120217836336,92.33255637067036
-33.40781561226708,94.18327571691779,0.016526253795733924,-33.333943900803376,94.13031638869124
-30.142361412018175,92.40471282343049,0.006042346704280004,-30.1056604848391,92.32748172045338
-30.448004938134446,94.57340977622033,0.014786211007492474,-30.34397390894753,94.33805016566157
-32.70120168701563,93.56215252777478,0.011020874308784524,-32.680025973727965,93.43192399057358
-30.537505276142337,90.06824027012493,0.015421178903193422,-30.5164976106592,89.82827458092396
-34.98209581165888,91.86010170160351,0.0144308260396169,-34.9073732083331,91.8815055552373
-32.206123360486345,90.89241235635943,0.0068814455014820875,-32.16649862807285,90.83180882070786
-32.11668519476153,94.53878821226203,0.014193812435436354,-32.00431310429166,94.4240102756153
-33.859895121737715,90.6145760721029,0.015087697738547668,-33.7835747701258,90.5624100068973
-34.25032143001142,90.92285757175792,0.013091009068316815,-34.202778421566585,90.83237525160817
-31.255710422218996,91.33428837958263,0.009051372859428322,-31.202980320005583,91.20310004654458
-33.202506766464396,92.07744510741696,0.0091872584461045,-33.12750189508372,92.04192273425052
-33.8213332635736,94.9859692192759,0.01382220960707264,-33.686912891232915,94.98291145361736
-31.758893605499132,90.34323535105625,0.014528619519181529,-31.68897458045757,90.26197964939846
-32.4234343097583,91.28057633599927,0.0145652285223861,-32.38077128506568,91.19336403983336
-32.01552014966939,90.95394566308524,0.013283107183070889,-32.00810136120337,90.82793762591739
-33.0242684581517,93.0259888892391,0.015683577575810712,-32.99527047975604,92.89289685878802
-33.022154897321016,91.92266748729618,0.010242321759352854,-32.94359863716302,91.91972125710708
-31.464763434465613,93.19878900462933,0.015368871336089735,-31.446673321909167,93.06847538700964
-30.805992312738283,93.16875044304184,0.014579755623986354,-30.73589534221403,92.87733076165111
-31.225427683678046,94.68049143804636,0.015220082623504596,-31.10745906675665,94.4767478922651
-32.13733637019358,94.57483714885142,0.017219721517545902,-31.995211365653528,94.51377571301573
-30.58645204552767,92.042430884948,0.008718423772617088,-30.58382832266322,91.85380351024318
-34.249014324854045,92.02162227939199,0.01393489377740781,-34.28802754906366,91.97858866997349
-30.78152703327775,94.58613621321008,0.014961194110114564,-30.642928948511145,94.45700398951168
-31.947004751131985,92.11684784036606,0.009861411391098085,-31.920459719012037,92.09924449439885
-30.479681578324467,94.30336556875673,0.008237915966991236,-30.435453750533835,94.22099920982312
-33.25136324739333,91.14924133170156,0.01592202331595982,-33.16489217853512,91.01606372546269
-33.63844035353628,92.5338902867832,0.015371022205070087,-33.534708939170905,92.45689598839265
-31.896200168006345,91.51527906068515,0.01695698133611874,-31.771027062167235,91.45734551225907
-32.71294078212299,94.59786046790163,0.013366085461119538,-32.6762939863552,94.56461437789218
-32.37593520630512,92.67446788747763,0.02,-32.28028752362702,92.53377580086463
-33.412738694476275,90.6218658288973,0.010380724251161856,-33.38455549826925,90.4993291308826
-32.70133706556589,93.33540532317201,0.008795714191044475,-32.68349942489965,93.30677870571792
-34.48086360456606,90.69815730070327,0.01597095744195856,-34.444651843825284,90.64185893798434
-33.83894705406054,91.59901863877778,0.012996263324758107,-33.77090553451769,91.5719521799163
-30.95907044680076,91.56501284054438,0.011754260881093439,-30.952336988932416,91.41771398179687
-30.949337299450576,90.77192537196301,0.0123199543397477,-30.907037814951458,90.5851305765468
-34.045786828116135,92.62132152439918,0.00820967311065432,-34.011675286459436,92.57768750042231
-30.592951140846044,90.28735120559125,0.010907785127858229,-30.571486078507643,90.163985246393
-30.201802671904723,91.83819540058448,0.015200902020385643,-30.165773754901643,91.59384620042131
-31.95212720251982,93.04825418046924,0.014645014660046916,-31.784889865836156,92.91240465564125
-33.34869862987133,93.43578947784614,0.011149701256108254,-33.329434338998496,93.4649844975092
-33.76837501647916,90.06710549215016,0.014110268471271226,-33.857109224209076,90.03039821357576
-33.424119805082434,91.44208417750879,0.005,-33.37134000746802,91.42693344115676
-30.85757818958362,94.30624517749598,0.008841290954172989,-30.801140325900874,94.21200533789411
-32.02426804526834,92.10111387512826,0.011206770470778414,-32.052411501562645,91.97873098132003
-31.96282673000898,91.58973166664086,0.014659500920055513,-31.91636917674614,91.60054166468271
-32.54888035992523,90.74083110470765,0.011018161899990941,-32.52243196544775,90.6118094845561
-33.99982490457874,92.91591503184883,0.01128438433121296,-33.877895451230465,92.89031386124914
-34.56782992862676,93.47885758197438,0.012041750348991782,-34.56006747635391,93.4493732059167
-31.553301176076058,90.80161944953505,0.010997730092241732,-31.495199660177104,90.57969238005535
-31.083459788106484,94.72492555620335,0.010306458750125827,-31.005940716904373,94.67722612980437
-34.13506050018364,92.39413102185456,0.011566486205271913,-34.15338030882077,92.28914074684172
-34.94418437138102,90.97726709356171,0.011400662416529024,-34.91766841211927,90.9620080368795
-32.56610697157628,92.96060139722991,0.01305194666799736,-32.448979659971165,92.92885990652864
-31.94048045975746,90.54152964563178,0.014424637647457952,-31.827461933177204,90.40070486875042
-34.18468558262579,94.14908620327226,0.00709314414402985,-34.211395364131434,94.16002276215156
-32.81929340338793,94.23759911106994,0.013628636513524318,-32.79833261360753,94.18440216443568
-31.270507627545697,91.8357474376259,0.013001191443431516,-31.19729342627675,91.73611594146061
-32.68509008163679,91.37733033504944,0.01216749640118972,-32.61595108315974,91.25238346894152
-32.325458879311626,92.93581940574424,0.012623505098889425,-32.2988553909202,92.93594587761815
-30.001106503624786,92.80377416595616,0.013506393744933193,-29.93103996517502,92.59619767138835
-34.450521790117214,90.40876029921563,0.008236029287798987,-34.44438579877601,90.30971321026117
-33.04019955557337,90.76992361897902,0.01460705986965629,-33.02636011981215,90.77606142547
-34.92740109357992,94.03237261681664,0.007477843602519986,-34.888897936392944,94.06170810768236
-34.844164946195306,93.83352724508752,0.01690152917384132,-34.72494784115629,93.83314637448255
-30.13413818327549,92.84662286729433,0.007604967329550903,-30.14742587290509,92.67327781155154
-31.66149568752635,92.37522411685546,0.010157382421318068,-31.568916611766227,92.3060032603698
-30.349095766365977,94.10784179780991,0.009151276417708428,-30.264618126915806,93.96495904880344
-31.37653190299601,92.60873433612824,0.010585025421537558,-31.359867188186158,92.43334360818203
-34.20128867712273,93.90795175473663,0.006316643673261212,-34.14210738123689,93.86507253068554
-33.633296418617554,91.7623158143257,0.011831260894164895,-33.621253697158004,91.6213436368272
-32.98127830383925,92.81359936667329,0.014718281774274873,-32.94363968927813,92.77608418225992
-30.709629505740267,94.74675924096063,0.014063006649672184,-30.686697960049475,94.58909210213814
-30.92983418023054,94.17846145786056,0.009264197379658334,-30.82506259300589,94.11522489232094
-32.54351713333576,93.95036192568942,0.01370229110959719,-32.46443442772772,93.88571560537484
-30.770442103565372,94.07371503691088,0.008876487968811506,-30.72180437418723,93.87204028906318
-34.6599531418189,90.21535193217277,0.012926077063702506,-34.62788392856223,90.16501154643677
-33.1125123819035,92.5000731268405,0.007295435131789227,-33.10755136313047,92.45941831715513
-31.363532889273202,91.0231346199623,0.009996059296009281,-31.354669236351004,90.89397030134629
-34.48396499157859,93.8997413382614,0.009795687944620702,-34.444826487129475,93.86960122042926
-34.115929230644895,93.44058298759774,0.008179195660265044,-34.08105025412114,93.38813802664963
-31.71378264778847,91.29524081871212,0.01172984803555685,-31.698882429058585,91.09119212097286
-31.183488526446016,94.84665240386431,0.010157238030751851,-31.104271724278384,94.67213961261118
-31.490698280042604,93.69042526371807,0.01398354736388014,-31.35395555644704,93.5184912552019
-31.637996024004167,94.10872471183288,0.016708966570651396,-31.484242036930723,93.96652089349023
-31.47084784636439,91.74196436531133,0.01719489501710738,-31.456632071115973,91.56672155182157
-30.145786136018344,94.56702455498339,0.010033023975324663,-30.002383697517796,94.3669428328117
-33.29479986357544,93.30684811970329,0.013095957296527806,-33.252854116456184,93.30946564184283
-34.62214963879198,90.14858010906569,0.011080096327676321,-34.57992006340587,90.1613694689857
-34.96384463118618,90.33288780368612,0.014618795055954061,-34.95354326134102,90.33135193278781
-34.81030526131795,94.84720165052465,0.0091448544913182,-34.81394126753349,94.84400834178676
-31.0428467440722,93.92462601862552,0.011309686511761763,-31.033523080292362,93.84965016107552
-33.2717968326951,92.00801926122062,0.01194228469989178,-33.23489039762923,92.01849855230523
-34.846746232612894,93.04200107394614,0.01521719200647399,-34.84309494118033,93.01974741332506
-31.57605623537517,92.83775892819837,0.005,-31.53959226648261,92.80544618952902
-30.514368480060273,94.43123203746339,0.010295816735916717,-30.385786494039912,94.38214618284947
-30.84118773130529,94.1081445760073,0.016269421385908648,-30.775980892506556,93.87754487549584
-34.5979248391798,90.90117657894206,0.012555099893618464,-34.612388177251674,90.89682780678937
-30.214973079551555,91.7949456773501,0.012665388629467127,-30.08354114979001,91.69744358386727
-33.30393540258304,94.79587944145544,0.011536327433033006,-33.217932358491986,94.7993165987565
-34.35575678480389,92.87189128370008,0.01549071043286521,-34.337160556543516,92.92684134020051
-32.914638383971266,93.19772267009084,0.014621415577141288,-32.77946589501748,93.1942863757896
-30.835425251496595,90.42553350654231,0.009781100381277247,-30.829231783593688,90.253133129318
-31.08082176791401,93.42570065141125,0.008161504869269589,-31.05999547978881,93.26040588221619
-31.163394347540144,91.23818631510063,0.012065378717319787,-31.150495124582335,91.06482126201595
-30.586698294779612,94.68600963398116,0.015766234362610917,-30.46417144845114,94.35111650422598
-32.218692527217584,93.49007778493979,0.012154455203821591,-32.189950794255594,93.43933932499775
-33.54681783096602,91.0228019231064,0.013966096268956882,-33.46430523274748,90.9486691044077
-31.42315063013337,92.94058823328274,0.015169099088885557,-31.354002284336104,92.75218797400227
-34.251221411542936,94.19629342989447,0.010933013458350923,-34.151400291739535,94.18912046460976
-32.12500447440814,94.18797688691717,0.016289962247564346,-32.08656402866173,94.0050094226723
-34.69834794141593,91.47018980795572,0.010712119266633357,-34.61286307267515,91.52485995318561
-34.466415792003616,93.65433218362125,0.011454121892098913,-34.48035684380708,93.61060975681228
-31.371977577434606,93.0839198769028,0.008199715404436952,-31.416744125571796,92.98077083128081
-30.466899372756927,93.98425639545917,0.012831287910022578,-30.364366989955347,93.83065236208878
-34.0802331083233,92.2206746923754,0.008765579186489382,-34.070547259161614,92.25554009331428
-31.692305242531813,93.42167589042195,0.013944037150525113,-31.590183676476826,93.35872322335135
-31.436541731138078,91.20894623705422,0.01098678677906158,-31.406705333795966,91.0655837999642
-34.14137789830756,94.28028931929101,0.014413415784146615,-34.114984122605506,94.26422057446652
-31.998659764074308,92.11165631913101,0.010436216603266857,-32.02775988650151,92.04608520863974
-30.05379082469295,94.0667028903445,0.014963517191396766,-29.884728376949365,93.78445700781847
-31.273636267666145,90.17459112425139,0.011548121082827136,-31.191584429013734,90.02183351558755
-33.99061442134357,92.68337669577093,0.010465713705703095,-33.937144467433114,92.72281784791923
-33.692853520272244,90.80970536600108,0.008121088661318939,-33.63167934159135,90.72427753560457
-31.89941177483075,92.2791754162253,0.013092977261469976,-31.86212899751971,92.06371050356891
-30.342921013026405,92.02361021988258,0.016190809319792755,-30.23159199109064,91.8051246029675
-31.52923883251605,93.31191303483159,0.01840382370276409,-31.51184183096561,93.07040471744912
-31.261901449860137,91.30576592663309,0.008496633229276806,-31.283850849928136,91.25892918692057
-33.233554970434014,94.21417331117537,0.010446532302162116,-33.2220571880777,94.18959620767087
-30.100446312227696,93.03603054134952,0.010610354918430653,-30.037229313240328,92.89377533240364
-32.17401187307878,92.97940067521294,0.012926920637988473,-32.082869926975384,92.88128114998162
-34.923511515836225,91.91029156528978,0.01428134971067,-34.96880614769885,91.86604458068578
-34.51886084833818,94.85365315543415,0.014882745250646095,-34.41081181334135,94.86724012466355
-30.6265902706835,92.07147403106364,0.01029817113097917,-30.58580225705524,91.97740311259497
-33.2810407047673,93.80413957710313,0.012916172701693542,-33.25674970736002,93.80132340537718
-32.80319992964368,90.94635453322299,0.010337015813867107,-32.80132685064032,90.8873495505774
-30.060640160277245,92.18823772304914,0.007742827004157673,-29.982944882360353,92.1249203704603
-32.614596033125736,90.64976621894024,0.014399776202775707,-32.60387867321618,90.65820102194326
-30.75772562982256,90.53118570848937,0.012244102524227678,-30.720538916019485,90.3832896971861
-33.361242059513906,91.58179385272028,0.012054441483167692,-33.27491362097541,91.53564007007914
-31.449138168687004,93.22131612501492,0.011566267358813734,-31.367139564912694,93.09631324613912
-32.2740602555627,91.22123973101394,0.015639688956112705,-32.16602947553721,91.18127773452527
-34.5614791188589,90.45800437206063,0.013739903365139004,-34.57818199968423,90.41696738793856
-33.120473540351995,91.31941476330447,0.009478264619598907,-32.9991081720965,91.1921219425702
-30.60226699155956,91.05306264190304,0.013560117178288483,-30.575193899105063,90.83291315737308
-30.640036747612655,92.7058283840773,0.01060226962631058,-30.58829704493936,92.51895836310123
-33.22033472177639,92.4969495253427,0.010015220692848872,-33.16490232139182,92.4165018819318
-30.12590388437252,90.51377893972035,0.012708425603109343,-30.064137165743585,90.39729649152898
-32.21489252189409,90.51079836348273,0.009551128631702098,-32.247226546990284,90.42195419354645
-30.878614319950017,90.38135172186205,0.008349564808270222,-30.82815570019574,90.28752101328917
-30.32876186316473,91.85606096351432,0.00759125984477053,-30.274378264994787,91.75522407358346
-30.85075084607832,91.28834842434064,0.00894315856658685,-30.810703385285663,91.14105627289044
-30.98144150438076,93.60759774904024,0.013958543623543039,-30.81247438726166,93.46210208406816
-33.78376943096263,94.90732983701858,0.010709532263931417,-33.69993865698276,94.93698538953568
-32.38696708357422,93.65950238559542,0.010169977035226756,-32.255888983958236,93.57703554861814
-32.569094613039965,90.53711497190183,0.00860366596566936,-32.54330363696117,90.50564805434581
-32.8389394103794,94.42908968369804,0.009828634228627169,-32.82833546681919,94.37858135710984
-33.30367250400332,90.58238055351205,0.010968801895851577,-33.268888514846374,90.46778470978553
-32.668129886509526,91.99897675087003,0.011229936375197135,-32.62137647885096,91.90637067430714
-32.923895034171785,93.78919491426426,0.009442122571983052,-32.91691779914027,93.67348779660534
-34.398785442526616,93.40856148375205,0.012467407281208884,-34.284312622662476,93.31177224708995
-30.309696321428206,94.16573762338416,0.01160050489597957,-30.25444313328055,93.94455548031735
-30.943866733434106,90.44515958159845,0.008756811278685465,-30.9451170186592,90.26187887292653
-33.76440077815845,90.71641871065972,0.012512695444429995,-33.6624819823016,90.70940029312004
-31.54502750828603,92.25096104174644,0.015232396632944805,-31.45782724856494,92.14906722847253
-30.432101426744907,90.17454310877856,0.013348390345669713,-30.295965055235083,90.0330304596808
-34.81572448656886,91.64596626875473,0.015201364936456796,-34.77306990815315,91.68830111821876
-34.846558490723986,94.76176211222872,0.012718148448169271,-34.78931908416159,94.72594746455033
-30.88370893035861,94.9367033088362,0.008832405931737085,-30.88462776737234,94.81402043179281
-32.909773519652774,93.6784733037696,0.008546004349396365,-32.83104612049588,93.62909096952615
-31.69257580076033,94.68148600808968,0.015153665878511122,-31.597943265675696,94.50284052989768
-33.7940483906996,91.12575943457007,0.0156792375940457,-33.80041612511869,91.0861796192258
-30.199976884360012,94.19814511587947,0.009378680532952117,-30.16029059823916,94.10610289268422
-34.795086852299036,91.25117366809476,0.011832366776320115,-34.71752494838047,91.24949316697082
-32.64368131097308,90.8052456281775,0.012207684592757173,-32.603082037417124,90.74870971361204
-32.656687865983926,90.96783383383493,0.014197687293706072,-32.595992768704384,90.88828849309134
-34.678166412764874,92.30972648564602,0.014828419130557517,-34.644342043427976,92.23085399589692
-34.768193007808506,93.75492628648962,0.008741957165467166,-34.70357466404036,93.89790835837024
-30.11465157158814,91.93385780695321,0.013839370875515065,-30.081707481500366,91.69542840021529
-34.39346164300666,90.72096888745949,0.009759116219625002,-34.34427964457961,90.62765758968271
-33.81635956795705,92.3072488948965,0.010116304341985826,-33.80544618154891,92.31800264762441
-30.397449191163894,93.95799259641481,0.014962623417439437,-30.35937079811834,93.68833803096322
-31.616452138981284,94.5916092438917,0.01008512883303769,-31.587723192200748,94.49610130225636
-32.99460567342549,92.13209825784664,0.011739601033879075,-32.94630482200145,92.09047846404748
-31.816894152930338,91.67790389100507,0.010379323174981971,-31.79027620196578,91.65768746779942
-31.543057021258544,93.83054281534412,0.016712557946494115,-31.466378941524233,93.62280446839904
-31.824468503072133,92.36311652125865,0.009845879640496049,-31.787821391898202,92.23816531521004
-31.327133259227715,90.83206830431887,0.012671491276516475,-31.277869033430097,90.72188641092329
-32.07333430214236,90.27132834438152,0.013900326020093109,-32.05777797844521,90.17012463541573
-33.61129059984417,91.66547177059762,0.011072038509364522,-33.58093489138813,91.60820566786327
-31.90111897542771,92.86095145582493,0.01303994711948072,-31.7831149483819,92.7453272107661
-30.98955938431576,94.9262690177639,0.012036474598828987,-30.90167091513456,94.85446753138537
-31.013936736929644,90.24657935436296,0.012651412371801318,-30.923719325719443,90.05707452953169
-31.98578242312696,90.16132966898203,0.011066965828645562,-31.950399206737387,90.05451090190485
-34.73813092959355,92.0694913762274,0.015894582671682214,-34.65588129904173,91.97235783059993
-33.31249383890549,93.27737457671843,0.0080735387183728,-33.35898727528758,93.18347046249812
-32.635274051282636,93.64914003186144,0.013452721835826333,-32.514102344080065,93.5419879228901
-30.066845036659423,91.05700307155128,0.00975400267242359,-30.00235517880878,90.99267954645816
-30.997057276819497,93.75747905436863,0.016307145981208977,-30.869157997274637,93.57039863611719
-30.103606595933357,93.60913670860334,0.011807989614042221,-30.04069452879543,93.39109015500715
-32.044981901657685,90.39318625700552,0.013241265614438402,-32.090887860533726,90.30681828936459
-33.48263273351388,94.77331983695855,0.00932926706331207,-33.48842579101604,94.65699262397852
-33.03994687197906,92.00696766093468,0.00934231410908078,-33.016975642191355,92.03235156782863
-32.94299695217416,90.1523462984737,0.01019869583109852,-32.8937467920892,90.11901662453879
-33.6102635196255,92.15230265141037,0.01874895497338264,-33.58592191377939,92.10119794358152
-30.41938963735755,90.73185205518108,0.0164286196898348,-30.394413976280642,90.44514729090022
-34.812767974306524,91.41273203704225,0.013628262262157412,-34.79710167022355,91.37067260929156
-33.74900033374643,91.35156261645685,0.01767939426267638,-33.71382658984326,91.18213981643012
-30.81811775842699,91.70260984176129,0.011771262453716985,-30.81085849840146,91.59492012699711
-33.23394030060536,92.50010557310334,0.010345927364817958,-33.19722720226296,92.47334914263969
-33.72348982753898,94.2326905693467,0.010985323019881752,-33.696548694228824,94.21427111789421
-31.77428295248155,91.54910756347239,0.006673897054620377,-31.786866517283606,91.54436277814114
-32.68792550465662,90.69496636669568,0.012679642024914598,-32.61007844735007,90.5067844715382
-34.86725368525027,94.86454360774928,0.00665274926321787,-34.87388656292452,94.89906462698245
-30.96542365346076,90.486499867738,0.011963959214291098,-30.90103007482441,90.2145474217447
-34.852701016691505,90.01707527970852,0.008478208720072638,-34.80735976122212,90.01183820578768
-31.03015692090655,91.48857343933314,0.008144753171431419,-31.097735234902245,91.49637513640411
-31.32768533729635,93.39660247269583,0.011410213385564586,-31.261869975568764,93.29505716087083
-33.71040536962627,93.02886697832386,0.011708799096343052,-33.63355245282901,93.02857927160373
-33.057590083989886,92.18880047064917,0.015414252719005175,-32.974452277018244,92.07463431497683
-32.95921142475833,94.0749669372073,0.00950985570115789,-32.91356684311204,94.00825076994509
-31.71144415528977,92.94035608478796,0.013793244772129912,-31.74621211234595,92.76827338579756
-33.31175285712894,94.26067553880597,0.012343969910256176,-33.24055692613223,94.10930169267354
-32.621054364909405,90.06314607721548,0.014199158661522663,-32.539635797315526,90.02978752827563
-34.38719643426821,90.87720953656797,0.012074404555338397,-34.38277840072025,90.789363468254
-33.85747105475869,90.47711162733708,0.011925103993413011,-33.824983990976015,90.47051624718833
-31.688188275605548,90.32007613120727,0.014331680886942293,-31.645155655092896,90.10092900644857
-31.926614909839962,93.30729295541364,0.0075472967273830585,-31.900362857562282,93.21887325867716
-32.9744110584905,91.50991523936324,0.013020171382712662,-32.88034380968752,91.41153653325524
-33.380037361080994,90.4320193557984,0.01097237546735536,-33.361425524055804,90.30435236015397
-31.53867679986396,91.47236071704009,0.01405456291774157,-31.447307715493174,91.40169278780611
-30.189972264740074,92.2270191107165,0.008472365265476107,-30.064394172076952,92.10510351647508
-31.345240399828207,94.01814486119018,0.007187240782510157,-31.28381255190286,93.96078941285302
-30.018713606253048,94.57287662549169,0.011686158469428044,-29.930213882328527,94.41838970606034
-33.4425575969673,91.25156121446808,0.00835806798869212,-33.41396947944263,91.16870640385967
-34.94739290467447,90.00032060762726,0.006993121796658119,-34.962993645725085,89.95317365711487
-34.46307301491043,90.24368994855816,0.014234435689508532,-34.36633068943163,90.23868344583113
-33.53654920676,91.36508326315766,0.014972918673462267,-33.4723136760549,91.31009955890744
-33.65451294594929,94.05521733024851,0.013887872296135088,-33.63649611738624,94.0062357855762
-32.337900173605696,90.96348178679415,0.006564163884312081,-32.4293006785646,90.87913611949125
-30.319385552295348,92.93928087279176,0.015102012447111684,-30.30483435264692,92.75442958567942
-32.78791255080643,94.4791793467303,0.011742459675164877,-32.74859001363957,94.40889319919573
-32.92875657008946,93.86897919819528,0.010661396638897208,-32.85890265333535,93.78479132087371
-30.64113405877136,93.223123546826,0.013883005710377745,-30.49771030805725,93.11661956290934
-31.86800267802703,93.71502326694088,0.0112993121434744,-31.793543520202117,93.67741956679562
-31.135151070047737,94.04597771746124,0.01239091451946327,-31.032156301302,93.92895547300711
-30.669783353094722,94.60924732827058,0.010966116722948322,-30.585960843200812,94.54406916058703
-30.527351363079447,93.52354978735936,0.013466493081979006,-30.47039007669069,93.39482140912399
-33.7941515732447,91.17784767725527,0.01072095125835448,-33.786628913841945,91.07803808405693
-34.854883569011406,91.60198356794572,0.012372531839658854,-34.77571126006141,91.57362018893616
-34.135797387761045,91.68280801494315,0.009433908995470183,-34.140133761857356,91.66856774785602
-34.64971046229421,91.17587486185911,0.007875924121439509,-34.65449083814104,91.17289993153057
-30.313404688000098,93.12358864338104,0.010308419505978685,-30.278703658234555,92.98610808414917
-33.8293837318787,92.02875134467409,0.010486544816101591,-33.74759344229106,92.08222126339645
-33.81950351649512,92.00144635118156,0.011448613320228541,-33.82023468071647,92.00559695179325
-31.943636498261785,93.38705819611609,0.011100617057307867,-31.93537442173589,93.30192264233641
-31.09301568706223,91.51134475745114,0.016389990733685016,-30.996160894967637,91.32428595415082
-30.009465528383714,90.55083866081397,0.012919721814337731,-29.95428335218428,90.41894022007314
-32.12295963411751,93.64321375006946,0.014845369524460167,-31.975443436353796,93.5033964957688
-30.949297519487615,93.8142360287681,0.014528203285013735,-30.877767717719188,93.7306746921304
-33.65254111929546,92.86665300042758,0.00767364786491126,-33.54478515834715,92.85422131742816
-31.873471812442713,91.75063961798837,0.01381200076730269,-31.84157905691528,91.71452861074667
-31.954003445853353,91.19154773780701,0.01302704955825791,-31.88517990076704,91.12932511824012
-32.24827486530307,92.48508057504324,0.013116782761059992,-32.11890330237115,92.3882994343514
-31.76366281166116,90.47036724411765,0.008181679062526372,-31.705814682515904,90.35107267917923
-32.65689981570632,91.544653650114,0.006823310985632813,-32.65928216249192,91.59005753194184
-32.46164275268024,91.86825684181451,0.014902361554737844,-32.38225778658214,91.769789203948
-33.760991940121365,90.38403408691926,0.012958900231591002,-33.74843440476407,90.24299293310469
-31.248240158112054,93.12008643725717,0.009561706542970491,-31.212100533647405,93.07299844166315
-31.450326167667836,94.82380119363374,0.009553903480362554,-31.318432459368754,94.79559738759146
-31.17811371466029,90.40586734606279,0.011297517713307668,-31.150082214733747,90.22366550167686
-30.22785539584217,94.31024198173557,0.012495849924474962,-30.15542370294455,94.16904076633475
-34.29233198635462,92.31795238417077,0.0070039093771624775,-34.24220950778139,92.40311087472786
-32.543196174670456,90.80281364317263,0.006871204376492291,-32.632311592399475,90.85031711446204
-34.22507088107786,92.86750851797079,0.014928586056982364,-34.20499241446128,92.8439442426469
-34.25365360441889,90.83638623401156,0.01902724148593034,-34.30025507488291,90.69601875512654
-34.18549022700578,94.66503020151659,0.012059222656091571,-34.20874901730113,94.55398551656656
-34.99226668389567,92.89835509067633,0.01173201152901395,-34.921136095565856,92.93268020615615
-32.78954655318398,90.90147188802587,0.009707032534998496,-32.78472875976858,90.78689800741998
-32.902974624932604,94.70859584679437,0.005512675783541663,-32.87382795738287,94.77182786071315
-33.93389655858414,93.60228478701787,0.0077156906179092904,-33.819948064457805,93.58467317277484
-34.55022219615711,92.74140779787255,0.01083624611248915,-34.545466135701886,92.68041165309164
-32.56060729893576,90.15545251849824,0.012127788329277875,-32.48637894604712,90.05926539475477
-32.144230383583846,94.31309231055674,0.014558470818219586,-32.01992963246477,94.19395061220439
-30.70543917350799,94.8905851645758,0.0055962915389455685,-30.57198879830609,94.78684119879625
-33.60965451797079,92.30725391056255,0.00829788948608323,-33.51835963837805,92.23394273523535
-30.07320833856966,91.99820459155863,0.012041119483336839,-30.054532341752466,91.85205846370702
-33.24408226316731,92.54330104442512,0.007327942764321189,-33.27017277766008,92.56322054333424
-33.609368547220974,92.75275771868372,0.010470596990284048,-33.537166527982336,92.7403351624863
-33.13501806571873,92.07397280451151,0.008203752872601644,-33.138686590886664,92.01005836881545
-32.14612342842834,90.36199530060047,0.013895682172508344,-32.09231776352486,90.28291715595802
-34.79736939284014,94.03567743814398,0.015992634536777066,-34.71052487526321,94.10126637815023
-34.475476985304795,93.49823803442946,0.009677198044766524,-34.48531239635217,93.50447751466278
-33.31481164410152,92.23944796764069,0.012829334939097185,-33.27142854420236,92.14034384372201
-30.101197975477895,90.62613911021555,0.006914024320853614,-30.088812063275594,90.53367145669908
-30.391537100044054,94.6175667957659,0.013834609482593279,-30.289772468548172,94.38730852080825
-31.170356767632164,93.54582893233005,0.010687090265051246,-31.153138248079777,93.3699284704259
-34.05276293986914,93.76305024458628,0.014128645213320953,-33.96281151440189,93.7161958181622
-34.82333387417194,94.31079559019395,0.011019045936037662,-34.7827034396607,94.32415458893242
-32.31892604836776,92.5762245319548,0.013913759241856387,-32.19861148344392,92.44769221388418
-34.950639588758946,94.37720010353678,0.01204032976595563,-34.963837688401924,94.40430828482754
-33.49998744129538,94.31464709421479,0.012875430388401525,-33.4217803224363,94.22563671098447
-33.244842498170854,91.92955087671817,0.005760739934638049,-33.25556694658019,91.87120605235482
-32.310686761885066,90.50273613405224,0.010845000873077458,-32.320897839809156,90.41314177005037
-31.03807899594269,94.81578145418224,0.009869600833977595,-30.969911418335816,94.69849300048854
-31.136673028093,92.70273506678433,0.008952933353982267,-31.1447000246603,92.56665041720616
-30.438618014051855,94.32583129200158,0.02,-30.317622270910864,94.08283259490045
-30.561672195465952,90.25948893322187,0.010095298173506025,-30.496663492603314,90.11787506559878
-34.59381746822916,93.47731816759102,0.01110053416595155,-34.52155994607047,93.4540894861125
-31.835532800381905,91.05354731261582,0.012259891472230229,-31.775771710403642,90.86074483081296
-33.41613792741507,92.42318106716398,0.0169910779137404,-33.35584098093655,92.29691983269714
-34.71907450895031,91.69656795534851,0.010416717346996849,-34.63510381629689,91.73145833975255
-33.498664288335576,94.2660794373977,0.011837449808318194,-33.44515610833517,94.19020795456896
-32.761135530315414,93.78348995221275,0.011223173636327003,-32.729773511086584,93.71101602045243
-32.919394956932614,91.99664554108173,0.012073599374254838,-32.870017548481755,91.92162270704704
-34.62759463115655,90.13360562827498,0.01261551775366331,-34.65848623084024,90.080540443878
-33.72874037792758,90.40521856507637,0.011818180776208985,-33.73751935013315,90.47122301134748
-32.90230330017897,93.26964841201686,0.010124478833914707,-32.79913870637838,93.17223061002507
-30.43595146633216,93.18558129900333,0.007809938690084971,-30.349694659219047,93.09651772739457
-33.6050677473767,94.98560124730614,0.012608343682861548,-33.4747275213247,94.93942805648966
-31.343045169433452,90.19096480474849,0.015477789506079687,-31.250616618909927,90.06139093183953
-30.18828266948603,91.35060945054197,0.013992728266048074,-30.107735772935868,91.10643973058228
-33.883963642124144,94.9257963612842,0.018119653414303313,-33.86708237058343,94.92905255978509
-31.694649782796734,94.00453545146631,0.009942256719798561,-31.5954613768522,93.80233023620974
-30.51214950411512,90.41474068694,0.014568418179526825,-30.49589490304378,90.1855814845076
-33.44454449164549,94.46270266830051,0.008710700891476582,-33.39133320202228,94.46567152355341
-34.00300097990087,94.78013883632427,0.012806989105431273,-33.954734138632155,94.78409247270243
-32.433545948431245,92.09306322552604,0.02,-32.37758039484984,91.89602790014895
-30.023113068092353,91.93818658851245,0.01575175194351727,-29.88352962739147,91.7484464358245
-34.907488081997194,93.94039657379203,0.013889994318313994,-34.88218130521405,93.92300231323645
-32.39959818473856,92.09162061354532,0.017774753793777576,-32.29397546866229,91.95656103309857
-31.974029230057095,93.31984185833413,0.01251371474366515,-31.980445650698957,93.20685070666028
-34.55785376935182,91.4014722678465,0.011810555419376508,-34.49227135335292,91.33003800469936
-31.049925861264832,90.36716626961812,0.009398043770097566,-31.097630359018783,90.25034638647587
-30.976149554086078,94.86789069515766,0.012388841336655177,-30.921051075947492,94.7239434985956
-34.92782917697143,92.54658823312374,0.01433925923696058,-34.953824810118384,92.61116748893731
-32.059511579574405,94.95605687438334,0.013996222776188241,-31.927314009849376,94.84974653793499
-32.425336321882426,90.47513480288438,0.011708468253857346,-32.42895502408622,90.3269437361509
-30.505362928453362,93.3854629826991,0.015327234474500242,-30.408997624529636,93.1559480220564
-32.74837557950612,90.3994827464138,0.012362279755062816,-32.744056528944505,90.27906002186333
-32.95406720735505,93.691152670299,0.011766454591096938,-32.92064010034993,93.66589085932151
-30.988495128521567,90.38058960402185,0.016085214201636756,-30.903811334591733,90.19800221068195
-32.03355783948945,90.11312811677548,0.012090013079357883,-31.945770431097735,90.03383499443069
-33.81987588116562,90.82519796578232,0.011595785531354144,-33.78369972493491,90.73899841300275
-34.850505033455036,90.2533203344202,0.010654594386508407,-34.751910296113486,90.33729105448464
-32.6283639413465,92.8963646643628,0.006602297215061521,-32.664926217155646,92.85223315210276
-34.42173645769718,94.47862472792764,0.011498982439669223,-34.24457379175784,94.55345789746814
-30.837645232737763,91.09509059693227,0.012673234192085029,-30.744283647885062,91.00656789936535
-32.57243102230946,91.04125496780196,0.01138575557788443,-32.502612480977994,90.98346575421219
-30.80285914406523,91.0877881893882,0.011004808701680031,-30.761772782172958,90.89273638728184
-34.494039437318285,94.09001511013086,0.009782101050116121,-34.43390074683428,94.07267327038905
-33.51709809799187,91.7960203826907,0.017247433785556526,-33.39472138209427,91.7429704882408
-34.76040719727268,91.01071110342255,0.009614699343943194,-34.7279666577016,91.04286183897935
-31.028730360423573,92.48254007312127,0.012682922855457286,-30.894908228194907,92.29987825449683
-32.98534291211109,90.11312467966945,0.007779592446261873,-32.92401879901157,90.00262719800041
-31.402123832930133,90.34730500841553,0.007857702631204229,-31.348636990577127,90.2928599341479
-34.47143088528139,93.93429971322035,0.008892597109727967,-34.409544151192726,93.9366912872754
-32.606729321327805,91.93955626531236,0.008145450193085093,-32.62991207965606,92.00903277508151
-33.34472979252958,92.59044104257214,0.010211562552660336,-33.2935353635501,92.5639505551338
-33.71493148108925,90.09088538420534,0.014969270879498437,-33.68868237435319,90.03642377754151
-30.547809578066364,92.50650489312847,0.015617118610487025,-30.475445686957332,92.22721228589646
-31.25873951022751,92.10020729224624,0.01793149399338417,-31.26921905237482,91.8454096996022
-31.402890269355723,93.98123914428446,0.01393883409378487,-31.30967311566092,93.83889778122537
-32.674910740315426,91.19272125576319,0.011513874936036577,-32.58504665260433,91.09018837082593
-32.88420531098401,93.47898304243918,0.009446430572667497,-32.76151880587976,93.36692745625427
-32.09113825184293,91.77000799516112,0.01485658679824369,-31.967517133680992,91.69892641211095
-33.1557280888739,94.9298426896379,0.012900680680802079,-33.10955939654825,94.76794367275946
-33.22547158377138,93.6350090225105,0.010948745082974908,-33.09993212768935,93.56340731002342
-30.870315782697844,93.14496827444981,0.010353352075771208,-30.80443391503456,93.07949021739745
-32.818557556463034,91.40416305684592,0.012290283368361899,-32.716971170977985,91.34607813130918
-30.3600482938833,91.5905320838476,0.014214580675911397,-30.314699914478958,91.40438992220355
-30.958670873389785,93.60473196417377,0.010541502221499554,-30.90974574133238,93.5224703958875
-31.099092504226707,93.22348707576295,0.013059953947642177,-31.037119095833738,93.09724805598879
-33.78334349059802,92.07528524879382,0.014876823094986856,-33.758875563085454,92.08796929948639
-31.50517321342462,91.854225843522,0.01175259221313712,-31.36422773271113,91.77922279708534
-30.05391553144092,94.37131865273565,0.010116094868432304,-29.973165826820914,94.18064409582603
-32.04331236927963,93.41312785839564,0.015575736400098121,-31.951864071444756,93.3345887181963
-32.7278851461797,93.31195044761846,0.01179382505454472,-32.650664736873836,93.24492947808784
-31.234465099674413,92.39367244698059,0.012734662056187335,-31.23544721434859,92.3153769523524
-34.050933487117526,91.6246347426262,0.013131673684265377,-34.01456648510465,91.50425878095008
-34.41935818100962,94.47870944014454,0.011026476926051866,-34.41276589451584,94.46997075083651
-32.34088063872286,91.09395292713873,0.013665529548862814,-32.33928669641763,90.96937746717754
-30.01784346026927,91.37568122832671,0.008622479254551153,-29.98456973193392,91.20680890726253
-32.87243090173291,91.09065858364215,0.014983004296227419,-32.85274803552158,91.05077110051923
-31.171230502632014,90.92840379481207,0.015228650768117578,-31.10159431660844,90.82305017446319
-33.25663409908216,94.82558241243416,0.01060375363515993,-33.22318063142182,94.79994177151553
-30.8097359541027,94.97738201279746,0.012285751361861656,-30.652821204207875,94.83430778843352
-31.428537293031756,93.36656196607018,0.010457842280393334,-31.37917720480095,93.33255051015257
-34.54270059391143,90.9193021403009,0.0074264777450234005,-34.55893925579298,90.84393203021514
-30.251619477673525,91.86554134243585,0.009365365278447899,-30.243016609369448,91.6386831842319
-31.994097962984554,92.04824881105964,0.009565189863396491,-31.974144233379487,92.00700500173461
-33.73057359853078,94.91710537208525,0.015405441574439337,-33.63895478001589,94.91824041583665
-34.37440167861337,92.00182147618922,0.010769163436176747,-34.31257016039398,92.0718866124891
-30.657043506956786,93.59019945631688,0.014291110240426858,-30.60540510850702,93.46869109808156
-33.104997107462886,93.95268419475985,0.007229458400110176,-33.00946830721369,93.92877538710923
-31.325175335769835,92.3694816992916,0.011788523754921098,-31.30146746678843,92.22673063250276
-33.198536308647476,92.36149727837343,0.009404090447606449,-33.13467926043458,92.28163579992844
-34.9586419843957,93.86455075535078,0.016933852464644655,-34.90725511114408,93.83848877145863
-32.635709341645416,90.28026165708587,0.00889662824315317,-32.63572934332382,90.22592330271739
-33.622162338921115,91.72851138688429,0.012760612312476322,-33.61039103206567,91.68554650044544
-32.79899528422747,93.43525254050064,0.008895580603561057,-32.772287223628915,93.33348511634365
-30.9717815502863,92.84524222977902,0.012469913450857234,-30.973364123463174,92.61118866692333
-33.93142622095407,94.35762729339838,0.009742931735988803,-33.906663087400176,94.39712038973363
-33.369167586878866,90.286144499193,0.011481178714738176,-33.36009332283983,90.26306811292426
-32.21062817200206,93.72403482790511,0.009194028755297377,-32.208690438094614,93.62302423306289
-33.93984628413042,93.14269328657663,0.013946167097644433,-33.90571310350401,93.20513036720868
-32.05024197709744,90.72212080073326,0.012542183329349267,-31.996795530881233,90.62003875234491
-34.043735768768855,91.65743485684835,0.0072159091545139645,-34.01789603849724,91.69271517511028
-30.253331728203193,91.50845623362285,0.010870714822925294,-30.143244149836892,91.35595338912968
-33.70720875178352,92.66501146054135,0.010344927367501455,-33.63453233117849,92.71920289692312
-34.071092242835135,92.96514336074468,0.016150562752239413,-33.98683938098306,92.98954530599593
-31.31101275066273,90.00078920813877,0.014459776213604765,-31.255102661225255,89.88251521116051
-30.220347329838063,94.03874581012445,0.009312293973499308,-30.123326901720876,93.97413465708449
-34.93683675894007,94.39033017850183,0.017221458230497193,-34.82260203193968,94.32678820118036
-34.514684127363395,93.70343836039656,0.013494216877756754,-34.514835052106946,93.66220069168293
-34.39608906455638,93.93535767168514,0.01068732645464435,-34.35927142065286,93.95831539867613
-34.88513368898043,91.60324827611095,0.013563751273606022,-34.835449955650624,91.45123658161984
-33.88372020958016,90.97999726488736,0.012548234333142543,-33.796426890384865,90.9326817930288
-33.46183240671743,93.32674434894595,0.010881127388064099,-33.439704443169965,93.31460689684971
-30.01047568296909,93.7915867722112,0.015105604661014283,-29.849400697961535,93.52011487861468
-32.95653244678666,90.29027418028663,0.008484891459028634,-32.985258464788004,90.28148294312534
-34.15180952219131,94.7833230376711,0.008993533117426183,-34.018363007953084,94.75086450692189
-32.09011422198001,94.9300490259538,0.013485198642333735,-31.91164207526533,94.78738813472252
-32.99057799183872,91.93458285897984,0.011483843486536145,-32.954855920405585,91.81671425562756
-32.54203729957041,91.602195709443,0.008428289278971216,-32.448320529637336,91.50861156107973
-30.784635624740282,94.4388074660592,0.010129332834183522,-30.725754224730544,94.3138212373507
-31.792062043226053,94.76691379737703,0.01561079076515148,-31.651804953738417,94.6579672862756
-34.33817987010402,92.91204762266038,0.010215623068119161,-34.28195383416548,92.88561126512954
-34.166481169910654,91.03877749433505,0.016157670074028876,-34.17655634515907,91.12153409611365
-32.69121903371115,91.7786868610451,0.01141414418869704,-32.63604676052795,91.75580196430508
-31.615329040466072,93.75720174854867,0.009715072703802539,-31.52629439356594,93.59001747552512
-31.088526438653403,90.09586365648566,0.00841145709292895,-31.09769509087991,89.93786940046436
-31.386020631033254,91.96696730888465,0.015511354792478147,-31.359663144392837,91.82488442464116
-33.42327758550474,94.72067020307006,0.010384603882058726,-33.372949725447576,94.73701844934317
-33.603124186631575,93.22244362348154,0.009932169467765296,-33.56214280627146,93.1629050700184
-32.19117198429097,94.32552021621257,0.016408280467197653,-32.087822977656714,94.13986979105566
-31.18822713935749,91.0358726869281,0.013404911765990953,-31.04903884744002,90.86435219969808
-31.411084789053472,93.08729682478366,0.015143329639109703,-31.366108289206192,92.96092737525541
-30.920688813569882,92.7489951518963,0.01226542527188414,-30.826393284185468,92.55387647748515
-30.19139355705145,92.19409387204615,0.01702409875468988,-30.064332638723577,91.89438236025482
-33.48244886610625,94.04926225335713,0.013637177582240817,-33.35618819303214,93.98115590898799
-30.305115599182564,92.14755022227992,0.016936169221139323,-30.23766456022025,91.87895054511918
-33.91993590017303,91.75885248879912,0.010107311721252964,-33.92423531270671,91.77788138506429
-31.987590567742576,94.74131861315065,0.007204482116164225,-31.968858428019463,94.71374700075637
-30.559561825645368,91.57766052265016,0.015252845516041828,-30.426190899579943,91.34103034827365
-31.301714657551468,93.25935112725938,0.01606508337726846,-31.23091372661458,93.1117607872424
-31.824517819064695,90.29696159036203,0.011725294435105975,-31.7272036456149,90.20575031958562
-33.32351728660404,94.09064193690836,0.013814753536974061,-33.265374623217554,93.9767162444425
-34.258291710933435,93.25831509145564,0.011739186355073913,-34.247985006649465,93.23702684657827
-34.250151236165884,92.301411315565,0.010974350281743263,-34.274058757945845,92.4034696280794
-33.71922758477019,94.77993346998383,0.009818896455931496,-33.660877180542336,94.77364007894589
-33.25121398099618,92.69596109314539,0.011014895819059815,-33.1618198307441,92.62172715114028
-34.09518686096841,90.38722170785208,0.011564117052815195,-34.00593509573439,90.3891038877959
-34.620799717293224,93.59011963498922,0.010147929009808706,-34.59566564918572,93.67205115947837
-33.06505325723731,90.42638665369849,0.01398236724993163,-32.99399385108402,90.42408242134559
-33.31103074599377,94.09667707339203,0.01440091465121239,-33.21738064916579,93.96110807417662
-30.858774468115,94.63459568263121,0.017769022582558875,-30.79436644360675,94.4100503635257
-30.447664860340694,92.47745037329825,0.009182499715299736,-30.37090904598574,92.35402022796018
-33.26287415782111,94.20775150637598,0.012613951291314086,-33.146187822372454,94.07756379988167
-30.038450946352093,94.57108395794229,0.011577095333551205,-29.965160301504095,94.45624426984133
-31.616611519287655,90.40460504717447,0.008395003620427539,-31.588600590573886,90.32666392260501
-30.368712529300673,91.02037365796612,0.008501280004682369,-30.270613583788574,90.90861120044178
-30.905649523231588,90.13699745833506,0.012481369245210091,-30.86808786482036,90.05916533603984
-32.701353294449284,93.5616547270563,0.010264470773226684,-32.646205511997984,93.57478851133659
-31.102892868171555,93.62382688098496,0.015523946944381323,-30.997508133074774,93.44706693742033
-30.9915907788073,91.77365541688039,0.011142099593043825,-30.9469956725839,91.6227048424858
-34.066646945168905,90.11618124529429,0.0112828038718487,-34.04030285711933,90.1116893306054
-34.52502163198554,94.69220738033584,0.007358930341817659,-34.45382963813747,94.80006987246452
-30.544576387824065,92.83463249401974,0.013149388264087318,-30.417882239317706,92.63013898526627
-32.03748155058923,90.36640703200399,0.011605042536358606,-32.01270844192847,90.2525856268255
-34.991978569172424,93.81912346392596,0.014844576597089213,-34.909820876645576,93.81211400363371
-32.79614322411485,93.85679168316837,0.014298842342426857,-32.722352696598854,93.80826754509744
-33.552466350142495,91.01920616158002,0.013925949927629657,-33.508594111996445,90.98734289870023
-31.453165753982226,94.83682689468769,0.008366040663038758,-31.334304891205587,94.80000493419482
-30.07561619792229,90.95574094395356,0.006952225525692795,-30.078761575515344,90.85382379670365
-33.60750694850182,91.0613249055266,0.014568226933499222,-33.52716003463835,90.94468005238298
-31.11599607419487,90.07147508353994,0.017148293435557183,-31.18077344208197,89.8845868138625
-30.24258501421324,92.09886922870406,0.007460791976861563,-30.216375750186874,92.0240419262368
-30.217504921350297,93.96099025359051,0.013525648151511067,-30.13343034463695,93.81635059118273
-34.408919918853194,93.77185428906921,0.005,-34.33991863547204,93.77842832098773
-30.081562229911235,94.94636246882993,0.008489953366831421,-30.043066939811304,94.79518609745334
-33.94609015761323,91.90031886453578,0.00872714016093952,-33.902791399031884,91.83903540329575
-30.65647336340094,94.5399444711712,0.011238409989083714,-30.60525610651499,94.39175390056543
-34.34279953425131,93.26333116380381,0.014701332328401599,-34.23286071318076,93.29576068359711
-34.95312377194545,94.87617547578321,0.005,-34.93790243146913,94.88773032147049
-33.70503735700602,90.42440735640815,0.011809838545274006,-33.67374165322634,90.26708613500993
-33.113377880778415,91.02762662507267,0.01208948319339517,-33.08157466493531,91.06373020092076
-32.122130606644134,94.74593837795899,0.015618673593698324,-31.99899789917997,94.57221910281136
-33.48090264087841,94.60377749415481,0.010325295433796955,-33.37733212513354,94.54647430266779
-34.69597544014052,91.19698784687334,0.014417751571526272,-34.657064640669724,91.24013183431354
-33.575189994482464,91.70321874045737,0.017730846769203,-33.63641521067195,91.64548269296479
-30.012780113308505,91.23103919918199,0.015099141616525834,-29.882288854576103,90.97424079126249
-33.965167992734244,90.95107355298593,0.008410201287440858,-34.02014856710979,90.92511228015248
-33.009383824118345,92.2008117923821,0.007764794894741734,-33.01981323607006,92.19253074863123
-32.38640953106786,90.44416691570572,0.015636056346836225,-32.38682609405745,90.35114463429393
-33.701718571635446,91.86943731491898,0.008689813876368895,-33.61416072563223,91.85877508766762
-30.60708781703432,94.22382290189306,0.008895233530654547,-30.532111270895403,94.04207668193905
-34.59434129020855,94.28191280833366,0.01080284641656156,-34.4795125777496,94.25437725666133
-31.115031634275155,92.4524096845223,0.012716368426708582,-31.11996040891543,92.26256155155521
-33.03867529611593,94.06054165998067,0.02,-32.868312006130864,94.02487424617907
-32.34252773780331,90.46116137174911,0.01007944279644113,-32.37733573759257,90.33486548871781
-34.72535153880537,90.73429285888668,0.010354908080155269,-34.750664495271465,90.71072423260698
-33.18418750042331,91.98677871242113,0.009738104914188944,-33.131889560672505,91.90962969156202
-30.263563041690194,90.6897477732735,0.009290254338376516,-30.24034549316386,90.59870742300005
-34.082191563248905,90.62995523257533,0.008804685074789145,-34.0585211335905,90.7043639113175
-33.63050233874476,90.61078505950078,0.012182724995381299,-33.59191760191223,90.56456579177286
-31.097236520313984,93.5244998448369,0.012258316229983827,-31.039205405284683,93.4127218489948
-34.2298708379002,90.31748450792777,0.010292162928280476,-34.228474417918015,90.29082536534473
-33.30062682083933,94.02567641915806,0.012316826823333574,-33.23750041724534,93.99125918998942
-33.159035712201955,93.32318685219789,0.011609139979043375,-33.053915504403314,93.32088749846791
-34.97214397774622,94.75602156231719,0.009729913978149356,-34.86473265408486,94.775218815106
-34.642810617716,91.05153041333503,0.00992400351060323,-34.611628683445424,91.00008444720815
-34.5263476062623,92.54477969469431,0.01521586164223522,-34.46618484114692,92.52355063704307
-31.625978629474588,92.6635214203916,0.011641679102702715,-31.576824924811998,92.5410443073592
-34.368959451162866,94.6476698104383,0.012107660890244072,-34.294776458982604,94.61244528080945
-31.010527700477855,91.4099960691328,0.013087662682705453,-31.031642704530064,91.21450920982251
-32.96115874744915,91.36828398876763,0.012515262519973048,-32.93488152234895,91.29675406308064
-33.0931990327206,92.210983929316,0.016261239907209818,-33.00684315166743,92.15377398311186
-34.28229636911403,92.95975023237948,0.00831650438792783,-34.247174913593376,92.95936933802426
-34.02633582761142,94.06399865750726,0.010786996448600048,-33.922838891245924,93.96551190474493
-30.457598688533054,94.59420088562362,0.014170313786615455,-30.358698150061898,94.42427511505242
-34.568293345699516,93.16650612388521,0.015436808530156877,-34.4831740496906,93.23913336745143
-32.68286549578265,94.76557017649597,0.01858899582167255,-32.54429137460115,94.6838985279772
-32.9150351153291,91.85705886676044,0.014394545424832438,-32.906587942003256,91.8210905758738
-30.201869371744706,94.71375715988832,0.008140156987576364,-30.12463900189332,94.65702110123442
-34.92282780606265,93.40259265280446,0.013889428233754256,-34.934930205332996,93.49499842910404
-33.90345984580207,92.49512373406087,0.010274210885085988,-33.874590842774936,92.52122433904982
-34.771317760165715,93.80956840922126,0.015781601547688255,-34.6462738064948,93.79012873383026
-34.28077437641639,92.37566427747363,0.015345556237825046,-34.251881521692326,92.29524021934446
-33.82229105994193,93.9850868492433,0.00648406954578271,-33.87519028384023,93.88734978753247
-33.140149303576166,90.91851480360118,0.01237830019453971,-33.1015359381156,90.85787800122189
-34.03391851720563,90.06656421043093,0.015115025205471554,-33.97572342315526,90.02387014447389
-32.32180283999428,91.31795779319745,0.013591912104939782,-32.3014589612025,91.17824562878396
-30.762726376976957,94.08277787757892,0.006608849877589847,-30.651022652980135,93.96317302982375
-33.64754618102438,93.44701570406846,0.01658093164737402,-33.63600151091302,93.41522280493373
-30.195480325808873,93.8779428570066,0.0143539956365004,-30.097329304249406,93.7715524860612
-33.36605686493066,90.30203100864424,0.013281772798823317,-33.35963659384326,90.23818278237295
-32.59454378510233,90.58034270192674,0.008572322519766255,-32.566590816853704,90.52094026451583
-31.90896342193525,90.33046484107199,0.006191389126048705,-31.922676588032143,90.26320496644803
-32.36468651643369,93.1417930814087,0.013265087598889148,-32.2456994700058,93.03441723055671
-30.240321413568843,94.1699283338084,0.016527357758665172,-30.11683171937798,93.96785550545266
-34.35968875074611,91.31310592360524,0.01544938040498761,-34.38424401422518,91.37325341616987
-33.72053608684435,94.19953883927552,0.01717493819460096,-33.607186910642504,94.15637368145033
-33.91219722394203,92.9004256215954,0.008819872898669352,-33.85959698057397,92.97163765718508
-33.83244534914985,91.04667728138854,0.012378712015271144,-33.81004400351959,91.07552798279514
-34.641961207491306,94.39566547768072,0.012386220140240215,-34.55797334304821,94.44660492957067
-34.66708908731021,93.25569225502282,0.018152537716487935,-34.52016173234832,93.22477534029251
-30.618840475696047,94.77953665561766,0.018658132321199308,-30.42419221326071,94.5507162449838
-32.45402643839597,94.9708522686465,0.017540905188073504,-32.30343250543035,94.88866135781079
-30.27158089045013,94.946691982886,0.014296909459533073,-30.188973991544323,94.7243272013652
-33.23868335225942,93.04938036261528,0.008884690051246242,-33.17191404771862,93.02721775723793
-33.37303767440761,94.3018967803136,0.010384371789119462,-33.35496991721829,94.22299738298449
-30.01132854148649,91.1947949949639,0.009479009868660753,-29.97125091442942,90.91452927813775
-32.29362284118655,94.76670428948178,0.007493605843191285,-32.259966795380365,94.6454908914519
-33.82904259299061,92.17389406197714,0.013991903783004403,-33.79526293638925,92.14430901037328
-33.74293231754294,92.18175745761944,0.012390274610569981,-33.690072858040324,92.11519411559124
-30.909486012995515,91.68251753059013,0.009245339709725124,-30.88710355638827,91.56421974672068
-34.80173961899163,92.21201838106018,0.008881244804053699,-34.835104071521805,92.23597244011661
-33.30784862433949,94.19601450474042,0.013061851631904502,-33.206292298247114,94.11092650507806
-33.91214707855571,93.90429609221826,0.011544168398446894,-33.936086899355274,93.81560989122183
-30.598146031233522,94.77358537523465,0.011473287653706948,-30.53321431343661,94.5871241374827
-31.705185970238443,90.37961169942166,0.01590375911966781,-31.698616012723164,90.1875538916056
-30.619178645726922,94.73687084426098,0.008484719761082954,-30.532942543576446,94.67279611390678
-30.273725011239776,93.53696111311123,0.013122666498529492,-30.205106354851367,93.38274501091428
-34.30170780160805,93.75837222283002,0.014871812329675745,-34.241407520566575,93.67610832691642
-32.252136232127484,94.91002583481702,0.011892958433483845,-32.226616538543155,94.87575291382959
-34.53118685494657,92.56758914049504,0.012832156115417754,-34.52061464743446,92.66246937807527
-32.11255711731886,90.38871853655608,0.00842158295684732,-32.17192140750257,90.33558743003933
-32.67070899240538,91.57772411045879,0.005,-32.67574731032948,91.50861009105179
-30.777297282108243,90.81403686290601,0.014882410953156344,-30.804180951138303,90.56370083638016
-31.843445635986747,93.23748475682547,0.01658267009293177,-31.76061480663275,93.03397369248164
-34.73285468812573,92.66661108141663,0.015340953267194209,-34.75372934191453,92.66756662695711
-34.698283581675085,90.87021683620966,0.013916013502678492,-34.62215001543002,90.81839158382171
-34.19475565828254,90.30779101571319,0.007057087041039848,-34.12113647997046,90.28772375426195
-33.68192605259861,90.17439964182775,0.01580635951876847,-33.64716595439535,90.1488232122318
-34.93120006357446,90.42813543552951,0.018812561817058943,-34.88572935452102,90.40811165923947
-31.180935941622046,92.62385623130429,0.006427447231598222,-31.101977451436383,92.53723189797527
-30.054862174443873,92.08032210730775,0.012232678707570272,-29.994981303895333,91.93912775952948
-34.54181468008479,93.56260444421734,0.010008133634879682,-34.471295337373,93.55886045839654
-34.639802235174415,94.12118804216928,0.016589320011309663,-34.60228759387843,94.05278876612496
-33.58108414654294,91.06474724549544,0.013853100707284453,-33.53682329662225,90.94329357476862
-31.35160981365395,92.7731228658129,0.011133602173127768,-31.325971608152678,92.69784861496758
-34.712217364451845,94.29288669108901,0.01433960775863868,-34.63202639291825,94.3114262661113
-33.7939108425133,91.23823811968393,0.011796762898653102,-33.74326262158694,91.18366761902767
-30.983140484433598,90.43630285652597,0.00925390763741948,-30.98698167073804,90.3352008270128
-33.18860130445389,92.79250931788789,0.011668314734230413,-33.12285431767489,92.76458946389893
-30.092245441418825,91.87881800403589,0.016031207917546714,-30.0148781324166,91.65871028779091
-31.474268047624236,94.11421990233727,0.01574223484870621,-31.331679572118233,93.9569584404952
-31.299051248202417,90.79359999210432,0.010759614482756755,-31.209878091152564,90.67547169301794
-31.83746467397769,92.22133009753928,0.013315860979487396,-31.83279239770473,92.12333213756703
-32.772712233899455,92.33889697725903,0.010020540714803492,-32.815587874325765,92.15421257544175
-31.14353395573848,91.78362416648946,0.0065849245720324264,-31.118064032969396,91.78812258287051
-30.3469221764146,92.31970029107849,0.017531705975995147,-30.210501241044522,92.1601739701719
-32.0936790483757,94.55576181079927,0.018665267601023064,-32.01585292492607,94.35836100427677
-34.61801089445803,90.9905375530217,0.006474789800422181,-34.52323281981641,90.94757629345273
-31.442943274780298,92.58000834520996,0.005645922584560258,-31.394537922152168,92.5179146760359
-33.35192010481088,92.63685480871061,0.011624643432023678,-33.33704471514257,92.56413238323874
-32.234736864229646,91.27581348541646,0.011631336926296228,-32.2187216991936,91.17460149824366
-32.43578781261302,90.37854996345958,0.006803327414043032,-32.500235736468795,90.32135785111596
-34.895577699164576,93.3799126057873,0.015724612465277267,-34.90236345726614,93.30826551373198
-32.822644626305774,93.40068409093618,0.012839928641265059,-32.72578227150683,93.25926381226137
-34.7854141664987,90.32937458476329,0.008238283647970857,-34.81078159184471,90.3160834721223
-32.15857893339007,94.03748735955875,0.009364446174645465,-32.06458930586237,93.94171818586476
-34.41558220894571,91.15887559067343,0.015344598027915542,-34.36162846986824,91.1251792870639
-32.920796603031214,91.78113333914565,0.011660932445731069,-32.9236747297027,91.75499265697042
-30.55467024490073,94.66029254636085,0.014313919112625528,-30.442887138410207,94.53938104082727
-30.73662876540306,90.49907903955967,0.0136452854062733,-30.706851763625668,90.29178777460895
-30.030972654395363,94.38310645564235,0.015704494958933994,-29.913674143585837,94.16283077636173
-32.24850572726676,90.74192902655297,0.008814120843714982,-32.25643473027472,90.58848506162073
-34.94050830731878,93.371329979336,0.01293214713191703,-34.94860012858391,93.40615737229137
-33.069493761401546,94.23693960524369,0.012694602741239729,-33.010826994796574,94.23968594569666
-32.432898765818315,91.63347668461276,0.011387435961799492,-32.37250267840818,91.54254807333936
-30.91563609213856,93.72681637548388,0.005,-30.919975872888866,93.64609920398664
-33.23542588792121,94.25109874156882,0.011402197380281026,-33.146301156374896,94.22158085607616
-32.23555067060195,92.4382718687348,0.012361590566815264,-32.144653039056415,92.3058727376837
-30.65643574567624,91.35396580677615,0.009539776400083334,-30.591928758108544,91.26488863076186
-31.14865495780951,90.97047860666079,0.013171026287656606,-31.0918948356872,90.730656632111
-33.12435138066731,92.00515290298075,0.013083000201543878,-33.0767918073828,91.92116674235928
-32.60027005453351,93.96103716879321,0.013206676519729676,-32.52178402043229,93.85808945932781
-32.32760387156177,92.20691138498074,0.010745820426290947,-32.27505884362367,92.17009924393693
-32.89328968105907,92.09228419849936,0.016454129050549875,-32.73535728871019,91.97548649662896
-30.711491888481184,94.30762112549058,0.014306044291410639,-30.558700071502052,94.12192787289047
-32.72864625775983,91.17735500067839,0.018682594717727142,-32.720485696543285,90.9449319652246
-34.295550643808724,92.86694263599856,0.008254730520372709,-34.27695173529656,92.80149260206831
-33.802150212707005,90.37854903269685,0.008792199333581345,-33.73846921692373,90.37531131636702
-32.85912847530927,94.76165980799651,0.010983688694229086,-32.87862301720406,94.61781874636304
-31.524898853916685,91.73956003451362,0.009481984413563859,-31.54462013549675,91.62230106899034
-30.63149635921428,90.42047068128525,0.015448154857206213,-30.637205612453226,90.26147057879695
-31.321527722175592,90.79644810155519,0.014073024359099092,-31.205846128087114,90.67027880953172
-34.91652325931503,94.96578857773899,0.014251013793144017,-34.879589269049205,95.02878895751921
-30.783267305205975,92.2753977209223,0.012093842607633461,-30.68927256041094,92.09607217421693
-31.844080073638523,91.62560789741347,0.009425031714403263,-31.78019497633607,91.5179716787347
-32.295045942577985,90.2688219122701,0.007561456504066994,-32.255113228281196,90.1660842715856
-32.877809911562345,92.36545132986829,0.012512375978062583,-32.817037234244474,92.17009846946617
-30.583046842688006,91.77797140356743,0.014698914276528186,-30.475305987191145,91.51517161508042
-32.84472896989639,90.42013551272535,0.00965105073862563,-32.872195314312066,90.41052115639341
-31.5764665449503,90.19861898288299,0.017007208629357336,-31.552774468265977,90.01238334375573
-32.79726545037954,91.81194697027293,0.01518115422396649,-32.73486547303039,91.74879890722325
-32.70739336856712,94.74249159640436,0.007207784823692245,-32.65896693357647,94.756029655371
-31.747009791436657,94.89192556631883,0.010322485347169827,-31.702345100391693,94.86178533800518
-31.903574984570717,94.51631392339439,0.013882393257243004,-31.811638471877135,94.37268561463283
-34.089991703470794,92.51105813300401,0.012036427814141645,-34.058059231557635,92.44418192556883
-31.271946127489528,93.672201159047,0.007670539091534399,-31.18893729123817,93.60994747864773
-32.87994350780976,91.72063412841669,0.010511243194690963,-32.89162926047552,91.59390705181511
-33.639465634907346,94.25878821944058,0.012543366164449357,-33.54879632111092,94.1331918793199
-33.047176302044235,91.12071906352838,0.0159616636702366,-32.99952915166963,91.09567813114032
-31.392160699508278,90.05337093714981,0.011968308629814206,-31.372143082308614,89.83298072677415
-32.830517005222696,90.28052474690111,0.01849734743634926,-32.78300637776365,90.1260420277128
-34.82335891717751,92.25305577985671,0.010469412031939788,-34.77535033053435,92.27736754067706
-30.075077281893158,92.99834499503825,0.009276772019381596,-30.068966028525427,92.8844956942937
-31.907246963156943,93.01020194163566,0.014975772024449831,-31.85428342388187,92.90783310387187
-33.90892697702188,94.06440004220723,0.009085791924696987,-33.77482418346588,94.02550538678726
-33.75664127072133,93.27204969197331,0.008978473799803197,-33.68662074178225,93.27697131949981
-31.726215949380876,90.84496621580402,0.014665053969552212,-31.640893823760674,90.71459170894448
-30.383023773694443,94.16131279297464,0.010777709076360397,-30.366206531537966,94.0223881914838
-33.77160118368504,93.26634690359305,0.010832206470461507,-33.82864453548382,93.2385089093901
-30.396704202189536,93.11182295094726,0.015294219721901973,-30.346674006773473,92.83533802948004
-33.60397732055478,94.84888438670932,0.012805460604725262,-33.49212438123769,94.86835146376674
-30.43348060294874,94.21568242057616,0.01036088087506336,-30.331731300532407,94.12704350492434
-31.471582467216898,94.65189341071425,0.011182406965150124,-31.423428490681516,94.52618951542644
-30.55402655135603,91.56713357525423,0.0109524217776329,-30.460957267944547,91.47151891728572
-31.38409480064817,93.2757571117014,0.013443766375854527,-31.293285144593085,93.15417145047276
-33.684142084569274,94.69070052705318,0.01503474150945062,-33.63905049011414,94.65143671618432
-33.666173907185176,91.036759212043,0.016726605191191925,-33.55730168961325,90.98845355888068
-33.69695573813622,94.23556601865025,0.012753159006983964,-33.58915306486847,94.18074853742142
-34.77193929682239,91.63388909246456,0.011388573884563435,-34.734999349809655,91.63278521677162
-30.31898705313082,90.12640207670928,0.009321698034018172,-30.15854117604234,89.96286315638578
-34.19695373240044,91.1694863605988,0.011529136775062822,-34.23041147568416,91.14470725820394
-31.890128574372824,93.01237433302136,0.013481318423278911,-31.789799775960915,92.86246220486333
-30.705304290269115,90.44923744617316,0.011329511277439478,-30.6379534490367,90.35430818957235
-34.02683590412118,93.85100557813223,0.008949605942380727,-34.04638188473514,93.79996225116899
-32.07558691279566,90.06999677073996,0.008678547802152586,-32.011585687451166,89.98856314424654
-30.2203294403637,90.31630716998656,0.00979139915602028,-30.234641239685764,90.20367042140725
-30.41163540888451,94.65183319649482,0.005211502623899994,-30.380433861149427,94.49692153883025
-32.00966721103681,94.43622995643607,0.010404012561906326,-31.92947801492949,94.24854215075132
-32.430082291825656,91.38729468979854,0.01592278951360613,-32.36562893815662,91.28626144921054
-34.630030870538235,93.00364724139583,0.00678579091122617,-34.586629041592424,93.06295510368322
-33.486023697005876,93.65046922169681,0.012103849247031026,-33.37659877125696,93.59542035404398
-30.29921639485382,91.7285415756784,0.011226411377514886,-30.191243235398876,91.57847354211182
-31.80518976174858,94.17950151227895,0.014658621374841299,-31.76712834727167,93.98972907569159
-34.2294096907412,94.45530641780367,0.014963593591164724,-34.10572936570298,94.52207065130234
-34.652666868980575,92.38401957695443,0.015465894452554115,-34.603249168563885,92.38065244730603
-34.17226668085284,92.24102031628954,0.012256252859937889,-34.01470487988349,92.20207966634459
-31.385625168598906,90.7217086494005,0.012124981988506091,-31.3674693289646,90.57992483461071
-33.371279512834235,94.34222892111961,0.015134236791235402,-33.28636951015756,94.249603832185
-34.09154022594578,94.61276422271155,0.007142332162378591,-34.10101745451831,94.64800156877604
-33.50056969777131,91.23839476588125,0.009583703767814434,-33.475623520979696,91.23498176803533
-33.68324365931907,90.03352108796552,0.013825343925839182,-33.6328427879716,89.89927347199094
-30.840333663779887,94.8065054722265,0.02,-30.732891163051654,94.46345424822357
-34.809259109347266,93.60910246066736,0.01161040943481619,-34.70939353339507,93.62572627021366
-33.85749707017219,93.61355465957871,0.010034798046242004,-33.80329674225054,93.57602618796433
-31.754070377117863,93.07679252704156,0.013405073465065555,-31.749874445407556,92.94078550181548
-32.894451334469544,90.29605643402174,0.01277720177430209,-32.85948929040234,90.12419033220485
-33.02247201684688,94.15906101932084,0.01364574423356521,-33.019319916074416,94.0903348337788
-34.47985994746549,91.18761406186428,0.011367192469884144,-34.5038641332613,91.12435327512267
-31.07835642807209,94.2652622658719,0.012628884663165248,-30.977335493110417,94.18370982818499
-30.411158579974266,91.23519340185956,0.014293124508210676,-30.41845517455589,91.03681286016851
-30.397843794706233,94.48767359077682,0.013609343114833916,-30.26965860709413,94.36750435577889
-31.69146450224666,91.18707640978477,0.014007361156418178,-31.691184295038184,91.02861568937554
-31.136633595178058,94.27941392434764,0.007997253342954803,-31.046525641881935,94.21770575463971
-33.04862132778166,92.14308730370402,0.01104106550075653,-33.01652549991615,92.09302746295151
-30.490546377724357,93.23485728145975,0.013699530383786466,-30.336787801464823,93.11138774638945
-34.052345347024925,92.74432413550203,0.012133216644462805,-33.97293364825053,92.71674372431744
-30.92460527961515,93.60860075747794,0.01293788327051239,-30.81093984190619,93.41540316596301
-34.02330143011203,90.6330988446692,0.013499478589214185,-34.0000301794573,90.59188296164795
-33.64513007747987,93.62464371344522,0.009222822192076973,-33.59122546164838,93.64832545801562
-34.422550918832194,93.72033942374155,0.0068121733612981905,-34.410874026422995,93.74941535568993
-32.84074180005182,91.21680541525521,0.013172446110296093,-32.80983021396054,91.18376485717057
-33.264694105318405,92.28575141574268,0.013919343065483645,-33.13967106045373,92.22673735915448
-34.24304590718195,91.6156177033606,0.016653414402507706,-34.2750419972675,91.55196173349938
-31.776127511909262,93.83371929178003,0.011737481702725453,-31.645605912777587,93.72899119509324
-33.77702142828085,94.10541910625723,0.012803605957088845,-33.69711565136228,94.08619741032086
-34.874941793224075,92.10762723369862,0.01447688524357276,-34.86506498264255,92.08134029121936
-33.92909901562372,94.6304080531406,0.0074733872091129186,-33.99454803457197,94.57011476916529
-32.67937058910897,94.1355915903089,0.011744163558137052,-32.609631023988555,94.06958531866476
-33.24922670528236,92.80605464023101,0.014297661604153552,-33.1879525684291,92.69502518907933
-34.307936648158815,93.28684460563507,0.016200050489283902,-34.31776760811928,93.28834854451121
-34.35136430033525,93.90886555649831,0.010781410063390761,-34.316487663482604,93.96065765550463
-33.83973951359398,90.68698433360564,0.01155621974853059,-33.824139465185795,90.7445291421239
-30.353020533664978,91.23599674519056,0.006909455460891231,-30.32786439903229,91.10790435502525
-30.05620617119362,93.63381652220936,0.01336932597892366,-29.99118831891999,93.46594999838103
-34.10497817588622,93.64515526297946,0.02,-33.97885072200918,93.59314187574249
-34.97563032680988,91.3134501229237,0.011223272582205028,-34.8882782532043,91.2063408918846
-32.72474426878794,91.64484563837547,0.013969992581896983,-32.632492824025675,91.48513077465766
-34.290026978737444,91.77553748468752,0.013397877685104163,-34.26164663019969,91.74208356560071
-32.2951325037778,92.01416592359818,0.014121350635302597,-32.274866616888836,91.85898560808343
-30.605078063292062,90.46019873405685,0.014542565331978678,-30.55287829472076,90.37481102324482
-30.713931866698047,91.64095279091431,0.016475879099490345,-30.5976574321165,91.44479965819755
-33.00238645764459,90.91702137461978,0.010889016996745039,-32.97336194774144,90.8941971462119
-34.400273319872234,93.42028969685828,0.005,-34.460634494874995,93.49488970470732
-31.13926446487413,92.11306704678842,0.0113208644714632,-31.135534315499804,91.95487699677979
-30.798812590060137,90.22610571414235,0.012453209832221255,-30.758784454434892,90.11771986873927
-34.320809117825306,94.30264526804305,0.014297043902500847,-34.199816609975215,94.30677674960903
-31.080375330542182,90.18404018838199,0.009338840588232528,-31.061009637142842,90.11035652880085
-31.827552299879272,93.86834191033681,0.011776777143084281,-31.75318262406266,93.83460351040503
-31.789033647525017,94.15668659018186,0.01407086160736544,-31.739953722776363,94.0191993379615
-34.515138805091,92.24004008816244,0.010548093585203826,-34.52789987183637,92.29513295005324
-33.83717767756525,91.6995051256252,0.005,-33.84307579599088,91.60712343753495
-34.784014070981996,94.55000569035114,0.011242813670341632,-34.75841153328253,94.51999617625549
-34.59690618083292,92.22892748463654,0.008462248828567921,-34.561193855319004,92.32935347412493
-31.873167835232273,90.65617155468502,0.010110402806759936,-31.860616731427996,90.65821629755916
-34.4676017766963,94.38076446478668,0.013478999925850933,-34.3280145412412,94.46107001811352
-32.669439215254286,93.88126915578204,0.010599854675975335,-32.60477031730783,93.85629646095123
-34.13349333066775,91.92873538875783,0.017490746112198228,-34.011339040177916,91.9195561466028
-32.03243657045419,93.09097122159318,0.014073512437759795,-31.953953792185562,92.95570907796242
-30.439974583006855,90.16479676510833,0.014597883849529984,-30.3628700417218,89.99420057581858
-32.88457524923252,94.36188146735896,0.012207827889094998,-32.81425418843214,94.27088299835391
-33.395687026541374,93.60446504148764,0.009740747240280257,-33.355846690611216,93.55680702322591
-30.015255669571303,90.96611609396679,0.014285278382236467,-29.958954198039134,90.72144147171186
-32.53822202170677,94.26227149380303,0.018344996188671595,-32.357246039401424,94.09299118060592
-34.46637673867258,92.35533822359675,0.011303880002774535,-34.44376995573453,92.33650092132777
-30.561196198948647,91.59371084508622,0.01234048194675295,-30.535105987047242,91.39591611258551
-34.06579820734484,90.6025233305474,0.010888361718849953,-34.017575405993576,90.6481903486143
-33.36918577034007,91.22417331285736,0.01509836974473142,-33.309539138017485,91.27135350235334
-31.745018717505484,91.90354113381089,0.016336684635538754,-31.71627747511855,91.7085833760985
-33.885783626604024,90.88040895717813,0.009439969434889216,-33.8591064495069,90.88953445560163
-34.75790445595507,92.79472815594835,0.014434817733763575,-34.656480011208735,92.68603516396702
-31.10077201375701,93.1137630714875,0.015348241994818,-31.06917101251469,92.87407187100764
-30.960653741014625,94.1914568085149,0.010784513300210866,-30.853701134850905,94.00477257881205
-33.35246626764724,93.75490129072669,0.012722071977027329,-33.33837028326936,93.75155037201887
-32.56526563725671,93.6071173261808,0.008338035744746095,-32.611425191366486,93.66083112140146
-34.233401647891505,90.45105474209988,0.010339214317690299,-34.2487438357517,90.54523004037003
-34.66910968883557,94.73164483676116,0.005768428592550613,-34.619050849095814,94.71193922720082
-30.86925804797349,90.00439408956491,0.014203590338524415,-30.900490376583317,89.94914267280181
-31.87341891203646,92.76165025679028,0.012588892689946542,-31.825167710772885,92.6304099540694
-32.59736515039468,91.8576917926898,0.006614135032360412,-32.60497785666697,91.8938365586108
-30.57731084792709,92.77119792119399,0.011344765388694509,-30.480290148956602,92.67693663904939
-34.710132968133664,91.38609250944623,0.016658598945059194,-34.53931534554901,91.39444786857449
-32.74153712764623,90.58195538264512,0.010708397193489963,-32.638105525073996,90.56246277877051
-33.10993313237174,91.5242444019005,0.01348151324655654,-33.12859367633593,91.45163987551682
-32.588656638756426,92.249687901428,0.006444110450355304,-32.57608157154526,92.14405172398143
-34.96132284091983,93.58834584685285,0.009123136587222809,-34.89274357495489,93.58353526783783
-32.54638212038605,91.39723956033647,0.00958296239138082,-32.539773133739274,91.34208415122382
-31.374224540853792,92.23854697341795,0.010612654307531947,-31.35572955361784,92.09739980111613
-30.19125360775732,90.78170794915654,0.011241633019815497,-30.2092781961129,90.50924680359228
-34.72385677276009,92.98075067958777,0.010701238377603475,-34.71430063601308,93.04828402118831
-33.10202048434913,92.70988500076385,0.017536619903793182,-33.03274965338854,92.52234585632279
-31.893582374494013,93.86019877212395,0.01193425998786055,-31.863648761565166,93.81522535646326
-32.584518650822325,91.52896257030363,0.009134394246234995,-32.57996331920661,91.46681369653946
-32.258566137846564,90.19428665800592,0.015198992513639601,-32.20354835286892,90.0516351074919
-33.96483096174516,90.85689781440898,0.008993843153333816,-34.01179521536202,90.82575869573208
-32.91010741758116,92.63545910194273,0.011080895558981913,-32.87833181898155,92.59063290667818
-31.464715811364087,94.87937234881768,0.012585339064096512,-31.351497679597717,94.7023392434611
-30.745490300685237,90.62958745581683,0.009441373518072615,-30.699316913833933,90.58681974129907
-33.85085625402789,92.52992520680252,0.013086923079646061,-33.83766865214782,92.48534850316304
-34.71003215726749,91.9668603100988,0.010633771243128051,-34.69725910999105,92.02359451361316
-30.55134927020353,92.10809917764146,0.005,-30.472408799481233,92.01089300676246
-34.19743688406952,91.54881217466469,0.015621586784472057,-34.17752581456035,91.60345624286715
-33.355492559846944,92.69421903807499,0.012985338150978545,-33.25101948869195,92.65456381507433
-32.26907008354351,94.88979340803364,0.011625087251704944,-32.17810962489368,94.83455158576919
-31.438377249777623,91.12536061167457,0.012530159605899923,-31.415748583727048,91.04635165620303
-30.91448993531542,91.65274377881228,0.019601422471522627,-30.74628127618451,91.51405817161087
-34.99613589627057,91.57491752571414,0.010175520323183147,-34.94125545301293,91.54610738859792
-34.87698795701439,94.54999601151145,0.017844902336352147,-34.85690246386127,94.58184097848525
-32.167513643873775,90.08013869111156,0.013337316740836965,-32.07140371186993,89.89463961460494
-34.98857155950661,93.61031082674603,0.010781008213091062,-34.951151568835996,93.65653842152226
-31.48643989153896,92.35600873084061,0.010665554417950607,-31.448545201800652,92.23999489927029
-30.047283949726154,91.86067951256254,0.014461124756073519,-30.023178304810948,91.67562764028092
-31.899455520587946,93.40548928578498,0.010787989817213302,-31.778782769784538,93.39225435355989
-33.76731947235198,90.73002730740208,0.012478034082593504,-33.7456301384066,90.63459772012524
-31.082036077107578,94.26037588228401,0.017879483196814608,-30.911479248805943,94.04070394772039
-31.975785649119448,90.1367503665507,0.008955553319507587,-31.861513759471755,89.96738728962069
-32.8575684101361,91.34741766388963,0.013408245307847885,-32.831079171725634,91.22627646129746
-34.046451337348664,91.78945424303163,0.010686398962888139,-34.07030933217757,91.77223163363453
-33.9070157799536,92.71021834172817,0.014806067917425643,-33.8434220572976,92.72560777507404
-34.72694828249982,93.70460927600224,0.016151689691396687,-34.7243475165485,93.82711100547776
-34.576538926028825,90.74105513040747,0.01191112864806202,-34.52154228519596,90.78733018799288
-32.101589337667335,94.59206338373176,0.009217298090933211,-32.06436961615769,94.51006937567713
-31.766904272512885,94.63270647864478,0.008305391360624763,-31.652469682114944,94.49525393641201
-34.343316053490796,93.75265914731656,0.016511828345372362,-34.257365067302246,93.74488027010094
-32.14966679007253,92.33431628614117,0.009798082651653462,-32.18290714140042,92.23332331274653
-34.79178240418324,90.3410515875215,0.012643962707216608,-34.77795371824308,90.29701322767339
-32.84192491445777,93.54515536241404,0.013341100958845315,-32.8032478995245,93.47690103211707
-32.79860002834081,94.9299185605051,0.010036073864314494,-32.72572920325209,94.96504928640546
-31.668313471623957,92.32073963141829,0.015961961395494884,-31.61774508252656,92.15076264430809
-34.80007417097927,93.58583715596833,0.013051347112966983,-34.7879844716006,93.62225738609264
-32.31320497052643,92.62841504045454,0.008545033516557004,-32.303680293789824,92.64341155250808
-34.88694552327164,94.90312826645271,0.010661685995992569,-34.82463941289279,94.80851839467206
-32.78895933610911,94.18914454661197,0.009375049746919804,-32.77835263295251,94.10781404480643
-31.974798475861288,90.2037485637584,0.016476107377916917,-31.902484915409904,89.98985658123961
-31.60281515321854,90.12006338943868,0.009997407662463351,-31.60158638008408,89.95349963613441
-30.767425460336458,91.42919121014928,0.008842527861424861,-30.72310230057634,91.32573903475416
-33.520934994957976,90.78494572630122,0.015418750852820922,-33.443201283369305,90.7639043641079
-33.46251036426029,94.31140638445837,0.012432133578246032,-33.31385418539486,94.15018183708105
-33.135211542329436,94.11869240934678,0.007337067572457804,-33.17267556725967,94.08361003496307
-33.596330260882446,92.97910623065067,0.008371967021307583,-33.597554333820284,92.91100109147862
-31.68080314769441,90.36319003469464,0.013531392038616537,-31.63049477253414,90.1817928050106
-34.60341304776766,93.98253395081956,0.006780244399392667,-34.521250786817845,93.9981543520467
-32.42026681956132,93.56269104586634,0.012428863518250472,-32.33538492870768,93.42646259171143
-30.10986249573291,93.89179409177717,0.013862296865883469,-30.00546949534844,93.72823181987184
-30.441631087314224,90.64240047543288,0.010589186320746726,-30.372726906826824,90.42552109799352
-32.82076789997437,93.1238248943323,0.010790940470408048,-32.71900966751906,93.01069839735412
-31.905548119231696,90.42518711236754,0.012021230767651341,-31.89062367258774,90.30318771511014
-30.421483587453046,91.78750812353866,0.009253412434214802,-30.35729061706232,91.67183778488277
-31.727346275907138,90.5924562814206,0.014029910755133804,-31.66356705852392,90.46983377649268
-31.210397313403675,92.9426542822026,0.006553534130225005,-31.11332588539277,92.93093496433417
-31.86649242878055,93.89065346087862,0.014032454703386533,-31.84526495246731,93.72545585443262
-30.380721100523594,94.45490611942921,0.011761964014522591,-30.31702484630578,94.23502795658905
-32.2955739880374,94.83210334771876,0.017043457232580134,-32.285509428411395,94.6579493202822
-30.528400831811823,90.5657849982798,0.013704225689196367,-30.47128876485578,90.40029678486819
-33.115322719530454,94.92564796822569,0.01101714196615834,-33.0905203769383,94.86111753083262
-30.067974253765552,94.7099799477436,0.007713114882748014,-30.006706654906683,94.62676729450169
-31.563129012451753,94.9552786801135,0.01419272070960012,-31.450523739137825,94.82016745907582
-33.96623845203144,94.70857561156933,0.007009032666563958,-33.937725501314674,94.74737315981253
-31.53184269835791,91.82045639015315,0.011535780503190351,-31.46943820023961,91.74684932483332
-32.86658031138135,90.79349957337661,0.01657128606713404,-32.83940980790982,90.70452362652935
-34.86155923676328,90.53789354606954,0.009580134951752261,-34.84017204748674,90.45121042934981
-30.092949769847735,93.51767558569665,0.011669098270340487,-30.076216466704004,93.40079052643883
-34.34364728265496,93.35724898156886,0.011620685663060418,-34.25923895490149,93.40231157102775
-31.328119603409,94.29013934748525,0.006948312393080989,-31.324523616451746,94.26354620141382
-32.853307955695726,90.32949418225877,0.0059542215736326015,-32.86624035776368,90.31110351629863
-30.240082740711102,93.04149123532125,0.007684572305407181,-30.234693476785257,92.97434144481274
-32.34586935891744,90.74472531511543,0.01191454519057774,-32.3337404141808,90.6683380147194
-31.446261562950877,93.29519872411014,0.011223200669579662,-31.287034921364267,93.19846915407447
-34.08791887755828,94.05877690901463,0.010150764884318726,-33.99160027329418,93.98071891674705
-33.92689251848999,92.587175809085,0.01488636718318585,-33.908497507080384,92.55389368045171
-31.593096531636952,93.02566072977966,0.017447129481204755,-31.50412850689667,92.78833670037376
-33.07542232302644,92.07397973065505,0.01385236300493785,-33.090356224050126,91.99681385558031
-31.01959239567414,92.2669010251451,0.01437342035491946,-30.91238749644436,92.09693501412072
-31.963050455150167,92.96533265930762,0.008780538510467012,-31.944133593835843,92.8715647650609
-32.50211104100474,90.20193050038004,0.015116530444923053,-32.456055829620055,90.1468200685716
-33.237309647409205,91.99105071202098,0.015675017354663385,-33.16997808089953,91.86223017527415
-32.635100532667096,94.51849498152271,0.008032306951770868,-32.62094861492018,94.44119043943132
-32.152148278615094,90.26637599854014,0.009959695442032571,-32.091023313164,90.21482300170723
-31.80509456047149,91.7992455455254,0.015454270325322653,-31.796215202957647,91.59968600604309
-33.214951027088425,93.64590608349557,0.009411900883394476,-33.190694248675086,93.58486792220312
-33.309511987548994,90.6034486979399,0.013920541846333038,-33.27832762248123,90.58309532914967
-34.42875514755408,91.8374815588482,0.016546140430460786,-34.38012886373709,91.78633194218204
-31.829847360336,93.35807389041182,0.013269624546465032,-31.77095770546359,93.24240078309899
-30.90364350108377,92.94990588015952,0.014314027176466706,-30.868610171799926,92.71049327172783
-32.79783294488756,91.05873209399908,0.016127809643596447,-32.79520645395091,90.83663743544906
-33.45681461193088,94.26741071392202,0.012198892413416644,-33.33298425317479,94.35173641423313
-31.600712992082,93.6141944441808,0.009432627412680203,-31.581639269726903,93.47215380684311
-33.50487756913038,94.76227123356422,0.012517655404662738,-33.398345293196904,94.75456017464258
-33.77063649028483,90.49132946412799,0.013694316506977893,-33.72632180742357,90.40832993547895
-30.322974370396413,93.77114266425588,0.012271447144507452,-30.2603291699318,93.63639112777697
-31.058267641795588,94.99202591646238,0.013864099004024471,-30.881046336658226,94.80807761219465
-34.42372223303351,93.37765177274727,0.014285438961662004,-34.373499230648,93.38486513224261
-32.0731875877391,91.92453039704189,0.013857067654494945,-31.976899303216857,91.85860978677673
-30.03566746187228,91.82306990075291,0.015354629965183737,-29.995466031506606,91.6288009862949
-34.5399896298262,94.84300048669576,0.009978251458751197,-34.454332434641444,94.79546527207839
-33.09196787770525,94.59760444888369,0.017277702477905596,-33.02029762681156,94.49675836336786
-33.684780650462606,92.97207651061814,0.01154889111763066,-33.55047431868876,92.84448874041672
-34.197738800683624,90.84416357224421,0.01639118155824812,-34.07958801354148,90.82645413760046
-30.29443320067078,91.42582554020532,0.011780059571387658,-30.218642946463692,91.24378996549588
-32.993628250813885,91.54911482893284,0.014114605026739538,-32.96634119436851,91.53853656945864
-30.344433040556147,93.68387863771684,0.01080839043034898,-30.240988379687863,93.62270836866453
-30.42907128620832,92.57498414131821,0.009204163754267592,-30.34857490660265,92.47044431709661
-34.340394574209704,90.98791030679946,0.009752133411229411,-34.29944593135529,90.98294361497607
-34.179648753066346,91.37502640616586,0.014663244658431916,-34.15820490230093,91.30484733293072
-34.377205389666145,93.45430610811783,0.013269031786011257,-34.33794081693479,93.46641833418538
-31.841396823241183,94.7396740537369,0.0075703311954673815,-31.804605645396975,94.7149343758333
-32.94511845647527,94.71135687765471,0.015224657289437619,-32.80768268611928,94.67507183722093
-32.9819603154883,94.81358125299425,0.00974734888424496,-32.96845538096695,94.69547753485443
-30.833145635865776,91.50729854255435,0.01051694073141832,-30.746774952677804,91.37295987047159
-32.93846763265862,92.65066072547498,0.009107380210555724,-32.845202700526805,92.63100870796083
-33.84386435482118,92.8774392933453,0.00903488561186763,-33.80485184922364,92.82949918704415
-31.948445948892775,92.70919061543303,0.010587776990272408,-31.910125412779298,92.71897500432408
-34.920803073835295,91.7302344018306,0.009352438570304747,-34.85120155666939,91.69692416104628
-30.163180609055885,90.33483262638343,0.013802342355812498,-30.151184290562096,90.13036610435626
-30.286170699628777,90.83333636534239,0.010343817330300415,-30.213649721817735,90.77773761242179
-34.25053243361081,93.89388095529485,0.01440347867181408,-34.15365834014299,93.9700658705527
-33.610490854215925,94.77459346780903,0.009788595142521206,-33.51997511663721,94.76474575122583
-31.73818299051169,90.18264120917725,0.01503556612222967,-31.681789402014733,90.1225643836843
-32.86016639136291,91.74164563905367,0.011699368985489832,-32.846748690235344,91.62232094450277
-34.72161525582644,93.97081655873606,0.007236952033679598,-34.71623260244487,93.94476981827675
-31.792447645816466,91.38580994299441,0.013429188129853437,-31.664193947944813,91.2989339483131
-34.44573316944132,93.24324855704062,0.012391815317256683,-34.41971410331745,93.19649886450256
-32.985497335653555,94.49011276062737,0.009069113199326469,-32.9328995858568,94.43629885716575
-31.542002942833246,90.97180965657664,0.015897191851640218,-31.51364988108636,90.79455216728368
-34.20090183282997,93.67054069461993,0.008875277423430389,-34.14522852185738,93.58498663998822
-33.95487695791205,91.40451322931729,0.01613721970391077,-33.90431618539831,91.3648395090608
-32.13456368658721,94.72900927126845,0.007235458212426851,-32.09238095017038,94.69179059161333
-34.79903442954999,94.47461552026165,0.011009538094334937,-34.74515614303177,94.49027948613383
-32.56903654872799,94.36547402513563,0.008151466433718564,-32.60711190737418,94.33845343293116
-32.92196561680956,94.3761457696856,0.010346264208950488,-32.891117918005115,94.25343388653162
-34.682652785508104,91.4198283695534,0.010823992559511086,-34.757208709157794,91.4433112150727
-32.41963799977239,93.1406717330002,0.01469554612975423,-32.404434086170454,93.05743703957593
-31.089854603346694,90.82178551185463,0.013662651090264582,-30.95769678949594,90.74062941481485
-31.301211625833364,90.93191148343348,0.009423158349459402,-31.276674353231915,90.84971670238994
-33.2883722608518,93.73895588096488,0.010870004629440193,-33.127994992824426,93.71210296048308
-30.49192425111538,92.7739122883701,0.009473464622916414,-30.422998343760987,92.6275618938778
-31.078067014795174,92.39746111013226,0.016676429392161147,-31.053491833323857,92.15257903762097
-32.57110002952358,94.17409341322457,0.014111289434478872,-32.468378543354106,93.99039697767141
-34.1885222425382,93.09218474829424,0.014327936997675199,-34.1333956452439,93.0322733504025
-34.58066065528378,92.10615022968798,0.013252194180119251,-34.58849232777496,91.96854431299717
-30.454789327409244,92.64466780237171,0.011708642559875297,-30.484604148414803,92.44201122919046
-30.54359097784127,92.71104206111191,0.013898166079177179,-30.496402048546614,92.46999638450407
-30.65024874950895,94.51649709635899,0.01789180236193974,-30.566363837445408,94.26683059693129
-32.27019355788507,92.46127915373202,0.008872441703935679,-32.28346364710625,92.41950188874361
-31.5245433068677,91.94822371818717,0.01350295869200604,-31.401150466948927,91.77976828906255
-32.84965528817506,94.56600084050476,0.015267858633128812,-32.82158029664805,94.5242397202976
-32.460865131787045,93.7168669190989,0.01199112660411915,-32.4257349801356,93.67769059522924
-31.57562887968737,93.5586344633081,0.007580864622935552,-31.606678907729542,93.44903915426632
-33.6358576169683,92.5676058444667,0.009344151585631733,-33.627051861116776,92.55680714650492
-32.126299900383415,93.37798786920483,0.013384217659495181,-32.08396902042021,93.15622319716763
-32.28474214153505,94.30981985296467,0.009386030861061932,-32.22299549190144,94.25904012616179
-33.55675610385709,91.6420090488072,0.0143203760545964,-33.58263514232122,91.50229421183907
-30.018026733717022,90.31682319455297,0.01579973111137888,-29.96789866502832,90.10930057644414
-34.14796104771655,90.20305955462337,0.01448015328171538,-34.163826355324396,90.20049189627467
-33.674264671361236,94.42600756782562,0.011672457087240856,-33.62933090859743,94.3573295566297
-33.44344264232295,92.53428294011438,0.010420101190524514,-33.34822564850523,92.50296162140938
-32.84367990648692,90.07154224841248,0.011173959713547149,-32.746578005119346,90.05049037940397
-31.753657273251164,92.2800989096235,0.008717311347950053,-31.746451869675262,92.24938212106498
-30.905191352003257,90.38792466833561,0.016264095893066134,-30.839459843258272,90.16172071993898
-31.11529096954019,92.95313373465764,0.011187487962829841,-31.065413616884275,92.8266841505779
-32.44832819205364,91.08802654999508,0.013675537137214927,-32.393354247473795,91.03302299964443
-32.34952067822156,90.09668368628928,0.015087135096588688,-32.23903928096464,89.95029505785483
-30.92985162300747,92.44852892733272,0.013525486859845039,-30.749795866335482,92.28404503352586
-34.552646585799906,91.17816002181976,0.014147603648904942,-34.556002447027275,91.21338113704391
-30.489112177021312,91.45212395049168,0.009526752345945948,-30.446591578379273,91.33048226157456
-34.552970605974096,93.7098487802678,0.00834446877409114,-34.53439132822156,93.56778488952327
-31.380306205468948,93.10426911654447,0.010612407213916718,-31.299459865754944,93.04279837692263
-34.63582219121176,90.05045926791118,0.013155176726730177,-34.638372372655944,90.00562387557848
-33.05130470342414,91.30498068731181,0.009988621728685487,-32.95642370549195,91.2788998769795
-32.440667974015355,90.98669450167971,0.014535261921261906,-32.424637816302166,90.92139190174066
-31.680008920697937,93.28512339105423,0.008164465636091767,-31.652403308419977,93.2901154378426
-31.076779846804413,93.17505307789607,0.007635478176507387,-31.037531567588893,92.9902308325258
-31.429050251273043,91.28712768821725,0.010562150474242618,-31.410145035695454,91.18364481411096
-31.75448490404762,92.4655548695882,0.011663902965355752,-31.718564774007152,92.36490092321414
-30.37022248004623,94.82153752131063,0.01321248215094225,-30.33305356780822,94.6124662478481
-33.569023980079685,90.30630049833296,0.013183587696451195,-33.59950379151262,90.28811175785249
-31.98701693115286,91.48526776812942,0.011103305000294834,-31.91165678957824,91.3987728580521
-30.219859810882046,93.37554162561591,0.013672412933824882,-30.133994896771608,93.16105798840942
-30.460253146846018,93.90412986052584,0.012119682683645579,-30.34093635021023,93.69648012336607
-33.76853282909009,93.63206482289887,0.015444346141411045,-33.66292608806623,93.60150263354875
-31.60567951733675,93.97858582637717,0.014457013333705086,-31.49166172084469,93.76549984357868
-32.848481020788356,92.9095588929804,0.009051024024203198,-32.791267145648746,92.82970302552177
-31.95097834705894,94.00373515819977,0.010181185474576955,-31.94332880066524,93.85490685646693
-32.034332200270825,92.27084433211901,0.012442484703413179,-31.950674498468228,92.18835150232941
-31.434689519579894,91.13880031554059,0.005,-31.397684480174462,90.98587645695758
-31.319249008708102,90.58070877066228,0.009623387928384476,-31.294628197077103,90.42714315020224
-34.16805645570763,90.28384501741829,0.014409028292555852,-34.150726334654884,90.29768715641652
-30.009586077766716,90.47745180423655,0.017398205462039153,-29.898801331405867,90.22740241157716
-30.905492592851683,91.4217674555072,0.012699071189453855,-30.798241854187932,91.31194689099185
-34.26465988221711,90.39113380304937,0.014958579185138116,-34.28924033356023,90.30642594029156
-30.87473431940439,94.9928065773874,0.012719734162816656,-30.76332110151206,94.96765078353316
-31.262065186808066,90.29522816850934,0.00972684976510725,-31.2606731163241,90.12709593373484
-33.65757159141199,90.18871712572803,0.009321213293003876,-33.65852872928932,90.15002991480122
-34.394833975711805,93.85266908551066,0.007580304961753009,-34.349951974714216,93.82326133110696
-30.986684350666977,92.1903575785476,0.006130220969076612,-30.965099972678786,91.99500691977372
-30.345319393691895,92.63631094320121,0.012541258566229768,-30.228454863417685,92.39269504859995
-32.40239328009413,94.47138340528602,0.011754550739294599,-32.34152390948519,94.3629505468912
-32.75813767587118,90.1599278879747,0.011907502940112988,-32.7648624079814,90.07519219034616
-31.551502884313162,91.62425115409295,0.01446112751859931,-31.54969088395316,91.50131010387241
-33.34246086780965,90.00959842814898,0.013175838344579973,-33.272509934898935,89.86833734854908
-32.43811314452212,93.70217703263546,0.009715383236538165,-32.313226339929514,93.5793305531128
-33.97408871232471,90.17541210434553,0.007182726956535041,-33.91545750764334,90.23411425814898
-32.92604777327901,91.97720844509811,0.011861248138464888,-32.88204039048808,91.90412971453682
-30.195411175371785,93.20755214030564,0.006009869492119993,-30.1266051743916,93.15188106176313
-31.94311511055953,94.78529170360757,0.012191722993944996,-31.882841190599464,94.67524420618334
-33.46916642861521,93.47512838617166,0.008794464127541566,-33.41522227874103,93.42710331895023
-33.76336020328383,94.05738125833086,0.010460458122970081,-33.77046942187769,94.00401059264252
-30.23109479489915,92.91257742493607,0.01061650421942833,-30.133327327869818,92.6589089095954
-32.30742783242162,93.88675998997718,0.016963399421331123,-32.216839616399895,93.78815727564157
-30.03468663909736,91.71666190687404,0.012462870589866266,-29.97338030491312,91.52958793270828
-31.41630687642873,91.51057173016916,0.013601820901102096,-31.354744795328877,91.37196822551851
-33.960961873741326,90.08128629227961,0.01192285645849847,-33.88912320387044,90.0868336928579
-30.054202878948203,92.3832292137428,0.008800686522779462,-29.86895132353507,92.32052401902892
-34.54140353925027,93.44704872682813,0.01164148042487818,-34.51914787641016,93.46742207361866
-31.88340585901461,91.6100568135361,0.014255865684495234,-31.77982972157063,91.47731844731585
-34.77989304687451,92.25907318390797,0.012000899583275016,-34.70116627919133,92.21883224687866
-30.991506075414076,92.44868944559369,0.013720207866376856,-30.890140325524612,92.2039132448741
-30.778970227378935,91.34891391637487,0.00905019388673749,-30.69337214636674,91.2086961820888
-32.209373869340965,94.18098986307882,0.010855948441383493,-32.110367544014125,94.17967760348166
-32.92288549172864,92.18303263237684,0.009072799463782765,-32.849137525980325,92.20527190438773
-32.9194455498742,90.4067046117574,0.011677651621950186,-32.80999893321099,90.32163310487398
-33.257416726511636,92.65362048090849,0.015994771615498414,-33.23263922840697,92.43130779788152
-34.04866374547787,90.79887049014756,0.011124550712757997,-34.04037195660693,90.70490600352686
-32.818493486696156,93.62322315048095,0.013409506858184714,-32.778002129279315,93.61982557277693
-30.554651404962048,90.01046778766954,0.01041134843877053,-30.4970471944296,89.96654713028882
-31.263135626282587,90.91320948302354,0.008557825404079388,-31.21687336576526,90.76337688433686
-34.416330477986925,91.95717638423929,0.015403402628792386,-34.30433141565461,91.84899067075413
-32.165438449473506,94.73474937922008,0.012179074148949193,-32.05212608471494,94.63667793458431
-31.444679835524568,92.64713094918682,0.011180148760396759,-31.40978459106379,92.61313588458663
-34.59203554523667,93.24382506882846,0.016311920417289325,-34.488886724837506,93.21914292330128
-34.325535087330714,90.22800413173827,0.013044394342139625,-34.307011297529705,90.17637870848046
-30.77484950240222,90.96231205662292,0.011685240785518965,-30.73743281227359,90.77927396277616
-31.58636144867593,92.19305310488221,0.016509681468826455,-31.513582650633875,92.10590316971226
-30.293267245286557,90.73163289012953,0.010872095532378247,-30.313513859908294,90.51946025231429
-34.555549002090245,91.35283335089272,0.012736029686755235,-34.48208357724119,91.42741210896433
-32.4903709875369,93.44940885982024,0.016054980808334857,-32.43794685754372,93.34515977014871
-33.30891069340826,90.18441192567539,0.015842231575507827,-33.25653244285215,90.01469073548745
-30.549358891755837,92.15795595860605,0.014730860688930989,-30.467377970275063,92.05966114839082
-31.35515023515765,92.5584134087342,0.012113382162711633,-31.30231527095154,92.54833752719989
-32.17634726574032,90.92264769096471,0.013869864560161618,-32.107361243185096,90.81722569320344
-33.86317286973175,90.14510534924285,0.011804180201000799,-33.79299751306958,90.11409899582992
-34.5716021382487,93.18436936350923,0.01032203036683242,-34.50247588306534,93.26603099530298
-34.715772052036336,94.09644216900392,0.01294179189599065,-34.68217401382771,94.12437159553258
-31.76698815672849,94.94305398331618,0.01263489533216676,-31.63804014812638,94.84490017981551
-30.803068367278495,91.61971201443474,0.009814336439580126,-30.785340574218786,91.50585722782982
-30.282886742692025,94.68579616467831,0.010487698790471728,-30.27358358718706,94.51713480444062
-33.66822254905924,92.24358064452039,0.011303611402951448,-33.62931103710438,92.21485122911896
-32.434518555531625,91.06434206117775,0.011325555492666955,-32.42536283577697,90.95059268467732
-34.95691920481574,93.45513150365205,0.013859484972884554,-34.89723559214985,93.47881402924374
-32.50204075955831,90.83232944435865,0.016920516909001745,-32.47196538695074,90.68686748521851
-34.00177543505885,91.00317841265941,0.010504776905990318,-33.96014732481027,91.01187529825147
-34.60937241089907,93.78867063175875,0.006020595048534624,-34.638009042415334,93.8128626263896
-30.19846068364948,92.8877624757953,0.014034449559103171,-30.15347319983109,92.7144568241012
-32.34818807308035,91.79867755866773,0.010970282393092619,-32.33327359304084,91.7369489365821
-32.08707380864379,92.85236144269149,0.013921263016448077,-32.03551422692141,92.7815205363934
-30.0277072155177,93.27715439305436,0.010644523083111677,-29.9538071448901,93.16604088775966
-33.82203360835025,93.95071201906292,0.015601214869471632,-33.707104595797055,93.88583287479427
-33.50828718419591,90.74099727924602,0.00974742571482108,-33.48218151600123,90.71961895327706
-32.64092649629383,90.24378315199117,0.015983750891992485,-32.67986380903354,90.05972677961759
-32.403359114035716,91.96619212238195,0.016784144058036743,-32.358267215298476,91.84563171416004
-33.264376240067335,92.57568639161431,0.007561899748361118,-33.22799494727698,92.59445485665765
-33.1919146112047,91.06318796809761,0.01250063412195471,-33.218720498659955,91.02043356462548
-31.30938777830052,93.52648221694974,0.01581808731332728,-31.215922823426276,93.3582089041131
-32.23863519271105,92.04135949465976,0.015617995199316158,-32.2068829278552,91.86456065016664
-32.318900617255004,93.0163787703583,0.012450229309902467,-32.27469261747263,92.96240354937974
-34.31992221861538,91.38308711357625,0.009367188013275188,-34.31749981383132,91.32206572585201
-31.239339797758916,90.57149057869339,0.011016012965545914,-31.188838197837182,90.4497241808697
-34.45711875917683,92.42432840212263,0.01184486077854338,-34.47315377892205,92.34391596419384
-30.716448572936464,91.93355970522681,0.01182995877760514,-30.699980140183847,91.75921133123235
-34.596908267472465,91.32284723398129,0.01352241820942051,-34.540636736651784,91.25377743596198
-33.956187646967294,92.91001791591005,0.009855116846571844,-33.90329174061358,92.9560176830808
-34.479458544238845,91.44636517088061,0.010957941635277963,-34.42421633833631,91.37820643683222
-32.28075453592918,94.31869974601393,0.009822951605694599,-32.21650909989457,94.23788543501169
-34.234499270267,93.40932723064209,0.010268943206519485,-34.19989068901645,93.4547433752332
-33.05158414109581,90.14879516638646,0.014205530764490283,-33.034408886053924,90.1215512256713
-32.61528452591669,90.61495077503243,0.010175025090048877,-32.56503830216253,90.49817002937445
-33.18558417418118,94.58071780763187,0.008310255300145382,-33.13843390184696,94.42853516597478
-33.491322075275626,90.98342081087851,0.014871554601896013,-33.48367660083904,90.86287013462793
-30.337589280748723,93.90194556491721,0.008762996169527077,-30.230820442447644,93.76811900314291
-31.775221628349463,94.88673257508165,0.006890639778646242,-31.69513436137662,94.85794785074788
-31.856504504648232,90.72701326708513,0.006954581498231035,-31.7416315742267,90.64332015818894
-30.82414173961159,91.35995386983484,0.010607282346269216,-30.75753644795584,91.28807758897536
-33.55549800387349,94.67640659974249,0.012087560359980078,-33.507671869614,94.60730671511894
-34.74794054397927,94.32364055759832,0.012887741589603059,-34.688208551799995,94.32328224478147
-30.86885596957185,93.49064295769313,0.013582578314163866,-30.78798962295093,93.36879251351824
-31.290021539934315,94.23602630615315,0.007642847031699017,-31.240870796512677,94.09251888418288
-33.27841580987787,94.76409118203665,0.01424799048232543,-33.17382693320189,94.68437620743508
-31.027363353083295,93.02962237713065,0.007880282402056838,-30.99805441787806,92.80952438723052
-33.39330791459852,93.97331627886817,0.010905690838829443,-33.29052543345632,93.88892988099147
-33.821942066033884,93.24863151321838,0.009795719488035244,-33.77033537448595,93.2680601322288
-34.005073137147626,90.48557731678636,0.01483230257685661,-34.00126207193134,90.34823013765829
-30.986553572918737,93.96075420651104,0.01429739797563012,-30.89105333494707,93.78739221608129
-33.75642923665849,91.99580614443376,0.014115517154491455,-33.72669489786249,92.04074157446415
-33.81836880131269,91.174980525885,0.010948366803051496,-33.7671374125455,91.15233768518031
-32.78522513129865,94.79696287614695,0.014111357743551625,-32.7125149468047,94.7177700147438
-31.392586556637117,93.45877525122475,0.015425231442156613,-31.274207151380338,93.29809975905798
-32.70250981899003,91.99007236287477,0.009898855067166193,-32.60047772500511,91.9165894931946
-31.27763360875529,91.4088467231992,0.013053183434423812,-31.24369772711705,91.26444133019075
-32.092343661438555,91.40709354240545,0.010901467461738845,-32.14207854795631,91.41319788033263
-32.0733120093076,90.99081747960936,0.01687118181161466,-32.031299819035766,90.84409666001255
-33.98308565974422,93.36793830656006,0.010162268210826662,-33.99932751499269,93.34910053778371
-33.10622395348722,91.8517863637621,0.015418965032377357,-33.046988562315335,91.77338822660975
-34.66252200208499,91.62565104571324,0.011314623529262012,-34.61047584191948,91.64286123013667
-31.51371349713456,92.60659940613078,0.015434742732004767,-31.449663140765804,92.37497109324279
-34.98449026434321,91.6171164693354,0.008263345513652568,-34.92818618155631,91.74474210832784
-33.84323456854083,92.02709336443662,0.01238627629353016,-33.80170946099851,92.066507328971
-30.249420814066525,94.3335691795869,0.01006578141219468,-30.160450294063686,94.17148315591952
-31.0309678720515,90.91661575690586,0.013678843832732249,-30.998618331859443,90.7484072860495
-34.36542824563668,90.91240567057942,0.018963944739588005,-34.33624736707001,90.90362097736038
-34.611053819200805,93.67582446429572,0.014332222335700116,-34.513958134827845,93.65388647822455
-34.8201023437967,94.9611299635766,0.013785167808530101,-34.69950075737861,94.99119843859569
-34.036057602790336,93.59526988681607,0.013356481629890133,-33.91478234398643,93.47126971322271
-30.41475004463162,91.25975353258337,0.012850051276454789,-30.4207048103598,91.13381259053484
-31.53650687169927,90.57963508096914,0.013194051255697756,-31.47187215046376,90.4646598222607
-31.50068828435997,90.84943321505875,0.010343705463360726,-31.45053490223626,90.7020793510415
-33.03329265189037,90.55228762606866,0.011161356768850739,-32.954600668669684,90.49875373509786
-34.366929856995284,92.60655016629678,0.01080151024776594,-34.33744484431597,92.58139689166464
-34.33450059661893,92.33567378413586,0.009102257822374482,-34.24819638151785,92.24423994815744
-30.145251927931408,92.7362605068974,0.013808117665064156,-30.07893516980704,92.49458231159647
-31.165179273678895,90.73369984209461,0.016862173051236114,-31.155268849297066,90.5475370011966
-31.650910152484744,91.55283566413053,0.014763959002950232,-31.539091413061495,91.40540915785465
-32.52485970422064,93.09451762134954,0.015003063686472043,-32.48861369275748,92.96937042384587
-34.762135305245856,94.17446367634842,0.013642383682121176,-34.71529699910168,94.13871892766844
-33.1787601395331,91.85494490290998,0.011104848328210657,-33.17973964946167,91.69580586868071
-33.43406015459283,91.12870725929336,0.008592490597255729,-33.37902230180151,91.01918101275783
-34.25476949592113,92.49488423051622,0.010575007195374556,-34.14165151744062,92.49024495329564
-33.44474722266961,94.7163544288297,0.009641512229366782,-33.419525781445266,94.71385704264836
-34.55773570092654,92.16239152380136,0.009112547901647963,-34.54083491141082,92.1731003853825
-34.761718497553005,92.70707110127789,0.013461468249195543,-34.77336874057527,92.67538353301538
-30.18124995518549,94.74371967537962,0.014453303283798957,-30.043417780401025,94.49078578112561
-30.49742292446549,94.2490071795371,0.010667388306380544,-30.42314615443292,94.20979456726164
-34.97885097726882,94.42127107737126,0.015888673333613407,-34.94284242531227,94.5560756631423
-32.3863706862638,93.19203107389552,0.012569590538520862,-32.331946396666225,93.16318607324929
-31.499299000072163,93.56408439463738,0.009489285397537973,-31.429544207038706,93.47827921747212
-32.356340870165575,91.57625997181123,0.019328945096859767,-32.257263378682026,91.43913198895845
-30.171214600428147,94.96998740526915,0.009774709109335769,-30.11721111329831,94.82133724819695
-34.69988648673841,90.05770219467922,0.011092051450598136,-34.67530122623357,90.08834950577892
-33.32420698093032,92.51707423144491,0.012331024731244877,-33.24347815324764,92.44859886422888
-34.42971715281892,93.91878584452354,0.010285031370925606,-34.42411799059541,93.815370206392
-33.66402896852436,90.17836548008478,0.006772125234020259,-33.65201513364212,90.1870808901296
-33.709310437201104,90.6109324688368,0.012048231344362573,-33.640539801740125,90.62247824255577
-30.371902505465638,90.33758748842509,0.017055954432289116,-30.275564326132628,90.13555593967777
-32.221411745807316,91.06345976468657,0.007672329948498392,-32.28437707955931,91.02980266921888
-33.09037933956191,91.07750966111675,0.010343291898588129,-33.091125227649336,91.07519231484737
-33.5615416622219,92.09924080882404,0.01464690813334777,-33.514479631398174,92.05469833112821
-34.98543598042244,90.14307824152522,0.01045046287311797,-34.94435613342112,90.18236877444791
-33.92620163792565,90.29959362035544,0.012126475596476257,-33.93875562751224,90.25740986420051
-34.24829833685499,90.75546782714228,0.009996755213947679,-34.23150170969817,90.70267241412944
-31.2286830967629,94.94665933909017,0.014221337522877282,-31.157235910586746,94.77613603736613
-31.597704461318948,94.20525713388619,0.015442514343220182,-31.45842590890628,94.05276575494639
-32.36688477440615,91.6729325268064,0.016627993551063643,-32.28774126014726,91.52384308654811
-32.60746908158491,93.75577797995555,0.01658377955146481,-32.566404336197145,93.57149643880358
-31.410427539883816,92.7844688738465,0.015738653276196637,-31.334876426371377,92.65008023656056
-30.284634713541855,93.95920204908936,0.009224576059165546,-30.21316318187225,93.75833369220112
-34.831932185027206,93.24795297811814,0.01339198050347684,-34.764220803241585,93.32390128314478
-31.581290394091486,93.95871498258387,0.00976646161024436,-31.47464025133012,93.77205768370341
-32.846777032799125,94.57945886250829,0.007829665446633435,-32.74509689760418,94.51398394809246
-31.96120258384558,93.69486519133304,0.012872448538609436,-31.865046906617398,93.54088924941668
-30.925327007009034,94.7962707249379,0.01871914806461305,-30.769402279011217,94.52919901048215
-33.920904872046364,94.47901829467487,0.009801914144193232,-33.943159756910966,94.45637343754956
-30.577882689162337,93.33668039987255,0.01180089553615965,-30.5670611029293,93.23688883425217
-33.24853995425581,91.08269139059449,0.016803389782339296,-33.13000646377932,90.97383474683352
-30.266251012698426,92.53510479510136,0.01624929680604123,-30.152081217242237,92.26305739590562
-34.80582483627526,94.9236465880035,0.01455321562922653,-34.64723216545382,94.89985968362599
-33.028577536101245,93.87128904432407,0.011826423696115503,-33.022616547753664,93.80210517652453
-34.858121097496806,90.48191754575275,0.009739399877167567,-34.84623572465124,90.44283634240323
-33.55502986810397,93.63924132918105,0.014560139236290556,-33.48506277297219,93.653946857385
-32.27381243890215,92.82695701749104,0.009333935592187205,-32.27513765296661,92.71070514940706
-34.06377567398707,94.69901990764104,0.008106952446769858,-34.027291402424304,94.71124968758143
-32.80219475061979,90.89459451102586,0.014871414204871522,-32.77799944534983,90.78900582474587
-31.226470910245293,92.78358228136089,0.010507932111190983,-31.18793766701344,92.59265405832922
-33.85206028811589,93.73747022131326,0.010084324801346337,-33.79142248526477,93.75175246391233
-33.129271541334695,91.0829133303402,0.011277876725857157,-33.129649858673595,90.9999498040693
-34.97314350992752,91.3031488779917,0.011307763468152125,-34.96693474323565,91.2533894381512
-34.08617482284043,93.40651174426552,0.015460003770022235,-34.07731997505198,93.37150517748772
-34.96384242784649,91.27343305354631,0.014576199457078203,-34.954327421241935,91.33214757688476
-34.03698092951416,90.08917006455738,0.007959054047753612,-34.04000462229553,90.08146381407988
-31.19137582246252,91.56059592078907,0.005963552452149264,-31.191293063931344,91.6039163205478
-31.079294862194548,90.22526895418865,0.005,-31.033326898565072,90.11997766972819
-33.75009493028203,91.32531503285851,0.01301504322748612,-33.72334990205407,91.21414742736683
-30.798363252566176,93.15833826944338,0.011595405452622297,-30.664366928149807,93.02647531516395
-32.342564729773805,94.7369839314543,0.013302435368835547,-32.245005153009046,94.65927397252275
-30.931864286986976,93.97466544158173,0.008467058591533766,-30.835230311342375,93.90005552173508
-33.06265353211917,90.08954938326235,0.013612372639086675,-33.02364863657472,90.0556801310316
-34.50205733930567,93.99895109310165,0.013177030796909083,-34.44953078330619,93.93486804992412
-33.76297503169606,92.77977084325677,0.011609061341744381,-33.71240903419501,92.67844499516822
-30.250172612553058,91.0900073935783,0.012558159963370334,-30.159067486512544,90.79158027219694
-34.06538993615106,92.9738753913512,0.007585881099320127,-34.003475381893296,93.03200375466885
-32.50916598877516,94.92057983287903,0.006632207694151108,-32.479639122602016,94.9732602359119
-33.292033158989234,93.53480510970861,0.014360063093375114,-33.231816438347266,93.47768796208395
-31.379899494987257,93.22727939353172,0.014198769670274558,-31.258710307292088,93.05415608510924
-31.887227786308294,93.54473475047064,0.01312859226999632,-31.854998467740135,93.46250925043215
-31.517649541648566,93.30435162530779,0.01334282314555511,-31.395604039419087,93.2722497374495
-30.315910920865115,91.52067112421335,0.010028412877292864,-30.340087542091187,91.44076139305884
-33.0628483425537,92.14336279556079,0.01435793019967887,-32.9371962100125,92.03425732430043
-31.31669975328955,92.14858669544705,0.013710891859726546,-31.240646381329697,91.9691552462296
-34.44980729926168,93.65226534769481,0.015167277833537825,-34.37497119098184,93.61042837766037
-32.37417907465422,93.77664700030516,0.01102676501899991,-32.28774551999549,93.68264336166295
-30.410074939885323,93.90551736761536,0.010377520764872293,-30.408234181786863,93.79647678386746
-32.25188235918659,90.28115987512197,0.010657206262333088,-32.232774612853014,90.19313819810051
-34.604630175677805,92.78870305585471,0.010729705785477613,-34.55172046439127,92.84449424641761
-30.679811119156714,94.21788752232852,0.01614307125454245,-30.54749468612803,94.00286974592456
-34.77661546071756,93.48224598400968,0.014381897435412447,-34.76757818768803,93.48601012295597
-34.79211755148178,90.5479058806203,0.011296403081114077,-34.72340294887962,90.49487699780042
-34.144940462652954,92.7288153385649,0.013270173533938173,-34.156081810549566,92.7124298363981
-31.19860771218121,93.82341955553939,0.007337611885885692,-31.153503288351693,93.72577192195006
-34.578096949071984,92.87741072765999,0.012725116742683387,-34.57815432678707,92.897576862977
-33.40054850856087,94.15989404719852,0.015207860765469781,-33.296488424766736,94.13362260326714
-34.145143387123056,94.13519007734276,0.013111440571374219,-34.021183189388836,94.08972723038055
-34.2455146454882,94.02115110884776,0.00852952440844372,-34.22712134004439,94.01164603816828
-33.600926219317806,93.18687822250459,0.013552853887551494,-33.53989126403646,93.2112932325574
-33.2160552274497,94.71416076291086,0.006820186813435955,-33.240616047029015,94.63594240155177
-31.021448133542368,93.0120234095847,0.01618587096398543,-30.91244699889201,92.81787951206051
-34.70550685779483,92.1754594129876,0.00706996277306155,-34.71287741349012,92.11258200489883
-32.8857971689447,90.89473921946878,0.012713155009311429,-32.79463968698911,90.76346680331088
-33.77446256786867,92.96668138411476,0.01639674697337265,-33.6297964454324,92.91221172802105
-32.316945910599074,91.40750129109884,0.013796400102865657,-32.31059057389617,91.3610879284713
-34.13804317832013,92.01038292320024,0.014633012026592366,-34.14661752394714,92.04452767800103
-33.84823165878323,91.61933772316125,0.010545062751515758,-33.86767719257086,91.52053739292803
-32.86816075947448,93.46134600804604,0.00882997081384737,-32.799975279026654,93.45619998466668
-32.493518738608984,90.23515582572497,0.01184148011356038,-32.46570055261337,90.10257842440753
-34.56671730499522,90.55790331537906,0.010294364260508164,-34.54612795780958,90.54865824273755
-32.900703067908715,91.06366339677805,0.008457813962512106,-32.90186777884244,90.94543542598821
-32.13505209273576,90.2106804580954,0.00777811861973879,-32.089017281338656,90.15202867086406
-33.403358398099144,93.15190812417211,0.01183659438698389,-33.30196500539484,93.16926643692835
-30.904792713666644,92.58004218097223,0.010388515614733126,-30.791551653222903,92.49785687612625
-32.736370261922666,90.68630982340147,0.011690070123955355,-32.71444476082756,90.6554452173892
-31.153390073668792,92.36261468514799,0.014603547861848528,-31.07463898390117,92.21024634600258
-30.984961004775567,94.37180347367749,0.011162767498368642,-30.90066224618713,94.2067919500477
-34.3880978769989,94.90647694168608,0.007901246265146938,-34.31936858762253,94.98338068492129
-30.73462833000906,92.08213425860234,0.01355487698445986,-30.71813752002306,91.85047574798602
-30.695109033950356,94.44008173897154,0.009837849153171875,-30.651760371834058,94.36204913242051
-30.00020236818565,93.62194215337435,0.006442504111389419,-29.97173629637584,93.56595850572792
-34.249680663218534,91.04104131770461,0.009713803873675802,-34.26853772687591,91.04872101407908
-32.784979269601806,91.50692452007182,0.016697995655731726,-32.72799489594897,91.38352432689693
-33.17945452468754,94.405203390292,0.010137400359808611,-33.133089192589274,94.34340905211839
-34.28181734928559,93.22898894787154,0.012541513606471193,-34.269296237510474,93.24456545245467
-32.603122850834,91.75152455906533,0.01037931607541912,-32.554256103667576,91.68404328222888
-34.43980461124227,93.81836628971921,0.012454281286758987,-34.36199811051099,93.80919154774456
-31.348224926017245,92.59984973244688,0.010783529336117878,-31.200303264649424,92.50215986825405
-30.296473600073867,93.59997451305803,0.010972596127357221,-30.237153139824823,93.47868753503163
-34.27321761159637,91.39495821097039,0.015782939322645018,-34.21834555157528,91.33467684352853
-33.31186099725328,94.57147115512383,0.014697638639485778,-33.16192420600599,94.51981443242146
-33.947643848785745,91.02903939275404,0.011872257474436002,-33.959467075686604,91.0195640169191
-34.243199702891104,91.74050483343957,0.0137233962788266,-34.19065156813332,91.65314766959402
-30.441874268890352,91.4393259150037,0.010252295547504047,-30.357668722767567,91.41644741945048
-31.982961949046214,93.2997060423082,0.008950854631433532,-31.97430471542009,93.30659395476243
-30.831475763906898,90.51602113120084,0.01836509735779556,-30.75403916458497,90.3213425111
-34.6235047755612,91.47265832603583,0.013778909865275649,-34.558184650538166,91.41198636050473
-30.48147024854083,91.70966268339771,0.016995646202546916,-30.441754785298684,91.42699832882667
-32.30032685719902,90.73443664731627,0.013309927803953472,-32.241893938959514,90.56495920032314
-34.813771565151406,92.26244030291362,0.014224491858464748,-34.77180501279041,92.34880921122759
-33.17729762930738,91.1555670950147,0.011910110877344756,-33.07013351504587,91.20245181300781
-32.018915750344455,90.4801449090526,0.012386384001975868,-31.997849847683103,90.27800954268656
-30.49654987127867,93.74303766365315,0.009040786486623502,-30.4397216508152,93.54959957657313
-30.18822342365634,94.76810124865278,0.01101401575665998,-30.102737321395544,94.66702048996424
-33.57672141145347,90.50428577648651,0.010732393364362089,-33.601642960366746,90.4563869185739
-33.6795229025178,90.14521525488591,0.009049762839278183,-33.671061490071324,90.23777762752754
-33.04122380705076,92.67568079080296,0.010390521559553523,-32.96459377130455,92.66639743615691
-32.10668664068298,91.02719352470477,0.013233694789024779,-32.05508391402449,90.9345152476784
-31.003562318239705,93.97233589110924,0.011708691243950214,-30.9071185541291,93.74990044994648
-33.340312801940556,94.13907039939775,0.008147198116037617,-33.31331080489597,94.14334781201909
-34.39734001974885,92.95000284579687,0.009739276829145571,-34.26591928859028,92.96587213360277
-31.226845525073028,91.8627508696658,0.00989734882416921,-31.142321723699588,91.72314487381702
-34.79887090941382,90.60516850565917,0.008915535650244727,-34.76179133935193,90.59189744330692
-30.155387664698246,90.34205033413286,0.0055429677289378105,-30.072112268373836,90.32819442802582
-30.153033879558294,93.62846694806778,0.01734720813225971,-30.05977892820269,93.39129475302133
-33.34163735631858,94.31465746102856,0.017532873825003605,-33.203156545389184,94.19460672839845
-33.967493538247716,92.81755064869581,0.010112753737824626,-33.973928669163875,92.7630402066546
-31.056358976598936,92.64340080475152,0.005,-30.985146754410977,92.5911804697469
-32.099620552427666,92.35657736657421,0.011535020264231656,-32.047127033104346,92.24939155967994
-34.5035675491679,90.26532339290338,0.016433001116085054,-34.53058541147293,90.22569453052667
-30.830246171581337,90.86039691916844,0.01043982311136154,-30.81469500929443,90.76667045037235
-31.024910609020246,90.32353227795899,0.012621212877094981,-31.01831150988465,90.09327363573873
-34.98287034891124,92.12705388255532,0.008331093376379444,-34.99977181313837,92.17069283994432
-31.37081203654958,94.2704008190491,0.013260918157394138,-31.27913102327057,94.14009693292026
-30.459471242963094,91.49000319676962,0.017703894350102115,-30.32336216085238,91.34667800766961
-34.922055022512865,93.8071980654812,0.01604843781241815,-34.82100205481211,93.81806702995334
-33.32783213098345,93.3214714831521,0.007545240872937649,-33.26403607932898,93.35655255884622
-32.79216307574733,91.69546971934481,0.017555354781939283,-32.76476734045783,91.5834054425048
-34.1959779357364,93.24795834355334,0.01323816210836471,-34.10017557830527,93.25396070620526
-32.736010585692924,91.85773699919724,0.009335741387646881,-32.67446277219629,91.75475324950159
-33.82709672230756,92.80338878061369,0.010289312284716442,-33.78649205848803,92.77905923391562
-34.6425504182536,90.34416497585032,0.012648775034276942,-34.56473415408566,90.31198889887577
-32.217141822733,92.25785179428766,0.013891683571855981,-32.16904200383955,92.13512853279904
-30.33672886004258,90.73219396553424,0.011287724886520582,-30.187176673307494,90.50817731425731
-33.22765590128595,93.82433064425459,0.007773533208700383,-33.192213140816605,93.76165225894444
-30.49725790329085,92.9504228535227,0.011185140830433085,-30.45861112658836,92.75402230527435
-30.59166521202348,92.59826206768278,0.009165790176952508,-30.585002158048855,92.39616421284235
-31.621057797079892,94.22402336392516,0.015106368252804288,-31.515596871209844,94.0586711917124
-32.80233759906458,92.43867986509844,0.00862713681244015,-32.78340106594532,92.35415649969698
-32.09627150977521,92.76806366161419,0.013844614375417803,-32.06889101495584,92.6809533772091
-34.30346877071491,94.32122988470772,0.006787822087202707,-34.20030083904834,94.31444965105226
-34.50328382165153,94.43756801378586,0.016784825492898493,-34.341408060932444,94.36271344214798
-30.104815061891667,94.6090542893816,0.01297707331892503,-29.964423949107896,94.38659948387983
-32.57519395567049,90.79913925236666,0.007425169924280901,-32.6115731851568,90.76496276800229
-31.9796051844682,92.53242389616452,0.012312620539096188,-31.925993134972064,92.40989847182468
-32.53450916478141,94.77028386114235,0.014229505798599074,-32.38472781668408,94.58597018830076
-31.83497209430433,91.90506358061624,0.017731258582945532,-31.724120998691628,91.77028780824423
-34.30338867827086,93.150931406164,0.011799961553911198,-34.289083427390224,93.2923490036128
-33.601400027702645,93.60074955641984,0.015161682905339022,-33.581128806235824,93.61666200488986
-33.69363382893113,93.15801455065315,0.011361732127437414,-33.65001314039222,93.13010882905508
-34.76154454926964,92.00696151331591,0.018416841124319808,-34.64055896729511,92.06576333735175
-32.10403505962874,94.46987474911442,0.01141944646801823,-32.039370521819706,94.37264007578585
-34.093612737523756,90.3814951384135,0.012641411045792035,-34.10089362177159,90.27601851050058
-31.047720783736928,94.63779016445093,0.012269690167825557,-30.97658850160933,94.49875637829653
-30.53082672283498,90.40791373344746,0.01165568931020687,-30.52965719703563,90.18341359265246
-31.234653273546776,91.47033525010431,0.011473832818005826,-31.18832142478206,91.36312465907152
-33.060827424414555,93.86024688399064,0.012447515387769822,-32.980890943822466,93.93103193646492
-34.447123622521964,91.03882294528341,0.012614223358496822,-34.45462124389272,90.96224048383716
-33.775084368222366,92.16867759350221,0.010471306146844286,-33.75072187627375,92.02571836033012
-31.982814364375145,90.42795304763419,0.014281951004597221,-31.968907017832873,90.36662023788736
-32.15086184382457,94.13539923805561,0.014089692461897459,-32.08447370864373,94.08267025292272
-34.04785329107594,93.97453055845837,0.012145340510945382,-33.97076111188344,93.95708963262399
-32.55819992183917,92.57993970862589,0.013911620971417665,-32.51099370622806,92.53431210888199
-31.137903139710627,93.07928382714074,0.013662661499154457,-31.10716118037067,92.88400227029173
-33.95604683306967,93.4634869681501,0.012761654549010328,-33.854837620093186,93.32499442797618
-34.54224583029001,90.62744076544175,0.01316190501255127,-34.46870014154704,90.6041976257952
-33.31182244784682,93.90783773381585,0.015709263744194544,-33.239372909198295,93.8985803945429
-30.29200695836323,94.69875021638417,0.016118610863680452,-30.230331875588625,94.51176989253598
-31.116027530096815,90.91946362171421,0.015398094648548815,-31.086639867553348,90.69929226494271
-31.227099106048804,91.9352895547697,0.009346722874894391,-31.210318217009615,91.83552327918905
-34.593494258898275,92.41883467036905,0.017374077802792015,-34.46964463308894,92.41805817927724
-33.03387389676796,93.01797956734012,0.010684287951457467,-33.00070083239034,92.91614817974674
-31.04254172427914,90.63883362439594,0.009588047105505149,-31.03736464374957,90.58792489065262
-34.46167652309555,94.47845759221667,0.012089764070465955,-34.323040718905716,94.42497636361685
-31.523897756171927,93.77982792615377,0.01099768830599722,-31.444525553888656,93.68311220717605
-32.48956435646813,93.05019707495012,0.010754043039565305,-32.47492320248975,92.98581150320288
-32.86446622436297,92.90419218082008,0.014212090522943104,-32.83374875935751,92.81922921667632
-33.813149384320155,94.49131584150878,0.010921836027265493,-33.78724603991338,94.53674071022921
-32.53778695445185,94.40828861114905,0.005146188158046903,-32.51004954954319,94.35016066366737
-32.16544943357996,94.83071643868874,0.009104880425539107,-32.084866407796895,94.78352418016952
-31.847596282217296,94.76906758892493,0.014801085774883952,-31.80464548774485,94.62059587231018
-31.373258779604804,90.26347228229594,0.014634653205364603,-31.26788335154839,90.10613654651122
-34.05066972123807,91.69932377528431,0.012342112146696647,-34.0478179256382,91.69219757343302
-31.894636129921413,92.65097836974063,0.012183340488361491,-31.87312133483969,92.46538571803079
-34.02018765840747,91.35594537202554,0.009771617517001412,-33.94134572916251,91.19114509469159
-31.359839758016808,91.02552925454218,0.010062415866932333,-31.37440265942481,90.82935221459348
-31.815957329141625,94.25783215300402,0.008578486911408008,-31.849089966149343,94.28958930902331
-31.12763421050062,91.76604126582014,0.009507959759754443,-31.029085057250892,91.63330705354628
-31.681234673678837,94.54759046751379,0.0059355550566188315,-31.6266320625895,94.52904388299203
-31.588745081202077,91.88355639496933,0.015031748320681776,-31.57245954245763,91.70941855694966
-31.601120926215742,92.26881855725263,0.009454167758726938,-31.490212485900038,92.15273170257097
-32.14568754247749,90.71323345536949,0.015479932990619514,-32.107995798712345,90.5583287804052
-33.86282212877699,93.94231364731037,0.0068342686670280345,-33.84358200805534,94.0139334423334
-32.70507706972418,92.58911917443095,0.013717655938981683,-32.69216795119914,92.48577313702383
-33.81459281708842,94.88296470280518,0.018004328569437802,-33.61250224982403,94.82589791584971
-32.257441671416956,92.66421790692421,0.008846272785387315,-32.25202210349195,92.62999339319695
-33.219425980834956,91.9297535884129,0.010026502283258187,-33.197097856331595,91.88313342961993
-33.022540248783564,92.92112403496152,0.014305539231856103,-32.994241513604706,92.77657679857488
-33.49781496488368,90.2617166143666,0.013922598111041762,-33.52629726868447,90.18807818787607
-30.53037201180468,92.47407417097197,0.010201778925183775,-30.55539744538569,92.25851298763254
-30.230980957836373,91.69941186367497,0.008946754082269278,-30.24427334129209,91.59108650064972
-30.997107306819338,92.31318205255928,0.016456488937562713,-30.939090251271356,92.24846901105914
-31.438878538764257,93.90240628230899,0.009803517036729431,-31.3822722547829,93.80067151498902
-32.338356127798555,92.56094010198727,0.011593866364647123,-32.24936693333962,92.50628768739139
-32.133432820472315,93.21492485558525,0.005,-32.12021492040756,93.22175625658927
-32.42016596739594,90.15847571376683,0.007907304105249698,-32.381035324433626,90.05800094949042
-31.605202614059774,92.70943164441412,0.008161509185714736,-31.55081165794411,92.4903848078845
-31.511456486774026,92.63978224829191,0.0077878784939292645,-31.473548865942327,92.59983835832617
-33.15997899882424,94.03127287132324,0.013372212277676175,-33.02722492256003,93.95293083153129
-30.60741067129683,93.59685119114539,0.011828709919218772,-30.465505286224403,93.3910138990023
-32.36668726048594,90.22765208291041,0.01229428110583497,-32.28871296298097,90.17124770844163
-31.15728081209113,90.99040906569454,0.01783225669535221,-31.147384898877647,90.87326895230832
-32.579276470761215,94.43352079120021,0.009532470569793047,-32.437001473837924,94.31408052573052
-32.45203112535597,93.01690404050768,0.01313044142256128,-32.395681696249426,92.8606351125311
-34.160273678439445,94.99681386780235,0.005,-34.13513694406351,94.99608732495321
-31.271879568590975,92.34175559157246,0.009823893768068944,-31.185002903595333,92.2462058326834
-32.21766619440352,94.7951928176634,0.010587749112923336,-32.176186151004146,94.70820041366608
-34.18558713724049,94.08374030489085,0.014980420512378774,-34.1625086461982,94.10841600659813
-32.593965555552344,92.99305714744276,0.014995623841037246,-32.50902647465848,92.90138356161773
-32.928044891085946,91.84987899336544,0.013319311437000075,-32.93028773484567,91.75775550488227
-34.03737676364161,92.1809565072087,0.013103016213978613,-34.00943909986286,92.09991212222742
-33.34585332880191,92.67837608441525,0.008074929102131423,-33.273590605056214,92.59226632323083
-32.903443456447505,93.9297519950863,0.008143484942231155,-32.89682914662427,93.85085566999331
-30.7944972696505,92.15030995972151,0.008066013503967967,-30.773387995409777,92.05260800601991
-32.84230221902436,94.74090652363077,0.015910901389006797,-32.7275481754304,94.53769881128662
-34.79781095370223,91.36449840452781,0.011517943652351823,-34.7226416672731,91.33736747611593
-34.911942339175035,92.60231176261468,0.008615334825308407,-34.83419122655361,92.70392507990077
-30.780779673970667,91.36044201226731,0.010005901619840706,-30.69904337306804,91.29817541661079
-33.62633905236358,93.05929364298511,0.005162259588939962,-33.568034547645674,93.10964134944959
-30.56041446166083,91.84519483992872,0.011009007834895078,-30.556904839412816,91.61670068633582
-31.345411206656774,94.21982833669655,0.012572471568653749,-31.256847173908696,94.01421274521809
-32.208949383309154,92.87845246578632,0.013494761050721813,-32.179495191479276,92.77452752794133
-34.61137613446824,93.76497754146548,0.009180037202918555,-34.587214278281685,93.81177405464346
-34.06568888861558,93.9743606115818,0.012091064243202733,-34.08461311145087,93.93540978846522
-32.200180257635395,94.48636606948467,0.011658005809752271,-32.065640253194175,94.43138231021457
-31.016690399276126,92.78659820222597,0.014112778202273591,-30.913740614669926,92.66726901061207
-32.463162209133486,92.69912389292024,0.00957186512889086,-32.445511562696595,92.67076825181931
-32.58358951092739,91.41058285169234,0.017741276725653336,-32.56797697394318,91.36627259599342
-32.04575089516712,93.71701684586736,0.016216893978413312,-31.94520621372733,93.61809568396987
-31.11587114929555,94.05199717318948,0.011968654449685609,-31.031944261265096,93.9314423558143
-34.03915497058141,92.72673184396731,0.014216296250985137,-33.96066706852006,92.72956284768239
-30.907840784774393,93.04419311331034,0.017598546889337298,-30.757101048000884,92.77399918946591
-30.585146573007147,90.58227249022607,0.014548187440715038,-30.56361045786787,90.34265715273683
-33.901090019633216,90.02628865849933,0.013201028235177905,-33.88992918026262,89.97821144445892
-30.883131552276165,91.03475543489002,0.005846116382097543,-30.881384301533746,90.91723418992714
-30.074092938299565,90.00089814947754,0.008953903523374496,-30.03399065407789,89.93238733706266
-34.731639201797016,91.08975825501288,0.008400754710114155,-34.72288780221249,91.06908076917789
-31.834072721576895,90.27989001861972,0.011105136150685792,-31.78029709174117,90.2042940918928
-34.79808247565046,92.28464616840104,0.011875228287528433,-34.765698347170385,92.33252438316612
-33.71545188566431,91.69319782504553,0.01429935927518571,-33.649187362016214,91.55058835472089
-32.906149115286766,92.64339911433787,0.009556650719434753,-32.87892955838842,92.58241574494114
-34.6025876415148,92.0754736243473,0.008866850192763266,-34.607399700610344,92.08264467918154
-34.935943459687216,93.65795832008398,0.010331165042319073,-34.86194137457156,93.73783486909768
-34.06918727951143,93.32130060943939,0.009807932769345556,-34.12332714815665,93.33489999984354
-33.77876166545097,93.64275942293362,0.011755270278738218,-33.763690844410995,93.61194133130002
-33.88043241026871,90.80207900420503,0.010032648510383645,-33.79085130859809,90.72953488463936
-32.13680675560724,94.94680506790931,0.012704599040298796,-32.07118420851706,94.99825426173572
-32.509562524840284,93.84484041801932,0.009733161615048462,-32.45119628462417,93.80603713815741
-31.541824345557504,94.62068831214188,0.008194890451997535,-31.465896028979234,94.5976122871755
-34.784286505100944,91.55345588726166,0.010990611385440772,-34.6582071281734,91.5355060266798
-30.866277544934675,92.65136745370282,0.01165163813504184,-30.823553889128867,92.5093062030692
-32.15246460342703,93.16271124250996,0.014979215497341226,-32.02904396587545,93.05156248264899
-31.074548401536116,94.05608903304173,0.012392816265192919,-30.982528605313764,93.8521923576604
-31.81791567418257,92.67387566450813,0.01351119035605369,-31.796455990969445,92.49994604388368
-32.64081731854229,90.61864692373153,0.00831709621345562,-32.62547702602478,90.47357609320622
-34.617725489654106,90.39654392975932,0.007719086829688004,-34.71653890982015,90.50567725636073
-33.20505580436454,93.77661610756319,0.011127268451343396,-33.17226626982074,93.76158950397127
-32.90986458098563,91.46233265852788,0.013495127198403315,-32.932702215608295,91.3200652179592
-33.952288274812744,93.33260228547569,0.011773365400550979,-33.85742373429566,93.30156080268277
-32.24069218166792,93.82172499897578,0.0149067090640761,-32.13062894336923,93.81635349746664
-31.98773005466051,94.1733953079743,0.010872343867189702,-31.938998778119146,94.05609936483097
-30.566018304424762,90.65823186543197,0.009225731760339605,-30.53831089226075,90.50959129283487
-31.921850045445478,91.72856074732843,0.009986071380540662,-31.890654399220914,91.6751396559488
-32.65883530075448,92.55257275477652,0.013732289410790736,-32.58539947161062,92.45824740854547
-31.505385292936946,90.15185119843959,0.013198676649413816,-31.54381242285795,90.02543633948747
-32.25643792893315,90.39622849095261,0.015185401980282964,-32.218382588020695,90.26685836198075
-32.82539141266986,92.86589572278538,0.013659770361877866,-32.75384457558814,92.73319955102566
-32.51603724003023,94.31870438217669,0.01224513984435261,-32.463430016390994,94.23769336422016
-32.548521356820785,91.81552468038078,0.014304548237156786,-32.545105737305,91.81086990772486
-34.697241044397096,90.90076615008249,0.009375361123573142,-34.66977927760103,90.96830602286745
-32.69933496149734,94.99357532895999,0.01385235774984766,-32.61784310588852,94.95831833223339
-34.83730249191291,91.12249963506525,0.00823044506732519,-34.88036171211694,91.17996503810001
-32.54828536706671,91.01266808565695,0.007235608484427037,-32.529852378625684,90.9001973785622
-34.076249338208775,92.05500906649738,0.0072538605493894705,-34.08355119975092,92.03970924130502
-32.04174989669423,91.12701955368794,0.0096167194891351,-32.05691476006818,91.02782597938838
-31.808967705742333,91.93919051690095,0.01705351561043843,-31.78960040110222,91.79102807509749
-32.895782006970194,93.49836059015699,0.01703751444018262,-32.76696773499204,93.44722104247892
-30.973569298382717,93.76545645427503,0.00913918970337432,-30.872954355752405,93.62524560363805
-31.927999264595137,90.78184195068876,0.011608012412181646,-31.870547532681854,90.65553982407926
-30.43677638695032,93.61833135605676,0.010408226563742167,-30.341231361348555,93.519388807042
-33.73921145513798,94.93724361034297,0.012647984465325376,-33.64022767413848,94.99277314651796
-30.92967144417247,94.77177094030083,0.011912430232453568,-30.816323002600775,94.72867999691148
-34.17130845906489,94.15977926509531,0.01694131927032677,-34.04482093693456,94.10154997231294
-33.582801581605295,91.33036261760714,0.016134049987703684,-33.59132993289247,91.14985352485108
-34.037808645883125,94.94914184667975,0.014994683838119489,-33.937689996420545,94.88796843049471
-32.540550825424916,94.39779978054369,0.00966136168667211,-32.495614739243095,94.28416624409748
-30.892626051107563,90.57289536987938,0.01366327890541683,-30.89588716250338,90.46345591804979
-31.310802193082107,90.32719900510932,0.012637748361184104,-31.321921825363486,90.17523338220052
-31.586675181959897,92.18242405149762,0.010789710802106374,-31.518642428300943,92.06909555256931
-31.00138313263008,94.98861161623057,0.0158242955628706,-30.845526761218828,94.85172336087041
-34.40692557402034,91.56821130462274,0.008839864557221138,-34.389165714484626,91.55714853814659
-32.54682021618038,92.97042297479621,0.009125051165858508,-32.56719656793835,92.9583317730734
-33.77118423943235,90.92850266128146,0.0093290638155509,-33.61461116137485,90.88635818882094
-31.429097053838586,94.28593783037964,0.011597779313450875,-31.31436100905015,94.05127707591814
-33.14471016176963,93.65152794939809,0.011082756358898231,-33.02143361818542,93.55592326955006
-31.23238325931655,90.70890516613032,0.008394506440816608,-31.23781176730466,90.59033636633401
-30.25391835515845,91.99346901081076,0.012811176791413817,-30.148353498100168,91.87926086690264
-34.36679912865274,94.86097601552343,0.012192312824857249,-34.29410994212506,94.93775770479787
-34.58703203280952,92.16687700241053,0.016856880771388617,-34.446370395366046,92.20954762609259
-30.812852213145135,93.62318938594812,0.013995478324383973,-30.717824765031157,93.50780071044252
-33.40991155064682,92.61532141563958,0.011957016117926786,-33.317766596542306,92.6118783812332
-33.686840251378236,94.45062890025793,0.01426185069557019,-33.65607472407228,94.4410120585309
-32.18014554299769,93.34547378841324,0.01269024890369274,-32.13323686384873,93.3015856749929
-31.59422242364993,92.53364435866533,0.015255832267893149,-31.540045112270853,92.42895816676528
-30.36500604372108,93.45418732306356,0.01613604120034919,-30.255183765809935,93.23627670788255
-34.26440025006694,92.24774770873847,0.00724839526189867,-34.23069172863716,92.25317309526868
-33.690324802602,93.63751845965571,0.010172917248300632,-33.62204336950331,93.59220688786857
-33.934428875897325,94.53448337722385,0.014821139418136257,-33.804529785292964,94.51682020072927
-34.25607646617714,92.62298238520397,0.011767889515153413,-34.19865430593124,92.51067641514152
-34.27385255800811,94.32277782418296,0.009731844476010977,-34.25097866730788,94.28492191312063
-32.97121134763552,90.08630251878431,0.011566742074677583,-32.96917494319619,89.97527654109767
-34.333768091916625,90.52646141816791,0.011813244489780777,-34.26349640559729,90.46390660307036
-34.84459728211192,94.71440941730542,0.014696920509423629,-34.68709405709819,94.71387432998232
-32.27836631888585,92.54749520454858,0.01099379708031129,-32.22361431250533,92.33546034647905
-34.369474977184026,91.84534360285575,0.011940927634761529,-34.34517106650976,91.81698378141749
-32.77430056958322,90.42569535166615,0.011545891145737917,-32.832510492450275,90.34232419232404
-31.522783028586176,91.27755388403783,0.009792409482061467,-31.493538225767562,91.21977442065587
-30.40992554414062,92.13522164502156,0.011489346744453816,-30.32062034120585,91.94257060611456
-30.18247017934109,91.37097033903433,0.011254839623236734,-30.113707692667578,91.13815741646144
-30.002579321687065,94.47259799243129,0.013023914120819359,-29.937633658939724,94.29743628838078
-33.39578002821627,93.30143598485753,0.012790164794367884,-33.3295153749065,93.32894652975664
-32.53913440171816,91.50350982532005,0.017043346904400885,-32.49634853844174,91.30708782402371
-34.308320744903064,94.89311360385724,0.017601934343747058,-34.23014393185171,94.87567203125684
-33.426309422625316,90.16688159352685,0.009126764641807597,-33.48608357447038,90.00295489215424
-32.20455740640029,91.20205539656892,0.016240794868097385,-32.19813349230157,91.02745214573467
-33.35007125703537,91.53331349178845,0.008284913367014035,-33.27842387274951,91.4744718086014
-30.35469237621461,91.36057997012203,0.011156945479365809,-30.290847642537017,91.09859837108345
-32.1303889788462,92.67389535841572,0.016530136041339478,-31.981384780184538,92.51255990191588
-30.118499910425772,94.01414073241212,0.00843971927485908,-30.114154737798586,93.9354869595172
-32.502815834114905,90.14653040568277,0.015181505442022838,-32.482355657956475,90.01811533294618
-32.381875013859535,92.17220043898126,0.016833523351513134,-32.32084713147242,92.01863482059564
-33.824179513645774,93.5811795713662,0.01350905542679743,-33.760391014761204,93.58961049769566
-32.28891922242441,93.70281625661428,0.01115710698157905,-32.208187382753934,93.65536848486434
-31.26891652382302,94.53186583807812,0.011515848897923309,-31.179296373729628,94.409042333557
-32.537859239775436,92.20393556671931,0.013530101814483383,-32.485883426501836,92.12486950508229
-32.02911220949621,92.94565005502149,0.011582813593107364,-32.00988023686673,92.88446198222417
-32.616291388747314,94.51631720788919,0.0191362361557879,-32.484196316573666,94.36986760304428
-32.09394084660644,92.00716446603235,0.010885042157025722,-32.06684326175676,91.88650042626239
-33.730546839334046,92.78891659463785,0.011971894640999636,-33.666618131365276,92.73510739082793
-30.91671807146146,91.6209700395023,0.011649672395386456,-30.87404111174015,91.40559841824272
-32.48042152847926,92.78543797761392,0.012248953135915043,-32.483664792336505,92.74837896550012
-32.86151688696668,92.44397324523052,0.012288212510186233,-32.8201674470789,92.3814317693513
-31.557762422382883,92.52258145906166,0.011244192107054608,-31.53380364910972,92.37156986941068
-33.187041334534975,91.36577579991058,0.009498206831081378,-33.21444671215569,91.42102426815089
-34.362034326110695,91.07002960805077,0.009569699179347614,-34.28587252195863,91.01703775667244
-32.11900442451584,92.4978071990877,0.015745038681589486,-32.023078870346914,92.3883007823874
-33.6669768852191,94.46634182942536,0.007873017120554647,-33.602514177226205,94.22468738402196
-32.28831543848055,92.08425799938564,0.012132229671341728,-32.19440060906991,92.01925074353238
-31.05291516712641,90.78741262331205,0.010922741101387114,-31.022190503451494,90.65649141227155
-34.51547987915374,90.62283952003547,0.013009447607555123,-34.44977853997308,90.57137200882192
-30.330024197770705,91.93103897584685,0.013640203601219252,-30.394937721779343,91.80825854819804
-31.818516147988937,93.27101458509577,0.00904960083830405,-31.79159807114794,93.14060274230029
-34.07780149804228,94.56842349356454,0.010899205275335316,-34.07476428710129,94.50264711595877
-33.05986047233457,90.51821063319953,0.01209755377105191,-33.042954948895414,90.48579045185556
-30.24805181969638,91.7135599164642,0.013474429428113324,-30.28704676073725,91.44456588810797
-31.56558342105685,91.6869802892263,0.011048906597102112,-31.513115555368405,91.59454899039032
-33.8620352517686,90.93906696936762,0.01581608853641592,-33.799807384411366,90.96926101240211
-31.82830425225604,94.54965970588358,0.02,-31.732163066161192,94.30816318212305
-33.388039620066216,91.3607834468579,0.007381866137396061,-33.30119417729072,91.38404286266417
-31.570491502796397,90.00549628804531,0.00780938682807766,-31.610298387060734,89.93980327375147
-31.95350943297768,94.58741277926013,0.013605038823392264,-31.850887196719157,94.4116070223533
-34.12189373405904,94.0438458371394,0.01191465479746248,-34.12228671197669,94.02366291631785
-32.08604692702561,91.80740663491406,0.00871238675213911,-32.06292128074929,91.68842088003217
-33.531922739482525,90.82854757022042,0.011878005703576805,-33.52529888728271,90.7077215743797
-34.720460941912656,90.08779326645724,0.01464703303971416,-34.58864161261533,90.0714240873563
-31.73904115411443,92.68321262106673,0.007876221672677024,-31.733056122788547,92.50998791622943
-34.391471384030886,93.75595860955413,0.009230206189603015,-34.43672902077098,93.78036478710142
-30.60310960347119,94.55168905393595,0.014577622635361545,-30.491804711407408,94.28521459017976
-32.047055392641475,92.53467226238261,0.010443536499444125,-31.9716608008584,92.31127958121708
-30.004621638907203,91.73561307303983,0.011545840278245293,-29.972066908129122,91.61677848094844
-33.0692259031061,90.93841206275104,0.011895387072435527,-33.044468280746514,90.90312538852992
-31.88787494252492,92.04084751586704,0.005,-31.821072046146107,91.91690742927472
-34.78278264421295,93.94074619077827,0.014407881293351353,-34.72035137830889,93.95152029908512
-34.88687180858545,91.36539563418022,0.017314952732524716,-34.9147045543297,91.31339354200584
-30.5882968348363,92.9813248054207,0.010052434830476025,-30.50111400210771,92.91995828949908
-34.8133895602681,91.15945705790469,0.010796925373011215,-34.78285695107832,91.1040800861183
-31.729583614587597,90.47837480591512,0.013166778771155125,-31.650782873891362,90.38219467239476
-31.302201385185146,93.40974047623935,0.01360788451256078,-31.17911572274068,93.28976046723423
-33.198613286243074,94.1092729903672,0.009442966005660657,-33.199025775493155,93.94557695337116
-34.49955269667343,94.86614342069109,0.014889339061702929,-34.46926429357317,94.87140717501093
-32.44739729790787,90.64111207936003,0.014698523698856181,-32.36214699438171,90.53934576557474
-32.9549204960904,90.95622592793464,0.011331672945514392,-32.94762470390778,90.84085544047788
-34.148654620203644,90.70826042032093,0.010385263953070076,-34.12867741632854,90.61474723495076
-32.432276415124306,92.06057401397752,0.013136053640388144,-32.30380405650467,91.91048918637432
-31.956904586334772,92.8418544556504,0.0143990412281249,-31.95406583506142,92.73480647572494
-31.08471723551212,93.51057517523739,0.011260442590344245,-31.04167987825066,93.34607472488297
-34.53134711028971,94.19916990504937,0.01215062176263561,-34.42424106577326,94.12443823339494
-30.26700007741288,94.58513579616216,0.013558678930860317,-30.14849144212162,94.39843333588469
-30.919773971885103,90.00763733557824,0.008953716581357228,-30.916242795165754,89.93892260130549
-30.234757661290278,94.36818666626749,0.01438635278135832,-30.094593158484944,94.1940872049095
-30.62151964431041,93.33259630222672,0.019135300381133463,-30.46627408691457,93.0970865557941
-33.335218091401956,94.27733407145361,0.010389638816111761,-33.24551271823729,94.34474829289336
-34.20166711376761,90.22420442830314,0.011352124773217549,-34.21542002484333,90.18074528704682
-34.06264646665019,91.18323622438841,0.008088935449309491,-34.01753886529684,91.27849711698576
-30.022289217755663,94.60935266003803,0.009284388878080394,-29.890862733054757,94.45204274481944
-32.77978787905796,90.71551872306831,0.00943875152271267,-32.72408760323482,90.57982357118391
-32.896869316197154,91.72215434720202,0.015986557714663386,-32.82326731971177,91.59492035233689
-32.795335591655935,94.00254111255883,0.014844997200766256,-32.688711841661984,93.85698150717317
-34.368147374175415,91.13688006745403,0.01628828881829348,-34.26079937001791,91.12397834709802
-34.55497498651664,92.05297764202228,0.02,-34.51153305111129,92.02496459371288
-30.231270876224492,92.09435872965557,0.014228658565608262,-30.21915191610865,91.97875292202261
-34.06643472406766,93.19338266252555,0.011523146529875544,-34.03722869102059,93.24900116604287
-32.629478299686276,91.33649909770726,0.011335206881044408,-32.66294578406502,91.22457887540713
-32.830306159838464,91.95072299875281,0.013898876739384418,-32.74659526616553,91.8912967430398
-32.09611750461117,90.77021171457916,0.006326052733547468,-31.979775819520185,90.7367371130942
-32.23969944631007,90.03551191276074,0.007840946396300792,-32.18279079452969,89.9610811285779
-34.41670618429269,93.620380790394,0.011555766289355087,-34.34364829860164,93.64588397167186
-31.983782981242317,93.89526660423833,0.011608291957387834,-31.887631632147162,93.74671218523451
-33.3675710848844,94.34853741456787,0.009697974574628133,-33.32189104391883,94.33820511371731
-33.094713680072715,94.2021733379229,0.016492779011226477,-32.95665083600367,94.21495402954552
-33.91045661029356,93.95749600985519,0.013192201219009015,-33.90243190626007,93.84078428688379
-30.285517979546444,90.0208018122329,0.011149537309334604,-30.22898977218055,89.89007008699943
-30.542685684032918,92.82155338484189,0.00849564426301364,-30.455664654246213,92.67851417579324
-34.60926758115758,94.57972991299074,0.010881587133316058,-34.468285651753995,94.52474696239958
-30.655481520183802,90.2947892798055,0.02,-30.608475255206358,90.04961435926529
-34.36641545438024,92.75537499930542,0.007141658000865316,-34.376245847089635,92.81756745123877
-33.15071428650653,93.82547535331307,0.013579986077542247,-33.05481298896198,93.77697911906937
-31.174553658478246,94.3014239413453,0.007096057792869073,-31.06052275595539,94.15390656021329
-34.538929712976916,92.61912056315946,0.011743370362534441,-34.46712317434851,92.63351294993849
-33.34520985095403,90.22154753627089,0.010489662614570516,-33.32404208483403,90.22778222107306
-33.768790404578894,92.85053349145944,0.013402365983791947,-33.73461263387843,92.83581674977029
-34.616694052584045,90.56384702001144,0.014545000523563898,-34.615556295883124,90.55082112372172
-33.88141516000688,94.66036775416899,0.009890713141942743,-33.752522559567545,94.60312643406195
-32.947110253342274,94.76441185076324,0.013010840814032974,-32.86032931050405,94.63619027656992
-34.597431167865295,93.27592607116702,0.010270335770744987,-34.53395148312439,93.18255477679011
-34.93243715173257,91.59582850805938,0.015172728437235054,-34.916182554318155,91.64708035306938
-30.493004627154697,92.4628375190385,0.01496318486750613,-30.417666728078302,92.24276264472603
-33.350874230768355,91.73591384677354,0.011388738340964674,-33.32236139566474,91.60832921042986
-34.285266517381714,94.51873965469609,0.013307765932996787,-34.255466569396496,94.55092801804149
-34.23925219939555,92.45913360153804,0.016818397109181676,-34.16041801952491,92.43631664086915
-32.848137099164106,90.94170738675668,0.012482646874281045,-32.876477869256966,90.80835261243872
-32.61649363237683,90.95104066496005,0.015599041849048662,-32.61630971447775,90.86006733629772
-32.73686465724326,91.84836110608023,0.014032303984711659,-32.69321522307488,91.65091687349943
-33.323138140072544,92.81594350379875,0.013109227613827252,-33.213712802836724,92.80267440906293
-31.482036591668273,91.56767883200281,0.014662300892078439,-31.426574609640493,91.39700199686433
-31.254602204657388,90.685486047339,0.010949990378296127,-31.22392728453862,90.51615528286703
-32.64026545501823,92.37049987773167,0.009062301033886729,-32.584309397230186,92.23678927712967
-33.03116313092417,90.00942723284716,0.018745346993115152,-32.96985637520522,89.88378750438667
-33.60281189583346,93.25931280686338,0.008553531201238973,-33.53312798262407,93.18989605624938
-31.479792438504926,91.35060890933774,0.0156591790381568,-31.38739090492039,91.09820835956525
-30.655263304393053,94.77676340838576,0.014243226824200806,-30.588160791410065,94.55011786120279
-31.533372702794434,91.5221908633302,0.010550448607815661,-31.423704204494346,91.40189443212005
-34.71115812492956,94.19137909818299,0.010074891532727377,-34.606252523969474,94.14876508576178
-34.5174252261865,94.71610274338903,0.007041207745788053,-34.47741874840063,94.79903878240526
-34.19851893022612,94.6944610532074,0.013677788398883246,-34.15558889786325,94.69562866353289
-31.678048135023893,93.4099265635109,0.011360616931866959,-31.5631027088142,93.33269478150909
-31.872803552020777,90.95958887328717,0.009730048729347263,-31.93935336223857,90.8675713771005
-31.24757916003537,93.322784746667,0.014100639519203267,-31.143578018713985,93.20897906543296
-34.93372270387288,90.6476619876118,0.012792474259117604,-34.937708407850906,90.69201630832274
-32.8565038448506,92.22973871925926,0.011688860061506295,-32.84986745297514,92.13486667994373
-30.58707367746899,90.65444078125275,0.012043472177403165,-30.59984524045656,90.43333092367969
-32.66331880582554,92.82512701122572,0.015031103662293174,-32.63427168289572,92.72933813572088
-30.043508223583515,94.55647168572582,0.006042675239610288,-29.933905342633,94.48085814856363
-33.929471899537155,94.08526244124467,0.01410755902947243,-33.840178535161115,94.0853995321873
-31.364876548396463,93.40791822197129,0.010048303703753198,-31.28757232366262,93.27723048942937
-32.69242540189629,92.36252313780862,0.01011866781846997,-32.63594576098853,92.27406042750835
-33.22524474745813,94.40726504680381,0.008736401231808596,-33.18019932191524,94.34834445654276
-30.05312965466814,94.60066374050562,0.01214836367196424,-29.97724055998559,94.35461401467929
-32.08341252192986,94.19205549579634,0.01429152765172527,-31.98775863027567,94.10929198268114
-33.8769376557674,93.64058150205335,0.011408689562353145,-33.79475183946659,93.6153733915394
-32.74037598669253,90.87202004968378,0.008310021578409273,-32.6747064552331,90.82906892234699
-31.198215308847704,92.96427462195504,0.01541939967349282,-31.10818747598868,92.7310202084257
-31.482010219455514,92.24655991739645,0.010479891186594911,-31.406577553559362,92.1924486221646
-31.926005067601793,94.2829076377088,0.013763505307903906,-31.844002579224234,94.13932927231214
-34.132048138270356,94.4911940435744,0.011181392155478418,-34.04341768154534,94.54144005941517
-34.16566327841554,94.337447485757,0.009622654096665805,-34.10805346431777,94.31113937470955
-30.77921904988637,93.64728456990565,0.010762983702010162,-30.80933320368588,93.54911186374167
-30.845347462891866,90.85472592712684,0.01297028987049935,-30.79779663750503,90.66120898068831
-30.083167266495472,94.11794507634099,0.010840985880471884,-29.993672887748435,93.91391316927374
-34.10939676419868,90.69963582236629,0.0153344080662519,-34.11832377947512,90.76627167438431
-31.207562978742605,92.11671602786367,0.012886493894729794,-31.17345912115718,92.00852722248692
-30.869048554000123,92.82210771207359,0.013576226863330635,-30.79797097159596,92.66484074661999
-33.68440542983889,94.4714293866422,0.006643065235240582,-33.55775533523876,94.34941158547262
-31.22715968178756,93.3468496924353,0.01006005468357163,-31.20212912071223,93.28633486238377
-34.84965444060727,92.55904128963552,0.010663403092504423,-34.84928978030119,92.5364304371568
-33.14726208517445,93.00496045032335,0.00847364403898804,-33.1237086684853,93.02325591372063
-33.802941620886685,92.3274147068172,0.013415911222463788,-33.6600290048678,92.26477506398766
-32.84038874673455,91.18505297035524,0.02,-32.83701906531088,91.17922948273899
-32.1156073784755,90.56075581010421,0.014264054914290178,-32.08428071411458,90.40993847294405
-33.765408336886836,94.4128588085903,0.016095439093746673,-33.67527154962878,94.29865042625781
-34.41646547932682,91.49361641400378,0.012442424961524996,-34.42216766667453,91.50341043129845
-33.647342172227496,94.89768972603642,0.0063114546219975405,-33.53867372897573,94.99351150031575
-31.681638973851868,92.83462851481774,0.008110715296333088,-31.623752455704995,92.7317612744859
-30.158587842422655,92.09200385233588,0.012327083532106504,-30.1252913428244,91.924262511205
-32.28859413234048,91.223897623311,0.012060437865578111,-32.303644556899016,91.0548936576
-31.98441158635469,93.08639924313736,0.011730827815805893,-32.007847801844676,92.99667633437258
-30.73820733043764,91.4455075540585,0.009423270667745565,-30.738727513078825,91.30993553700065
-34.73739623821353,90.11466912811917,0.02,-34.70108160701369,90.12350762589281
-31.306892606302075,94.58913424437098,0.010959089854283474,-31.27309014527278,94.40914724801694
-33.029932351553214,93.48838487809212,0.014214447235121603,-32.95891565497568,93.43735862610303
-34.50134251885591,93.19678248064866,0.014796234242084233,-34.40189034881491,93.23733879031973
-32.779085797149556,93.3411316796162,0.0077976868853543175,-32.77516762245278,93.18217037899683
-32.113662170639195,92.47819269628053,0.010888454936126661,-32.089304305070684,92.46959255617891
-34.47719036540018,92.35804444810708,0.012296717468965788,-34.49488498437328,92.36993280835446
-31.914815602757226,92.12189430115242,0.011553796482985951,-31.91211424009729,92.01486969182848
-31.701369004463764,92.1606331120303,0.011383925908655926,-31.626072464508688,92.04291887721355
-34.44961044112781,90.38029060456086,0.01495683611869412,-34.45673788217072,90.38577067282984
-31.483906828938977,91.6475800610522,0.011353616955098886,-31.355047768896924,91.45310549441913
-31.502541166092257,90.37835843997637,0.015308798475945594,-31.520694506931193,90.23305011320743
-31.72995679208857,94.31252666277679,0.005959706988456374,-31.717385589572174,94.31025457939167
-31.378712721184414,90.72892546740175,0.01284183555786929,-31.286023853401236,90.58492516141976
-34.03756107923811,93.52158186284426,0.012436153144542373,-33.94760810550623,93.5678035081479
-34.8696871204098,90.84583527539695,0.01327622593568091,-34.80827437407817,90.82538023218875
-34.812839306529824,90.32418502591295,0.01275089595883858,-34.84372507601322,90.36331087577753
-34.16311356631457,91.02934607398264,0.009007974331349845,-34.223103616342584,90.9673738356064
-32.090521536741335,94.41345685935636,0.00818653520216582,-32.00920941422981,94.2754112117666
-32.36265036055476,94.3401569118967,0.015966976109234067,-32.2246711941241,94.16271007445867
-31.48823421236554,94.50454326546225,0.010876107379032812,-31.438843743433956,94.50503675450823
-34.43397669148628,90.96937747469748,0.013002084739222694,-34.31418372934691,90.89148058755839
-33.83514810141042,93.62283820181801,0.008110276538488823,-33.79121917157226,93.57852261008738
-32.11311547507032,93.21156228214409,0.016141425107763417,-32.07949566652591,93.14916450374139
-34.99784434097042,93.05837857654511,0.011219885952567624,-34.95579722850302,93.02158056754502
-31.99185795882417,91.45967660740216,0.01355250895374224,-31.991468618356436,91.24672098108876
-34.04890718628745,93.79699188466192,0.012867542055402931,-33.94006674048406,93.75153726665236
-34.011572573096444,93.13283521378074,0.009664075213791817,-33.86867465340398,93.05339670782489
-33.008776327305625,92.21000291224972,0.011448282486866405,-33.01884175494014,92.1762439330854
-31.406890698153465,90.56131885939106,0.0156521137529779,-31.425183623524415,90.30159945931409
-34.193274523483,90.40098030640672,0.006945484769516689,-34.16854027539716,90.364069621212
-31.48142814157532,90.71924631031112,0.017907218837151795,-31.431033272077496,90.59961113969399
-33.17449584925954,93.76380542718393,0.012593546908290603,-33.16036083493424,93.69265070982192
-33.263943277218786,91.83632235382369,0.009346173196718972,-33.256978600265136,91.79177510077623
-31.21967288864348,92.39388830337634,0.01241159391685215,-31.157811747794437,92.26781235298607
-33.81152009616146,90.90645520225209,0.013957012495102054,-33.815065008521785,90.86991581150107
-33.203920382524046,91.09751130085965,0.00706387355580517,-33.29236699254513,91.14337528119067
-32.3605977792826,91.79350764082488,0.010192951842026225,-32.26638996823664,91.65424047858538
-32.02989275160072,90.3667231692437,0.015187288937005236,-31.981822014153042,90.2624944726258
-33.189768023805826,90.2957122682867,0.013366892344978787,-33.19061669756447,90.30673680760509
-31.40166502475254,92.20705297888365,0.013133172249286363,-31.2946275176083,92.08739698486069
-32.17536733356576,93.50657409082854,0.00733158000236356,-32.12720164929025,93.40175629727227
-34.507875763286194,90.43242161394498,0.01115409895408826,-34.412168800287084,90.46320346806398
-30.09983193759593,94.63424810959941,0.010385155765806049,-30.036536361784712,94.53626531883332
-34.065914576907765,91.31832305874205,0.013196115069035246,-34.03147080705204,91.1396938831815
-32.39449050972444,94.32483222883981,0.015170517455293502,-32.34140963917075,94.1884137872203
-31.1194840643379,91.82564174935946,0.012322161160453605,-30.96555003822047,91.68661392472659
-34.67557578874845,90.07400501041687,0.01403389102465012,-34.64832207186701,89.96780208540824
-31.91458282261638,90.95238214767053,0.014120260307830656,-31.927020424397753,90.78332652562737
-33.414002575734145,90.86326061466256,0.0055467717405993855,-33.360204324852326,90.87146376776701
-31.096383082981088,93.67932187441525,0.012207118906505377,-30.950452228991146,93.48859068010567
-34.503285233543224,93.51294769700853,0.01751557832574416,-34.43195680700345,93.44900496360295
-34.841388409915474,94.93298504108937,0.00660188699218249,-34.889448185494956,94.9794436757405
-32.67664352740923,94.04314789047677,0.015417042211321097,-32.63803538329972,93.95880137803276
-34.476972298570054,92.99899988369957,0.013618625352689127,-34.413788474185246,92.99970316481907
-33.912331657388314,90.67734819867181,0.010164617792244365,-33.82162693330569,90.61942683279997
-30.107439939716645,90.26947346224419,0.010211518574930323,-30.138137034935898,90.18795104646648
-33.77589765011926,91.59745525884317,0.014024630513856998,-33.82191864963544,91.51609840601496
-31.225439334998548,90.70878150420494,0.0060611208543712046,-31.123932469968086,90.67332089130822
-30.676028839480153,91.08125784273945,0.010731189299926513,-30.653092398343485,90.94261307518964
-30.75729581246217,91.91007891933347,0.010180179510907435,-30.652436524522205,91.75387280916912
-30.137844949512704,90.44446265698099,0.009716229231843222,-30.155410101211093,90.22757609177636
-31.06998252212692,91.9187261847689,0.010708099540039272,-31.06715906124256,91.7871193769058
-31.17158589174471,93.63521369258125,0.009066825591574762,-31.11206146402567,93.54307924095664
-34.62292177193135,93.76930782348241,0.014030893927565524,-34.541103183429506,93.7282436767346
-34.91730095835704,90.2078992870792,0.007773969806038124,-34.883268995508494,90.23286848871379
-30.422035219621826,90.52591190570958,0.008038340446427823,-30.42712987903151,90.42230003750889
-33.56134130294594,91.37261202868636,0.013788408157668042,-33.50595771351529,91.33221579900626
-33.615423073444845,92.99458271903583,0.011189955271654275,-33.515195654531944,93.06455625837178
-30.29903717044263,91.13318632458838,0.01254717762571328,-30.24396664642489,90.95679664543842
-30.357708096238955,91.70604384606706,0.010713389282518505,-30.34829672910312,91.54905075454079
-34.45550606791822,91.58180258201232,0.00925462140248656,-34.39921849370003,91.65273508146035
-31.99932364353862,91.45697969440478,0.012137347456942076,-31.994721401756877,91.36654235808638
-33.5347656179613,91.00931456181435,0.010478138134309322,-33.57640760824975,90.96445541389483
-31.456428360746536,91.74546309329942,0.016394883668351058,-31.36045688039316,91.51095365625036
-32.986185389340896,93.50985277869763,0.006507151263031795,-32.988004155303166,93.56392123449346
-31.632364032257886,92.8063298345406,0.007992990577416134,-31.618437812763432,92.76197181802623
-31.35230743312022,90.6673883387189,0.014983688054671589,-31.302054554799774,90.43745433192056
-33.895631811071084,93.76148923386536,0.013726280369427295,-33.841391184081886,93.7315033155568
-32.12890439385373,92.92977946695196,0.008055156589980357,-32.112258577085484,92.82526727637588
-34.652074705087124,90.21221781793643,0.014875631716043653,-34.65544155131585,90.1708896903087
-31.9272380186851,90.79308936862586,0.01703572922836571,-31.8639501306904,90.68230507537632
-31.950778534232104,92.29643690831385,0.014345479879481218,-31.927026919744875,92.17315609428405
-34.030556444456806,94.81429945566657,0.015532459196209391,-33.90917478829332,94.76424355099542
-31.65832707789119,90.12594060866796,0.011668352886441512,-31.682120392945333,90.01045037550733
-34.49872559521156,94.350555309704,0.014792424643012518,-34.36687683885373,94.33108667531809
-30.559750605774827,93.73685881833998,0.015185036201242456,-30.4254979599367,93.53773026729223
-34.51306901148383,90.11289905124943,0.008591100166115369,-34.526665731890894,90.12194687445115
-31.703343522573274,91.20183659893334,0.014461612601123214,-31.64239937811678,91.1804908268888
-34.07970644818703,94.83861902814843,0.011381471785027606,-34.04570728638479,94.77465094425789
-30.193700605184866,94.52385727988033,0.011353340323729649,-30.082278228024503,94.39204506983988
-32.47135279670141,92.54734214293646,0.01887332135595428,-32.36740528740039,92.4694972212251
-30.892118732217853,91.8811212943009,0.01055440064298567,-30.822005844247528,91.76024425298544
-33.57067115408117,91.77875429445606,0.009498212124947341,-33.53381305524577,91.65111249184557
-32.055692134759866,94.04070732239639,0.01669380851723154,-31.983860328010163,93.86823315918207
-31.075740643169617,90.58405052117014,0.009731990945883947,-30.999725697590858,90.46045359157984
-34.189435384589856,94.68563388221257,0.01001675771268995,-34.11886949614564,94.713831576592
-33.4573436583683,90.50010579856102,0.009270902087426976,-33.376100499299994,90.41143183217848
-34.31563874866381,90.692298680683,0.007391165419579781,-34.277592497009195,90.6433711545683
-30.048143304946084,93.1461406790509,0.013235456498422858,-29.997163463385103,92.97947442806704
-31.875916195979947,90.24356892206697,0.010936728611202914,-31.86117212834005,90.10266799432546
-31.7541884999699,94.63747962567574,0.01637625797174499,-31.663109054445002,94.43023863863125
-33.85740797343969,90.23224783996352,0.012183933340255453,-33.77141214991561,90.20197773888717
-34.25499313242523,94.03688377970798,0.014691470007219511,-34.20485375720388,93.94139990100801
-31.722445547654864,93.93861196190028,0.008517841295688415,-31.660255931714097,93.86256116664937
-34.9960165273027,91.57290198234924,0.013413164948638118,-34.95235266262896,91.64822145610964
-31.743457737791164,94.68114440431764,0.011631731155624636,-31.660541070587897,94.4912870815844
-30.241051706647905,94.40207823784765,0.007328250219911045,-30.153125140306663,94.17580843503038
-32.103223062525004,92.84532283243904,0.009350689479778128,-32.08114332187368,92.6461779816811
-32.34815440441586,91.22860959230852,0.012275725606675255,-32.35518012256551,91.18742238427629
-34.34328102142973,92.99020905751681,0.014869580727559664,-34.292370734843594,93.00244759947114
-30.269907640154265,93.15012610421098,0.010325640763306963,-30.25439731715528,93.02126705438661
-33.317498912899005,93.73395802942193,0.01033870457459596,-33.23699929753703,93.63948940335028
-31.036139352007407,90.0521778517327,0.013230370726889408,-30.989836621063205,89.8952931875249
-34.855329380683735,91.0349324542832,0.009753476973002651,-34.81943475604861,91.05416936763393
-34.520112758972886,93.71562331385259,0.011280850410326587,-34.47741168242924,93.68942436177929
-34.026789678061455,92.47665441372418,0.013181897738606025,-33.959986232374064,92.43739899641403
-34.668419771471626,90.0216156734477,0.01273434079078947,-34.58426340491475,90.01111250991065
-32.17664136918465,90.64641423244927,0.008651249624908024,-32.13335687553037,90.63376584811053
-33.385458197778135,90.07218649885685,0.009202768476240936,-33.3846326177852,89.98350613140316
-33.179527704185915,94.72562492751432,0.01675645391219918,-33.078453657255,94.63504967810469
-33.6011977315219,94.37247079755535,0.009878868991448084,-33.61266132288596,94.3144753944751
-34.29623956756022,91.06591480218539,0.014121273863038089,-34.26951389862819,91.10921854610217
-32.23975866904808,93.69155459523418,0.00808503018462217,-32.172820412420954,93.65817918806923
-33.63770426003582,91.34549517472428,0.016619599778557502,-33.51093411303559,91.3233947330472
-31.717549578305086,94.52277230230285,0.017586108770793217,-31.566547651138,94.30864200919052
-32.86650183231271,90.53775885905985,0.015192857652531838,-32.77191699614782,90.59036694081396
-32.55725501496672,91.86099354622748,0.006579751541125614,-32.51758374688252,91.8290601341616
-34.72510893984846,91.03404115155314,0.013812656682707888,-34.672246431607434,91.04832907053316
-30.878828209430903,92.69594892826575,0.009991597426237776,-30.808865304663545,92.56686720472011
-32.50914667565203,94.49520036266061,0.016285084051654,-32.41951233817712,94.30963256370694
-34.54115011374459,90.10213584295992,0.010027509333929638,-34.59244079468755,90.04683234933766
-33.24784850115068,92.0203281802013,0.013704946742068277,-33.18374838916474,91.92431136140063
-30.783835115693776,90.29822687909247,0.010100184593136285,-30.791231541755266,90.30614408140111
-30.07775068963165,91.90884895336893,0.012078730914041831,-29.944912570219902,91.75502450594998
-33.53630181618523,94.13210713242503,0.011519539476721793,-33.439267283222705,94.03811399054771
-31.07730414804282,91.32990602879865,0.011460325238696096,-30.980611362023176,91.23789239080627
-30.822444614324,90.09578065866539,0.012929771506256266,-30.79001805252587,89.86408663717816
-31.237327489645004,93.73228114597792,0.008279510622857181,-31.138179215723312,93.64874911616658
-33.64146194862452,92.99217388365301,0.006711245859159744,-33.6370847537187,92.95456895087425
-33.889333623222264,94.26827218416781,0.014812434323129665,-33.81531236355466,94.28827235994751
-34.971311063779424,92.73918650888899,0.012103290301292027,-34.9566870288547,92.74841603252553
-30.951148423423867,91.28548755592779,0.007785196173604261,-30.931432020389995,91.17781890256666
-32.20346507266597,94.40178537675975,0.01160627985826138,-32.102016899161576,94.40247139174484
-30.340111814984287,91.29506662743253,0.010568821895188037,-30.25736062967148,91.13638214994539
-31.83599387172029,90.68439829994279,0.010050726334098321,-31.83605960833556,90.58459602883019
-31.235034565457326,92.74196181047587,0.013388442041485855,-31.15945172151934,92.5806974079354
-34.42837728035346,93.59449196089531,0.01374385076459594,-34.4216548188614,93.56216003347969
-31.520438065519432,91.40208820662363,0.013384191121567737,-31.452120819397205,91.23821843801241
-33.60482618737639,91.84057985418157,0.013394460831379016,-33.51604193114269,91.75398082714979
-30.198384510366246,92.31024790838445,0.015345474202392703,-30.17165450702109,92.11885653601252
-31.008574775460968,93.23719930276383,0.013932383692479133,-30.913418279624754,93.14102548850953
-32.10012510182898,94.59072344425643,0.007955432959871245,-31.99866304691143,94.43837854395252
-32.44204282228091,92.43377833515788,0.015762823233921225,-32.365460800138855,92.36085919643888
-33.53035443694074,91.0611275958564,0.015400663819481953,-33.52597228417881,90.97923983078232
-33.903428212477586,92.1734706428633,0.012780891265675005,-33.93222781335723,92.16011971448056
-31.603871297460515,92.99659259967203,0.007915270373714652,-31.548647975158318,92.96839428460471
-32.81997254458668,92.87957290313808,0.007513260411340893,-32.78993516520507,92.86466335462478
-33.53926319833866,93.60676552262366,0.0150125354146519,-33.45865249725649,93.63741688676889
-31.062835386047656,94.64999899696723,0.01129276109795918,-31.00140880504312,94.53055394815006
-30.154460597227224,93.32215504045452,0.01946690176144005,-30.127755904349154,93.0563485813753
-31.090205154758685,90.20204151973324,0.01303957903463115,-31.06679777771598,90.03254534207842
-31.90257934841446,91.89687274317443,0.015317217408444205,-31.82868140947077,91.75908929171237
-31.17426019687416,94.61853436465137,0.017696490812898612,-31.0200352032388,94.3690624125866
-30.243553935203632,91.25990935672012,0.011534350986117072,-30.13959737281346,91.0850697523989
-34.494192314279694,92.96431237714428,0.011863136272282792,-34.48591369773344,92.98075345038049
-32.21634341588944,92.6070964132062,0.012574344050211093,-32.122312266721416,92.49466114903086
-33.101033505924875,91.50669802859113,0.016798196599851843,-33.14449834195919,91.47290645868922
-33.01154304140548,90.54342092608164,0.015350797831092151,-32.91991910668592,90.43369996356553
-34.62793781163987,92.64429936011544,0.016649173476560343,-34.59459184612947,92.57632819130616
-33.81054494404644,94.09457791750691,0.009821977350387005,-33.79090395135519,93.97992139251876
-34.890573750553116,93.42570153123916,0.015759654649954477,-34.80249651092254,93.34580205029174
-32.11565198166653,93.40133196929456,0.009604728812133884,-32.09320743804487,93.33773936915146
-31.827085287363733,92.46977271946291,0.012184654121401404,-31.764676590139377,92.3909641618105
-30.39695805012544,90.63035234544225,0.012126173745661722,-30.395458169545392,90.4262717444475
-31.52606471276065,94.99111592609489,0.010223101541277578,-31.548198275571234,94.92864700022993
-31.646611444654738,90.14774408549292,0.012776977856183763,-31.639476258085043,89.9646174612599
-33.47709527355442,91.00747956917704,0.0074047118258792795,-33.50254225683917,91.06420211711692
-34.98781823407438,90.19485801041449,0.013968733566832875,-34.8976129152306,90.2034371438176
-31.646904317650296,90.91447796704563,0.007667650992415312,-31.611144075644738,90.83819896227759
-32.2907508046318,92.9956104281951,0.0184503968885908,-32.2429401484484,92.93251201335774
-33.35280012396987,90.04591307726848,0.01797762536987606,-33.4021299754776,89.94464784173294
-32.0384089450654,94.50193465635445,0.009571414710452628,-31.97003850372077,94.36513782334872
-31.460568607119328,92.77903978908593,0.009729436885981607,-31.48579019574101,92.65917919610109
-34.83308620007654,94.49300690665234,0.016155415805566963,-34.79014910919284,94.51122135259499
-34.4873270004498,92.70334990345785,0.00797979596062064,-34.409830182754924,92.72571386090696
-33.45182383641845,92.88685948816739,0.011689310628911969,-33.471405615133705,92.91287683288115
-34.256442828387975,92.60600837419702,0.013494638455057394,-34.222161934958386,92.61137391823132
-31.61059426956832,93.63853828514483,0.015173469177053324,-31.47843422647648,93.50982682853628
-31.94251670805164,90.21475205070135,0.013980228170521185,-31.912437169060365,90.10983525366389
-34.70884964486469,90.13011739053192,0.00943339979631815,-34.72412544977501,90.10374529043501
-34.74045172026538,92.17292418007821,0.009623113472704505,-34.73960862108794,92.22586688444112
-30.34513748350794,94.34872994134479,0.015302015898659432,-30.29474684481359,94.1400143909766
-32.88950468787139,93.58111733223814,0.012749497728081755,-32.84526176146676,93.55441374591852
-33.6767344717509,91.30885270969767,0.011460077632251705,-33.67167703278379,91.30814987388746
-31.880802385822903,93.21544880046376,0.009709838470983174,-31.756485875010757,93.1570971649056
-31.58669913750545,92.10311317598615,0.015460178365498773,-31.507062649403565,91.95069452587425
-30.1478929958083,94.84911328919905,0.01649263378105685,-30.066209345399425,94.60412732148312
-33.254160850032314,92.72990899034949,0.015154371297785635,-33.25346504724413,92.69107558229003
-33.69142429477094,92.46837240316458,0.010604548873569802,-33.65534009348345,92.38647969214158
-34.48576418301243,93.04173570135579,0.009963054934464447,-34.4151747059358,93.06130756975557
-30.38844401772853,94.2290580391937,0.011741829979223246,-30.2388399565395,94.04364926121117
-33.0963217354421,90.0517901380209,0.012019690226346849,-33.06125112242755,90.01618931948744
-33.73408632405549,92.00224063760764,0.01016328675564187,-33.68207967275689,92.05757150499947
-30.017102866833284,91.13751451162527,0.013982833325407474,-30.027792780416974,90.93508072098763
-32.913370577184324,91.76356661015126,0.010168608538171333,-32.912628057308794,91.6554062607899
-30.191298842418796,93.15147952581809,0.00824152691421647,-30.178669099483063,93.04028818575566
-33.71296887068955,90.82398257221605,0.015613561812417253,-33.76728389869212,90.7440677057209
-31.160468603114587,93.63146043831058,0.011822646516839648,-31.054831413905273,93.48565814614103
-33.125872735419655,91.94096657339216,0.014804850932956946,-33.07082981680843,91.84827061923245
-34.826637548029126,94.79304127203977,0.008023241441327869,-34.839068672666585,94.77948632624434
-31.824914691338712,91.71763592939094,0.017903914321351043,-31.796884016341956,91.55400654949581
-31.093130762332667,92.99538796266394,0.018654478121990958,-31.011625017874913,92.73499108835344
-30.84274985004713,92.74640959126292,0.008766998621778089,-30.763108876829524,92.71881968661926
-32.37241959678079,90.15947554914669,0.010633266357643122,-32.382636791909334,90.01945871796339
-34.15971881015279,91.75037841107864,0.011074008860328038,-34.12017229261367,91.77074030872357
-34.35614377539702,91.81991014023647,0.014528588875187872,-34.310183885769305,91.76618391252165
-33.0402379934459,93.5407605515061,0.014096385325329943,-32.96190652738349,93.49378141970683
-33.78150667126593,91.74527859504337,0.016414707956009543,-33.668426812491994,91.66894496250289
-30.400069926089806,92.29408132653822,0.010838956684755536,-30.280097398581002,92.20572202569576
-30.970816300375773,92.228342207681,0.014173567810347816,-30.992184953837395,92.01954452563191
-32.631836947654214,91.55785614069714,0.016812561040358116,-32.59984670353523,91.4177690244497
-31.745637454188323,93.3974145414818,0.010621886745461547,-31.652518347998072,93.35368581770733
-31.3417047340998,94.94349435096312,0.012375516002061706,-31.243920760279664,94.7735240116051
-30.62494282185182,91.57572723060605,0.00987852961219327,-30.59583100186365,91.42694385862937
-33.45100773968682,93.29745045271886,0.010292357721020346,-33.382993258675164,93.25514138659909
-33.678287885628464,90.95047848704347,0.010407760448868653,-33.62657280720947,90.80564758423604
-33.86789461551697,93.19025707307773,0.008022212584775047,-33.835374879412306,93.17635548070419
-33.52725899012779,90.05112755669914,0.017575089815774166,-33.49369322513055,90.09080430703021
-31.084777558435295,91.00403021965501,0.00984922166573514,-31.085335073247236,90.9155903021792
-31.536644747609202,92.69938686693598,0.017281465893037258,-31.42277902307331,92.51811697830156
-34.54362077656838,93.90433780378234,0.008986653459798027,-34.5082374279889,93.91709782686505
-30.15633837122802,90.10866204859335,0.010054334282917523,-30.15497039231161,89.96972960813005
-32.01828138004083,90.53563564514879,0.012331243799537879,-32.030517629142054,90.43752700809829
-31.030487995867936,94.14924266913279,0.010086391927014306,-30.96042674258468,94.09296664516684
-33.79393990480632,93.04891654798716,0.006194386617153048,-33.765892997681945,93.13537835129009
-30.176756971527375,90.75081075037036,0.012737859759494818,-30.15765665519358,90.58184434836637
-31.32139575686262,90.69526481694894,0.012995731559940965,-31.25178895010507,90.69246059626234
-31.35224155391775,91.76614497293103,0.015058185704966972,-31.30285070635511,91.67479890389075
-31.16945151013761,90.24469607070415,0.01709484905281608,-31.105246327888757,90.02960931812906
-34.259490355857416,94.88472490666231,0.011438387201915989,-34.20484471205786,94.86739345530505
-32.79209586652538,94.68168643259185,0.01575159414109709,-32.70967455054397,94.61997966114266
-32.04350170916181,94.19167770392863,0.013926817229963542,-31.979922297789383,94.22503251644837
-34.81963073639665,90.56209827731186,0.013040736555655172,-34.746061827610106,90.42190868148126
-34.347679298658036,91.59502764315303,0.013174859936525812,-34.353101163595824,91.51493618087035
-31.92562201543621,93.3844517667595,0.013659326126759928,-31.816722972453192,93.26266769835178
-34.940944320843876,90.89190839782071,0.01709045632670595,-34.86388880593453,90.89103734975971
-32.29770974568,94.88504612661917,0.012201982288452975,-32.222567773552136,94.79761617330725
-30.861492175803967,92.68169478456099,0.014895777105622364,-30.786103292471385,92.46449866299658
-32.83802722247289,90.46671690206468,0.014968032694152358,-32.80546309394117,90.36620959967506
-34.614834714334,93.55022020727964,0.008463534562114124,-34.60108762286411,93.60984410541718
-30.01916501752264,91.8424613335905,0.015411369933033343,-29.91787886753721,91.58425839198502
-32.14130250893538,94.3871428839261,0.01545423184573779,-32.059826405480294,94.29770463209542
-31.491364693339147,92.55476688310627,0.014382701603935807,-31.433445115676697,92.3303450138656
-30.699273531564206,94.03124005840719,0.013671135934687483,-30.53552399905693,93.85041419643468
-33.83899840123702,92.42174525286735,0.011427745730728123,-33.80734774355224,92.392406825607
-34.020847280564126,91.25298652858986,0.016735578178442602,-33.92370335925819,91.17403305635577
-30.208543298688717,91.19284752816228,0.012588175835197196,-30.194626143126357,91.00740470899642
-33.5626360901338,92.07003224892674,0.006169091880065432,-33.54178824052538,92.06018982299578
-32.31654604829725,92.6249488255339,0.01659361628020276,-32.20794682513702,92.54418343361986
-32.94343224045563,93.7169810318991,0.007015727006216202,-32.94116543687631,93.73925571774332
-31.760628050178642,93.49882032753928,0.01377319412263631,-31.723726447422926,93.34229859703237
-31.034395993069523,90.55938520830314,0.013519273471730906,-30.978290227273348,90.29223459451372
-32.12923284271484,93.68806440877754,0.014704232513564975,-32.02562345316177,93.54746148252441
-33.21227494568677,92.86816645057695,0.010546364991328005,-33.22100188217828,92.91611719371625
-31.42969421796984,93.19840893552329,0.014573350581254118,-31.39839060196293,92.99493631121263
-34.07728239629718,92.38610822040083,0.008459267850804341,-34.00421455161771,92.3418030225334
-30.41311535807127,92.93164255464553,0.01230961461116219,-30.347003995389777,92.79837988978056
-31.20765259829035,94.61992117888443,0.010244189048509168,-31.14311609249864,94.49566133689692
-30.009748613959452,94.26574365557093,0.011934553375744712,-29.87139759994746,94.14739045281529
-33.12317145589093,90.53099473998797,0.012000828616930621,-33.036878251987595,90.49606283991965
-33.74268609282877,91.3409464717329,0.008615230997707748,-33.73007897215655,91.31780319446253
-34.97610414413757,91.12450057982912,0.01791257247774823,-34.89410841046082,91.11252430385076
-31.966792424073528,91.25673032405555,0.011338674353530422,-31.944958953278054,91.14889241980201
-31.615637805350392,91.26931108186065,0.006470205974986233,-31.540497704857238,91.23451829402548
-31.7228808194778,93.72845387091962,0.012111453193403662,-31.676949846575962,93.61877666798235
-34.93658261052183,93.35030988012527,0.013275773238920164,-34.88286510716288,93.2418548382638
-34.20615038882893,92.66566929401448,0.010625327858692522,-34.16176680752457,92.6941009551101
-33.465170384827914,93.16146313107633,0.016667222603677544,-33.43051908373196,93.08752033176009
-30.67680267539637,90.39043301105579,0.011781426712825725,-30.56722038195099,90.24749711494911
-32.795357461163135,90.69317088152924,0.014460371851308882,-32.741804082463595,90.55965154285433
-33.8787293476568,94.33691440775247,0.009868615188041363,-33.78258199468271,94.27673368683926
-33.84334220709239,90.5539464546398,0.015857593839202055,-33.8072257355659,90.53547243512418
-34.354455494600955,93.7966827452023,0.008815440297455355,-34.26938405002096,93.79757321709549
-31.682762197997953,92.89030684590698,0.010135442671945124,-31.63147157320499,92.81330814662682
-34.996688372225336,93.58940959098939,0.01084219614743227,-35.02982506844422,93.56181594138066
-32.15828301717128,94.51158888181169,0.00989414864478472,-32.166829680381916,94.41141713677423
-30.156760266170046,93.90438226160762,0.01245042266452643,-30.022083841460727,93.61868364245737
-34.233598808469736,91.96110148120873,0.014786315830748499,-34.14987539164083,91.88066585034939
-34.20215886368001,93.59267323532272,0.014113706461589976,-34.16303599953655,93.59673674272604
-32.83177102066279,94.57323706633414,0.01315420249810325,-32.70223709935676,94.55920779975472
-30.881204520510916,92.01019484054127,0.012240052647097903,-30.816939186355967,91.91207339814196
-32.6507963798853,92.34285409927642,0.018346057687472075,-32.6243792035532,92.18551058307158
-33.99842698889948,93.21146923622611,0.010436136676979107,-33.94736905775349,93.24722859381643
-32.304385518330434,93.64321541149913,0.010416716120851925,-32.176064559610715,93.54869370357855
-33.10701659904083,93.43031073651174,0.012522678269337156,-33.03183907732401,93.30650310773365
-33.30333250334833,90.23564615462901,0.01144819389799925,-33.26258148098531,90.13081739550802
-31.483278233963517,90.15046478736251,0.01170160521360457,-31.43427766936008,89.97792993579682
-31.507512633926407,94.80581237927358,0.009071845047114502,-31.409315552395253,94.69540281727268
-32.19394158291878,93.46636171307985,0.008548044396249715,-32.15815811504103,93.3374962623794
-31.54486965632329,94.35470630990643,0.015076890562460532,-31.470383687099968,94.26151643128578
-31.66099605826893,90.29993270336114,0.012213078013052223,-31.578135830383754,90.11885816716644
-31.41497401108341,94.44963027531765,0.01748428786764751,-31.32530961553922,94.26086585779355
-34.136087584438094,94.44421992841689,0.010397910844171979,-34.09100115117523,94.44063393099026
-34.60637179630226,94.54688986467474,0.008899777546632662,-34.5118459864268,94.59156661996091
-34.016517685456364,93.67643421620342,0.015768786882760087,-33.95365119948709,93.63056796366291
-30.95901177085251,90.35148878043319,0.013290575037226842,-30.946006539077427,90.13401241519928
-33.93550714405649,90.98490485068652,0.012064891434530267,-33.928690172192624,90.99507021594893
-31.16273446098524,94.3981816531983,0.012197520313393356,-31.011575992802808,94.31429466851299
-33.370618884974164,94.90517009854605,0.008146283290139122,-33.32194791137006,94.78577658513058
-34.75220872551018,92.86783772434937,0.009091680433423812,-34.688440615847746,92.76596411466411
-31.522202329680578,91.54979888800723,0.009430626007397492,-31.51250731274606,91.55635370973646
-33.9863605952778,94.30142331345661,0.009918616734897957,-33.933246668466495,94.33726621999325
-34.85933389126076,90.37882487030842,0.01194603095083008,-34.81970461819546,90.29948206435732
-34.02332438272609,94.23438875198225,0.009186750546751495,-34.00767014318121,94.24922462347743
-34.802680067077326,91.67016734998802,0.013501536342693105,-34.70325307110167,91.70950083797418
-31.55080853204052,94.64773412461143,0.00813620725465752,-31.460128334876728,94.5807505151985
-32.70098752481515,90.96490764378422,0.013512880948682065,-32.606093726379505,90.84693885624529
-32.445774962072775,90.15434481937194,0.014340837978116344,-32.46803407147306,90.06380286032058
-31.0752475242238,94.52034393240137,0.007957396912759821,-31.011287984078137,94.44531648173141
-30.726081683770822,94.60498233840606,0.010613969476112886,-30.648360336445613,94.46850634771269
-33.75232466931215,93.24601116485113,0.011002081981918321,-33.724266328481335,93.23847214059069
-34.36340933771718,91.5134039001259,0.011955814484676449,-34.36322922293805,91.543248536667
-30.954915852829895,92.42256976218054,0.010536250089482311,-30.9454338153942,92.27983202568315
-32.573515997838385,90.81744725663228,0.012292803622254793,-32.61991261068816,90.63607251606861
-31.317638076279735,91.35300111885498,0.008475461376919855,-31.35786387449965,91.30450376143604
-31.377850857062295,91.868690534415,0.007754925577814551,-31.380688522417124,91.78425180573498
-30.670031342196953,93.38235680857173,0.01334554966790757,-30.506512673907576,93.21265021844476
-31.536838194773015,91.23426876936155,0.010485434226454546,-31.52923361208831,91.10510449753599
-34.18692900287869,94.38934511619762,0.014299274822080621,-34.22764192004289,94.49113726884457
-30.871474254161853,91.48720871440564,0.01624798223933228,-30.72399610865906,91.23082204841067
-31.10057343124215,94.81620747338486,0.010897120039750985,-31.08144078964949,94.75124235590602
-34.93895419188717,93.4407913748905,0.007401937809615104,-34.8722562295765,93.46620657395363
-32.03850356511702,91.80527061537916,0.008838422482778975,-32.00412303871882,91.71754830549985
-33.363136312398275,92.00480777824441,0.0069592102487445184,-33.33557193962889,92.06115586334131
-34.32125376828126,92.93350665512487,0.009504265861391623,-34.38586744061909,92.86994917807786
-32.150858464798034,92.33605278205916,0.009756570019534425,-32.1106692543207,92.29293079209042
-31.479794682891765,93.63548850839518,0.011700399742493947,-31.431414052415157,93.54112893376883
-34.17909188114427,91.22576890446292,0.008293587518903626,-34.184558896402265,91.10864257724847
-32.062539295847884,93.83937588886636,0.014010108075615615,-31.947410674154227,93.74282170426
-33.47049878920021,93.5217370398039,0.018278812053638002,-33.450069147337175,93.41729892110236
-34.61962089535131,91.15437949877486,0.008825532270017707,-34.56804933558609,91.08751110255474
-33.91601234855176,90.15336523771167,0.008615749191293574,-33.86090611384744,90.08060121533954
-30.145239847598493,93.21435070845341,0.013736343381196447,-30.081587703394078,92.94973562005619
-33.67877109705558,91.79050392338371,0.012944034771774977,-33.66852546000262,91.69901504076633
-30.78857824425144,94.66838599564383,0.007036087893989947,-30.70481450523943,94.58072724815717
-32.90742761975216,90.99915565767697,0.005773761481837063,-32.93603250659407,91.03772796448168
-33.22587193203537,93.86147718812408,0.0119653254028365,-33.202246163498025,93.79919596732209
-32.78505272244496,92.7456892632333,0.013982990008006369,-32.756639169619596,92.6844100213096
-32.5173300539854,94.78091800605723,0.012270805628658664,-32.3421890043758,94.65446599286635
-33.028071993558,90.98144754061185,0.015875554037761558,-33.0586327598301,90.88065604946054
-31.753130433465223,91.37701140317866,0.01208519466060056,-31.81426269341116,91.19216926070663
-33.583770833923516,91.84918001934197,0.007210833392587766,-33.59435542108455,91.85774933699868
-31.265841636148416,90.15100436941016,0.006730486345657102,-31.247563543035955,90.0742660616846
-33.205912799973895,91.05928589136946,0.009651164553723732,-33.18895805787847,91.07377808330418
-30.43592019204726,92.7203036378704,0.012971890126435426,-30.34942389677028,92.58037309730841
-32.016081316433166,90.13808472134423,0.015858422568578494,-31.96526115118739,90.03950390416583
-30.90398482685488,91.89024847558859,0.01677493222197202,-30.814824077818475,91.66452774530686
-34.843916533990736,93.99709925755465,0.012836441996280095,-34.79245633596427,94.01183793202459
-32.752256922324776,91.63715082639452,0.011261988517063929,-32.734920856188985,91.55511825001976
-34.18210296853295,94.13163664467915,0.018752641003008268,-34.071748270549314,94.05057600554014
-32.11777549875887,91.60306512733565,0.012435719500753398,-32.07374890433569,91.5312404231036
-32.857656944377155,93.2629524873555,0.01358604427653845,-32.78561226045021,93.17071877346373
-33.93087554587565,93.5803427163633,0.012669387188569387,-33.82949328148287,93.58206204641772
-31.76680556442818,94.33120255427437,0.00868070956051646,-31.701691634840596,94.24395143410005
-32.16761864013656,92.59128649857203,0.012484409283448959,-32.18275531523036,92.41606654101462
-33.36440300237502,90.8976023413388,0.012251864985755463,-33.38400902479142,90.88522842752103
-30.850946627132878,94.57606646914998,0.015981596491645947,-30.748939154851747,94.44694764403465
-31.4375346870629,91.41575404644604,0.014900873675363078,-31.392896158206124,91.28311591702881
-30.132980957414162,92.41493928552453,0.012383719600754793,-30.026096294025656,92.30114788756735
-33.011171094168525,92.02259153925,0.011067244646691806,-32.9722539323247,91.93959817925796
-31.192169399467435,92.90629482750882,0.009156415485462649,-31.11993849756472,92.89120086047446
-32.215816666968465,90.50296643683888,0.010719296674017564,-32.14583802292211,90.42434616782856
-30.35841529236158,93.05229542849847,0.010025731409117151,-30.248656332174054,93.01840222392525
-31.367033376413566,91.59190065355762,0.010708380469017635,-31.29151925533736,91.38709628343443
-31.544652759089217,94.75414810419198,0.008398066584988654,-31.497866406250733,94.67259370351081
-33.74361901882792,92.49257523385351,0.017805844850377523,-33.63530242114935,92.41689340619467
-30.896429490641715,91.13531646811924,0.008599369677460245,-30.91141335542248,91.10112643527951
-31.803378007303124,90.30994486698572,0.013786448889267298,-31.85157590707892,90.09227634731825
-32.3605188475113,94.90388667628379,0.01404227412008448,-32.18828445846755,94.78890922393403
-31.119638242754725,92.08328839257891,0.00814011459761349,-31.108654844611948,92.03936717878526
-30.7339795056662,91.0747864166913,0.01207838440411244,-30.670553817948353,90.92888696180523
-31.727253138539766,90.43475399879905,0.013973684033824249,-31.702902764931014,90.34036331973914
-32.39905689535666,91.359233944174,0.0085945755225098,-32.447418404319,91.24632270382152
-30.909213895935416,94.9717443397707,0.010766089356930957,-30.905883974012994,94.9064816828709
-30.63449097462011,91.55376368343023,0.009660790964807006,-30.615890880932206,91.38843886356402
-34.43716556356482,94.94531384327972,0.005,-34.44057472738677,94.8994829184462
-31.52480073460386,91.73374864091551,0.006884682667127542,-31.517065513385763,91.63383371233162
-34.83841858468167,90.51212891798392,0.008612785921660183,-34.842624175639315,90.57937026062545
-30.355849471952027,90.07070338595716,0.00689889320144772,-30.296671381732647,90.10556175125413
-34.055591544420025,90.03179966006218,0.01000176462290669,-33.99361937300334,89.92728087215079
-33.597606680141965,91.8577064758268,0.008145537095671748,-33.56550159172947,91.66778841367486
-30.634157546567167,93.98419987351373,0.009794177531056639,-30.591609310093904,93.86179158514287
-32.53441458308311,94.46519654497504,0.014461762859222703,-32.37273255598986,94.32941604376926
-32.2422296284396,94.42456771986967,0.008328326098100034,-32.16336900835167,94.34040690513096
-31.919114000589833,90.13768861525045,0.015640943053759678,-31.934172342776098,90.03186302229079
-34.751192553597434,90.95528184257037,0.012280444197010628,-34.70142303151332,90.85051977486242
-33.358734715015416,90.75845080258875,0.01072468085238386,-33.27927096165722,90.80855581421065
-30.001237917639312,90.36810735511138,0.012901261915303205,-29.978533311692924,90.19758075987154
-31.918184373118535,91.80965469910441,0.014294458141959414,-31.841801654044875,91.6489977696656
-34.340399469017,92.52200687015937,0.011598590307664452,-34.28062788636749,92.52631482826972
-33.212298872476495,93.06118472937703,0.012040678318258644,-33.11845810056667,93.0451239241687
-34.91644763799631,92.16903780597418,0.007452422001741052,-34.912968982363864,92.03302923655795
-33.66958432584511,91.08045813754299,0.011429289898495856,-33.58811937721642,91.0361676541663
-30.48166893006196,94.62996390310498,0.012854869017816108,-30.361499165519838,94.45367740015806
-34.659178703987386,93.3547637670685,0.013965816548146253,-34.54126103964377,93.26882747749656
-30.790082863168372,94.61738142978986,0.012304703908161938,-30.6945157437419,94.39789017193633
-34.542355655261574,91.45696768932628,0.009462581617231926,-34.495348618876626,91.4395280209229
-34.485646311261085,92.54199341443987,0.008901930044970764,-34.45381086165714,92.59865091328
-34.7846833598759,93.78290936190426,0.006458351737986565,-34.73362334801172,93.69704002011477
-31.380725551556463,92.6708024411998,0.011329767877883732,-31.244727953988082,92.54515831647905
-33.890009756162634,90.14137718625467,0.009666136287437555,-33.87565279808632,90.0374513711699
-34.85468446820392,94.41733632404889,0.01699150065973158,-34.80889205366099,94.46562990430597
-33.79800663818913,91.97278143468897,0.005092207453776228,-33.776749074773505,91.90459442229195
-32.485636385873796,92.4076428221809,0.010412085466640887,-32.45206708550006,92.40446399113785
-33.646897310739305,93.919760878739,0.012204705205207448,-33.581894158961674,93.93317510331075
-33.07933826287963,93.07197435978524,0.011058050112110241,-33.11748572218134,93.0474770097841
-32.574822442274005,94.03125101155528,0.015665897767378343,-32.505870272675445,93.92349485407632
-31.301842762754074,93.16321023999991,0.008892228765459085,-31.17687856529581,93.15890209486682
-33.52155993616583,91.31758188103942,0.013974840237945594,-33.47030188300666,91.36041664507938
-32.62524752640931,91.47430824882842,0.01109470850543547,-32.50678161933437,91.39646474774106
-32.16074898139057,94.986279567033,0.014601062835791406,-32.04540543122031,94.94744021099694
-31.696821363571253,92.48675553326106,0.01810581983874947,-31.577289604008577,92.3434507052561
-30.91034929871856,91.85348772585772,0.013390534728391405,-30.913218835564525,91.64836715359411
-33.33880062363512,92.20237467513687,0.011625955991567571,-33.26537511487921,92.14212232855415
-33.21525775205972,90.4777488228906,0.008785392349781837,-33.20792049941903,90.4570482144966
-30.720129074422644,93.33266655684072,0.01399142011257489,-30.62602210831004,93.17463286396168
-31.681815676112176,90.8925176742565,0.00901686248379244,-31.577700518777476,90.7919202634465
-33.56329788536544,91.8203876985839,0.013371763713734618,-33.472228405468535,91.70711280603179
-33.671586367872415,93.5524979040694,0.012963364581191414,-33.64707726513643,93.46442418984078
-34.2507008503368,94.82641070384794,0.012226886659175106,-34.123855537062425,94.81600942028956
-33.75081738375355,90.90578469025387,0.011037246020638249,-33.716081952199275,90.95708156583262
-34.28774121237404,90.4478155610233,0.01645631237672964,-34.319530742004524,90.38599148367999
-32.89795059818498,91.78142798712395,0.015113530501867815,-32.86190995712501,91.67344668966687
-34.1115826805908,93.9749932388748,0.009762773912098812,-34.064930370588534,93.91443924025653
-32.619378164113094,91.69235315992697,0.013574627402823723,-32.56255878279664,91.62613430970538
-32.024778355942175,94.99478942113197,0.007161149973305813,-31.932893413199036,94.87972499379138
-33.54906759915856,93.15132976776702,0.005,-33.54974262625881,93.19507178524441
-34.980748041865,90.48496862347089,0.016558887438554805,-35.05753637733125,90.48463912648275
-30.15407529276877,93.67830747295253,0.015706197108939855,-30.067189750806183,93.52910949473237
-34.04520920842297,93.12622263315532,0.017393461280490397,-33.977384066992954,93.02680457671548
-30.215492105476198,92.68222979212887,0.013789519813104854,-30.204357370245106,92.48283422895963
-30.54452407787473,90.64895195378006,0.011688757002914368,-30.501192095711097,90.5078034498009
-33.095332057203365,90.87646031622788,0.012887851671597929,-33.05373606014383,90.75099909093208
-32.25120735536189,93.5508166684933,0.01310439136153069,-32.205859409868594,93.51745264146152
-32.86245487489707,94.67770628708806,0.013257388974488213,-32.73094388677049,94.64329935427597
-32.08682258907254,93.07186365719193,0.01800263616151452,-31.93094804963123,92.93702962076925
-32.57646663928702,91.42843533480533,0.008902938184652156,-32.57645789528047,91.33552183264217
-31.105506009757608,93.66210928469627,0.015038203583591784,-31.02044210412422,93.52930155783208
-32.3440811786652,94.11184042308315,0.01281790738188805,-32.273030969089035,93.95733506429082
-33.50437525124019,92.3876945761458,0.011270122051797511,-33.45601440460425,92.36392298189324
-32.12676411229421,90.51186840324247,0.006638657743559012,-32.11852459891923,90.39836898999967
-30.654553418560095,93.75298283076026,0.013462307619516702,-30.65513089935809,93.59201527617525
-33.42626779692695,90.16207902479853,0.010744877041108224,-33.44538260811825,90.0987702229473
-32.26804646329388,93.35957899625157,0.01528662728444207,-32.194388273901,93.23532313736482
-33.821217491350495,91.32427191475163,0.012699107793142945,-33.74274522904586,91.28856006136775
-30.877789614520555,91.9696732739584,0.010390080368278539,-30.862892887458695,91.90853161938985
-30.361541909260858,93.7370769716022,0.014273281964591085,-30.327951241161855,93.53884291436832
-33.95713926201564,92.67438466723263,0.0060063106023040495,-33.97241407352411,92.64300573483587
-31.543757069947304,91.65993383873139,0.015808820260867017,-31.47358310568526,91.42732003721177
-30.958564338884475,90.37929699121757,0.015596734456625497,-30.979457409843466,90.1919575669436
-33.961242308218125,94.65914754088489,0.011368004457677962,-33.91904728307868,94.69140928728092
-30.656864953015464,91.24417383408986,0.009052558433380407,-30.633105776005642,91.17268634851925
-31.913394607925504,93.10855818282126,0.012307555126821334,-31.859280957639974,93.04179666285242
-33.95274049972971,94.91268322889752,0.013567781296147281,-33.959912249819084,94.85545918859607
-30.602531659605727,90.14786703256357,0.012659626722164342,-30.598420542757538,89.97941047945898
-30.52816088183023,94.41691906317031,0.015291999613406805,-30.449685278590884,94.12187320858116
-32.52811696035665,94.76054055596428,0.017080703921325928,-32.42899079364957,94.64294409929968
-32.213042055700434,91.465861663353,0.01127275890008844,-32.15323288642335,91.363035933176
-32.33711322314686,93.51352349065829,0.012065486520879836,-32.27451945918379,93.43718312633145
-33.47049575273609,92.7733037333094,0.013765695255573293,-33.313853863452195,92.63354348018528
-34.670407951570425,92.98301480291349,0.012552074976922263,-34.6148728287832,93.04570746902436
-30.873773644278398,92.11326965158797,0.01078320951619538,-30.864925141060514,91.92181748262057
-32.190344482089046,94.78384295614475,0.01719503549172409,-32.15568772408269,94.65976798235693
-34.18740127824243,91.17584359200032,0.010026616424802829,-34.10252482226679,91.18777545880538
-31.014292579921392,90.05760174006932,0.013000477017163767,-31.00750413650421,89.9102542021897
-33.731777446220214,90.19247552231869,0.013857742458314157,-33.652562815237076,90.18201812617845
-31.537041262272858,94.96657098119336,0.013967555329108275,-31.433051257538054,94.75097957372924
-31.32131008791273,94.44856683683602,0.010040386768557223,-31.234364122531687,94.38645032546445
-31.373296755878563,91.48957117065402,0.011156847554608896,-31.350171192640616,91.30326461216274
-30.780424550968924,91.49444265884964,0.006747676718586844,-30.75996153749016,91.44657493013312
-34.40222594526938,94.09523382067322,0.012887045163533246,-34.31114078861515,94.09188767204857
-31.20292304818456,92.96936997290162,0.01507300075279457,-31.088272551864325,92.87361751583468
-31.5902040039945,93.64779557699696,0.01104489526691331,-31.458413322493033,93.52303437313792
-33.728245756736655,90.23693105631361,0.0138867476167223,-33.762144858397775,90.19919186982008
-30.529567815405485,90.26525249801288,0.008618598922621075,-30.477348238904955,90.12528896276748
-32.49442597123335,91.88224707044641,0.010309553088267033,-32.48616713928795,91.7956285327489
-33.46717031193074,90.43740883271849,0.008121626523345865,-33.430363185768286,90.35721281829427
-32.61803279255232,91.71869537625872,0.006847890287355021,-32.62288747987271,91.6977449699446
-31.129336425672683,93.87938437085627,0.006346636154843459,-31.062370231218452,93.86830848016939
-31.257798192262022,91.98764416888679,0.01102321922682274,-31.220145243541733,91.85217026578029
-30.645062925388444,92.12999302815003,0.011654962533950427,-30.53345066712656,91.97969756063463
-32.13943166263171,90.53025891156952,0.009860622754828944,-32.09289414311694,90.4265259391654
-32.77622771967334,90.89572559580947,0.013978203077968427,-32.7021493438166,90.77767811966706
-30.38187573724602,93.01822613904639,0.00915580401245954,-30.3615456954644,92.93758953413312
-32.907493637385514,94.99081941212702,0.0159108263533857,-32.80054148011071,94.8043211351298
-33.86620296973248,90.10542096564006,0.01060089403866509,-33.820557501667956,90.06805184218072
-30.979728723729057,91.85135266339586,0.013865924591432023,-30.93993591744993,91.68851350288166
-32.62630519814893,92.33946792786914,0.01127711311749056,-32.61533151075136,92.28935093104744
-33.61880187335285,90.13901866965541,0.010559449568584699,-33.63983892023029,90.08606724876387
-33.28957748030374,90.08270491811913,0.009896224255703218,-33.30714163506125,90.05526922835126
-33.193875808562815,92.73732488121998,0.008549305630834473,-33.14680972898642,92.65843223659874
-30.99146930596467,94.37359777407164,0.006312060381598005,-30.917462283819273,94.30656098918287
-32.1695364722512,92.534812369797,0.010305862982535522,-32.150417663984896,92.46856891398161
-33.63536399761531,90.66684955777895,0.008110262837266177,-33.5860509152681,90.64148313318967
-32.70320311820617,91.94069553889234,0.014485844973194436,-32.60620427051244,91.8321794137357
-33.73541375382871,90.2316486699884,0.01521763216694155,-33.65876679541368,90.14612516550237
-32.85738444900857,94.99998265701412,0.016141827019278385,-32.784667409573345,94.96307774539358
-33.345589371098356,94.17683154226756,0.0065821086083166945,-33.28260753695992,94.19746283961072
-30.996396401449505,93.83562071285516,0.010819059734823054,-30.92456068441178,93.75567689912357
-34.15753487366606,92.59579335467811,0.015779634405154685,-34.00246822749836,92.58240469479581
-34.24522650803091,92.46222547939618,0.013586963426923955,-34.214313896879744,92.4641102480278
-30.108696828650505,92.79991227194729,0.01706496887493193,-30.019329165255833,92.52471729904772
-30.65932630964962,90.05626358663726,0.010413658449644926,-30.636231370164587,89.79785610719318
-30.741514787463768,91.70766360509622,0.011417088068998615,-30.64385275790052,91.60963221622072
-34.97586296561418,90.88491380233492,0.012368902678096164,-34.94440789333655,90.86317498765985
-31.397032571648673,94.58234131546179,0.01002281726108109,-31.26461277919035,94.45123487088634
-33.16978492448417,90.10043456288354,0.011160515613334176,-33.13694325008361,90.0604107004982
-34.85162817939396,92.18942813667657,0.011999628292747736,-34.791913370559605,92.17702458794473
-30.479508324997493,91.70238878825425,0.011896959926242205,-30.543628568448387,91.58748838431082
-33.250055597710656,92.91131505290264,0.0125428441488721,-33.20874756267068,92.81312106702681
-33.14204739016072,91.26981959034208,0.01830012153948722,-33.0646980880084,91.09700148003752
-34.20931876888469,91.18504600101977,0.010912516356467103,-34.165874180744375,91.04932875612103
-33.36400553853879,91.56964746838855,0.014179804135649933,-33.33300895559717,91.54785339665447
-33.53143184858058,93.00369278332143,0.013498893329238893,-33.507837062654055,93.02915682623181
-30.986778993882826,94.42955382512466,0.012670380162908428,-30.936010876918385,94.24836810917894
-31.384782530854753,93.75738736903804,0.010556301122776958,-31.29932772044745,93.63326162256013
-34.72943475230876,92.69497891793166,0.012361819423526306,-34.70284232436578,92.70339697686663
-32.01861427652757,90.39582358173683,0.010023147128164135,-31.95226191019347,90.26315297904375
-32.03486091517859,93.80670558721104,0.007006544305305876,-31.946944500290456,93.82876321858521
-34.859552641010275,91.66390349721952,0.010934111564989923,-34.79003652031749,91.75112411376945
-32.10542351064359,90.02765744680575,0.010026627723949546,-32.04916555972715,89.98729584034645
-34.18011624555562,90.20666509769246,0.00982618631260852,-34.14130151229571,90.22257450719839
-30.086308558505312,91.36223561705752,0.011621003170488196,-29.974552104596377,91.12465079281745
-34.92539163905184,94.54648408605453,0.011343237806859183,-34.88402952595561,94.57743987914158
-31.140418745876957,90.95934643810409,0.008133641597249669,-31.107851742511517,90.84893690741256
-31.48485171409943,91.70472792174353,0.013042532318717975,-31.46543404720714,91.5868451584292
-33.508737592215496,93.2425975791556,0.01979735653509898,-33.42863514630693,93.14977963447905
-31.249368694821115,94.40472073615328,0.010922329433178966,-31.185724114523843,94.25538902887756
-33.8130336602801,94.96911957877023,0.01054873188744203,-33.8175525838513,94.91646034680052
-30.087740020014262,92.74974375776557,0.011963335029589893,-29.991686667372726,92.56762614318362
-30.6691413690009,92.0043017735385,0.005877680830627435,-30.67224730655201,91.90974444571651
-30.246563000245803,94.77226649817456,0.011308672682445795,-30.29673013155014,94.61433994286209
-33.8391480692783,90.8932633838786,0.009801058233214676,-33.82131796772314,90.96155007479153
-34.31255812916554,92.08909739736389,0.011425041383718379,-34.23249060903464,92.01175767397027
-30.65656091449748,92.00443185294526,0.011244545138262103,-30.59374874360024,91.8826308713152
-32.64828730509666,91.47556505617756,0.005451901483636129,-32.677976488496924,91.51238882320945
-31.428528500922766,94.76198640273134,0.010639245110418458,-31.434116755240204,94.67840136405442
-30.221099410715976,94.23429338458897,0.017764374303694833,-30.09395203197565,93.94729619421453
-33.34757335899795,91.43864885067131,0.016401691434008676,-33.39171301075895,91.30951814767046
-30.04021072507809,94.86332312567214,0.01147107846402061,-29.87488363773677,94.80206157779776
-31.75110655228873,94.85520284099151,0.016385236163851548,-31.66893130791356,94.72335836955841
-34.953844331255894,94.81313611594608,0.011570075476177381,-34.92455014801534,94.93424152188862
-30.89061064631126,94.8381111227934,0.012988314915975751,-30.80844381295427,94.65121982048288
-34.94085460245706,92.85373238511292,0.00882356358556187,-34.86565521251336,92.9018914195768
-33.48062366408024,93.41460224223574,0.01557230820209377,-33.48407526617918,93.29992148587945
-34.107554930159566,92.46166725430528,0.011919243495024202,-34.06458176107326,92.38944658453885
-31.78182646309366,91.50636460939647,0.015341514891714975,-31.77031232017616,91.33813029398549
-33.29898009389632,92.12820717194917,0.012514067491957914,-33.15710339640682,92.11315137616278
-33.79085104107105,94.67637828165583,0.005,-33.87199361191289,94.64164188971232
-32.67294880117704,93.68137187293941,0.013201629350761586,-32.62054649408055,93.58552503037716
-31.481250871109307,94.74172202787136,0.011990823015878324,-31.443839177191045,94.61964071567071
-31.43623254366543,90.98224732682579,0.012178970744339008,-31.41589411355871,90.88937811929677
-30.614259454392705,93.57362804277578,0.010407822145967955,-30.551925947749147,93.34933468006963
-34.25018427662276,92.27597633777827,0.006944520358404423,-34.24215319289462,92.33169258917601
-34.375113121653506,92.54934917116151,0.006726441948305855,-34.40176332793714,92.59587502035167
-32.54364071506114,91.43494134826406,0.011803373352901273,-32.597600851528696,91.20793522512157
-31.835628625676094,90.06139490260442,0.005540906707091792,-31.769522534819487,90.05510094805537
-32.5684177531743,93.82098651166092,0.010706130193718924,-32.444760758471965,93.709937112055
-34.16869132905647,91.9181000229381,0.009671062470375344,-34.2266105160748,91.88803397068072
-31.511677397648427,94.92924233702574,0.007884754885103276,-31.463932970158357,94.89742807606635
-31.235495229203217,92.98063179947832,0.01465445972920669,-31.17074312112927,92.87301570551722
-32.85408311619692,91.6066111509685,0.012922817089204858,-32.77304489373524,91.54457217018394
-32.15772138838365,93.15438375649292,0.009715625300977146,-32.14336437680925,93.03780178804311
-32.85894056762905,91.98341437368465,0.013611256645010188,-32.80920994747869,91.91070377362682
-34.87611191695476,94.61793131276988,0.011718339657131111,-34.797806075101526,94.58690174390713
-30.23367434141108,94.90083800801071,0.005425304003399336,-30.175315240074873,94.75070556807164
-34.91659060011393,91.5295580477044,0.011506470753749007,-34.77487314642301,91.64334442989082
-32.02795448494171,93.6838260848677,0.010307338593997125,-31.945195059865362,93.58551668113162
-30.584239980989757,92.72899838406454,0.015171155087328487,-30.485834498230833,92.5361087808431
-32.8992111460493,92.3992485514648,0.009367674490767967,-32.871586471630806,92.36072146719754
-33.56668925517534,91.45215482875842,0.010592678080033082,-33.595209711078525,91.43983244256138
-30.883206418613668,92.80743950880185,0.011470465505966969,-30.861559247318574,92.65143236379744
-33.49820544617756,90.29671768273316,0.014248447374456496,-33.46645273493047,90.26159198238085
-31.19907716249602,94.44468846447097,0.010083531604866759,-31.133018653548795,94.25208656579672
-32.009778001334105,94.02474576672888,0.012264979932963885,-31.948679899255616,93.84239271414991
-30.17080478275701,91.43478575614718,0.011383176091696387,-30.172138827080868,91.21665877681538
-33.293280626829166,91.94636980530008,0.010307591101624663,-33.28345404323931,91.82956028648728
-31.99750738108237,90.80756164183465,0.010755526277166992,-31.940567319029043,90.74516780647461
-34.57109869651487,90.9976068263789,0.011635878212462055,-34.57220018496686,90.99112755626486
-33.31216951690973,93.46494960138885,0.012063495194126778,-33.3293448630143,93.43812512012522
-33.21713363643876,92.36080204014745,0.015447230359822659,-33.10779116984732,92.27316218483159
-34.79561612809114,90.03159041329377,0.012635113940599102,-34.79698531899403,89.98435031054512
-31.139843693492715,94.94442433019482,0.008214881091414713,-31.053864083303694,94.75252623935444
-30.442475766359834,90.80408965089836,0.013417267720297003,-30.312832979510357,90.53104634512705
-34.79730422926841,91.08397775550701,0.012588863958586426,-34.75301039046954,91.08369363790183
-31.163066338197044,91.31465753567201,0.014974131149112453,-31.161904837051164,91.1394134123268
-30.857834257997716,94.19761036594753,0.011549681981064862,-30.715624603345894,94.11238554848882
-33.77481608315385,94.33904530208844,0.008155698440603838,-33.73092108703997,94.37444037378376
-33.633041417843614,94.15713797479611,0.008773852076571526,-33.56387859066769,94.0971859304402
-30.804560584492343,90.36884378978436,0.01781684453035865,-30.85237766991809,90.18842752011022
-30.92238277323384,94.45866054633647,0.010362381022061997,-30.79124808540243,94.30942734507168
-34.30866570043254,91.08774406845416,0.014257803888085742,-34.23153464159806,91.07844968659502
-30.284165921665462,91.35497292014654,0.010312061774863414,-30.26333739755101,91.15199282836817
-33.32400682574838,90.64164780143413,0.01371288461466912,-33.38363975580156,90.60686878831196
-32.99890614967046,92.1003928687919,0.007888874748956484,-32.92646299286598,92.07559787280643
-33.45004887053985,91.80994782646559,0.013412596265309908,-33.404629254837246,91.71932186027271
-33.80897321554813,94.05356355480409,0.010923810926441449,-33.7513038052706,94.0413509547871
-31.47308516215864,94.52107779491439,0.018823005685124683,-31.43176572513084,94.19863131304662
-30.14603902515357,93.42597800250873,0.013416503583198357,-30.006306705885503,93.28754254162959
-30.570665739298597,93.77621591179476,0.012900567586160748,-30.507622264414916,93.55569324288194
-33.29660467049149,92.87731470542035,0.017690232891840327,-33.24999764403685,92.74361340181305
-32.019935018316204,94.41716465747814,0.010154322122634913,-31.97720348375168,94.3194451774805
-34.981124143734526,93.02736332819589,0.011921940008116281,-34.89485360394994,93.01142281472087
-34.58385119531642,92.31916160499472,0.015914960131200806,-34.47564538851637,92.3235619428255
-30.556023300826006,94.63719749816389,0.007369946905519006,-30.41896786721951,94.49734583631997
-30.74107101565441,92.60971889288385,0.011435105793609117,-30.61949870806373,92.45961176303705
-32.51592951822672,93.0056425234199,0.009441745780380343,-32.53862784990403,92.955234198766
-33.56858194583071,91.69685589565022,0.013511584261693757,-33.564645524512,91.60417172452297
-33.75532053794968,94.36092201588939,0.009241352911036074,-33.72614870908194,94.33195387455164
-34.37185155971276,93.8648462986248,0.014296055969364079,-34.29193097430227,93.86419845517449
-34.875242927424424,94.18530477839732,0.012703524701256297,-34.790239221404235,94.284604915516
-33.52814213086383,93.91042484154163,0.010979482459428643,-33.45351461312774,93.79535153513419
-34.601862634211834,92.04297502709018,0.010794102020636381,-34.586113187213485,91.96184861765434
-33.92431918380172,91.45408934095376,0.009409710633155793,-33.97692886130743,91.42420392010392
-33.29298210905582,94.98226167534953,0.012978000099544935,-33.18825878473746,94.92313276188945
-33.003652920129575,91.93848781212,0.011279513495267044,-33.02715884858518,91.86439983783066
-32.80632852547032,90.87958637647554,0.010171707653171269,-32.77299750176803,90.75421785845954
-30.171276942800613,93.4754073910243,0.012295441914364241,-30.07575809722565,93.32735337025703
-30.141893182684388,93.69313818123953,0.008459621471024121,-30.05996434059576,93.66255161711956
-32.439309429071606,90.20941702560594,0.011998966290391605,-32.445353306789855,90.20584706555528
-33.297141684078085,90.34429806466417,0.01704985673053407,-33.169019626784554,90.28705569985668
-34.030977445381666,93.09611776849015,0.018307914826765945,-33.90238477928795,93.09350268770064
-33.594905066229686,94.74047765005518,0.00953537906569176,-33.513586854521336,94.74950870600222
-33.214854560758816,92.85176781909186,0.005569863787577757,-33.26345466026837,92.80935620255897
-30.060842082097242,91.93388074308875,0.008878600467911849,-30.045881759672422,91.78153181124424
-31.77181691745643,91.69671708753745,0.011236947263501334,-31.75207237656038,91.57663701737597
-33.872234904233416,93.8299547221482,0.008752171961336012,-33.925091411505484,93.77134947832909
-30.60436705731476,90.04220775708622,0.018604316195039636,-30.575061105776562,89.852891104072
-33.608727894631286,92.84775857337914,0.010520408511461908,-33.56946758498391,92.84077635713174
-31.05473158506671,93.20796646355876,0.007816716681741807,-31.034394187176076,93.11432786951352
-30.815630876383775,92.52006764215378,0.007900858901801727,-30.722376435663254,92.47690403205128
-32.212706573184036,94.30601795413014,0.007833281460230806,-32.18256066379246,94.18365120751298
-34.12358014419883,92.96471511173863,0.01049887595848886,-34.08247624896666,92.86861728770343
-30.276349509560056,93.99391747932367,0.005,-30.26178934940705,93.91686592183332
-32.586712226507004,92.65446269019955,0.008838490260135445,-32.48665579962919,92.60604145800731
-30.509053412090175,92.8071811826877,0.012330233439114258,-30.42643439358334,92.57433421977592
-34.68184481832674,93.2670058532861,0.01302362147242426,-34.63088330670815,93.36027564698684
-31.79980002679313,92.10034168958113,0.010064306706399805,-31.74739143517122,92.00857664344473
-33.41809571861908,93.5555821303541,0.011648254290218185,-33.36204265260677,93.5455029831115
-30.801620637390055,91.18546562228813,0.008273624437778963,-30.79699196438008,91.14776282176118
-34.28230822714245,94.5344483818002,0.012884640263989122,-34.166210547756755,94.5322691829943
-31.879946450291584,93.12502483546636,0.01163187081435819,-31.812784227879693,93.03074935851312
-30.93683297639668,93.49750691600619,0.012068490423159961,-30.853065856133803,93.35496085313517
-34.37457230804227,90.27398596700534,0.011066597431597727,-34.33514431005036,90.27805955492279
-30.274123452144945,91.85999863227109,0.015656309068895598,-30.17933636648302,91.73831640604503
-31.296820279358133,94.78048765890422,0.012369761731388741,-31.17791694641875,94.64063700469052
-33.83460789361949,94.12865869130871,0.01375429961843938,-33.796446362515105,94.05466441029992
-31.80214901040536,94.4225257825012,0.009809336126104172,-31.735580493733497,94.25393642559727
-30.006222760637733,92.34373350627905,0.013717668032301233,-29.948269166975248,92.1831726760471
-32.03280509858621,91.76249510827449,0.00920307619696523,-32.01078884995646,91.76283672570956
-32.997524957025725,93.68207690924567,0.01735070254914668,-33.01217447924626,93.54099811048154
-32.00317422448351,93.83092881214635,0.013684757391077025,-31.972942329466974,93.76060989248536
-31.797781330287044,92.27009431589629,0.00953065170729638,-31.682427200214367,92.19096548202839
-33.00318500297104,93.96372493826858,0.012569896281899879,-32.992600379611325,93.8200850728739
-31.44328061608181,91.67338726976061,0.012383163819633223,-31.375009011573773,91.53982923288353
-31.02927969305749,90.62978306738205,0.008837308420260218,-30.982124289226782,90.54902772959802
-32.83571722132579,90.06807566063894,0.012761610356149028,-32.795983996117954,90.00668821978857
-30.237274281195308,92.20050794819683,0.013241889325139885,-30.085783706847128,91.99030300110164
-31.230668324965595,92.65342981282176,0.012157316320345201,-31.12956633369089,92.71986177968913
-34.446294643014426,91.48113975662395,0.010256411023456685,-34.441038019945694,91.47828679515698
-33.717875087102605,91.85416756722648,0.014046068187278871,-33.70481151952232,91.85038525932711
-34.697532591771775,90.03362317159117,0.012447961726823657,-34.656137580458555,89.96813964592486
-32.807605839446026,93.59832529513157,0.011591271643269405,-32.83527034154355,93.54947812738703
-31.730674929809652,91.30244305523877,0.009658017586173365,-31.5721841504841,91.2681588454967
-30.992068591964767,92.54590995461179,0.008821651615227466,-30.883677138575845,92.42458085413269
-32.50742317406402,93.39249949115259,0.01596205470368447,-32.424495193954435,93.29720529014617
-34.92857158363899,94.71941307787804,0.01098821171201871,-34.83532766874371,94.72280272584736
-31.272238419662582,93.75463500572435,0.010373619060043382,-31.30288871845053,93.57356570188819
-30.126430376930305,94.88271768921283,0.010307419048444729,-30.078821043513017,94.77323266075706
-34.37791272146056,90.61351625596696,0.01328341548523977,-34.30678547604317,90.59481107075425
-34.388672750870604,91.82834731668775,0.014035694318168798,-34.2205660940485,91.7413053070938
-31.594833509481262,91.71073880364332,0.015362921753040661,-31.627980908226508,91.54504363509189
-30.605330336824448,91.25756100283914,0.011035756381568557,-30.614257885042544,91.1127043393908
-32.001424307234856,92.4940006220379,0.013873501878158528,-31.895785572716846,92.35829132695287
-33.330016180825254,90.16729674818724,0.0151679769467451,-33.35906096809419,90.03503255163282
-31.335391211604772,93.11467312706803,0.009393065604991266,-31.308259556251787,92.99900616317672
-30.55044785286621,93.26999319701713,0.012208502998208278,-30.48418425901036,93.11565701433643
-32.18788248952455,93.13373966862902,0.01648183071873197,-32.063333491116865,93.10418326506714
-33.56640210048099,92.73184470411341,0.011741889757290834,-33.5162200648126,92.72036631122016
-30.828827019291012,94.22194517966871,0.012070090929336995,-30.7249217310689,94.2064532469645
-34.387065781316295,91.17973967020126,0.013566494554858892,-34.244967955842455,91.16181949131588
-32.33299444088045,92.84046924967227,0.010665514341436878,-32.28964227684493,92.81917940511433
-34.83940661695307,90.93685860724395,0.01382587785892783,-34.73995077508176,90.9312976287254
-33.25652420304462,94.5949807541808,0.010900163366970434,-33.18178012058998,94.52472094712671
-30.260665399423573,90.64680044343585,0.00854631151205286,-30.172097504227775,90.59640495703395
-30.536944619515516,90.52282708845864,0.013567746007172185,-30.367285516665152,90.3535378294595
-33.53766478847447,90.2341675104208,0.013600890748362229,-33.534730426624265,90.22054108390189
-32.53137393570347,93.3090580880218,0.013422668103566076,-32.46897403947531,93.14532087625886
-30.935698157986895,91.12980296739698,0.014137045777794384,-30.85306048631929,90.85852188198257
-34.341805899762555,90.69008495341765,0.008024133169774905,-34.31990363821581,90.65476995537585
-31.841887274378653,91.793417504345,0.011610754540881245,-31.69714002424216,91.7451208110432
-34.26713758675879,90.15662853165858,0.012923261256721809,-34.22197051043328,90.10688043124877
-30.774390729940897,93.23273631114783,0.009061011131625307,-30.69364435300103,93.1107710841331
-32.331722845677845,90.75933015066578,0.010730061467653953,-32.26700588530644,90.5967101997442
-34.74646674070612,90.92400214050971,0.009077492631084544,-34.66419156854861,90.89981467168693
-30.47330847850666,94.54739227031361,0.008008700760171131,-30.39367092761188,94.46744492436036
-31.459904567840358,94.85362774128457,0.012788762684765385,-31.28349451070778,94.76284349421256
-30.345316085331753,92.94224839261678,0.010127192381781312,-30.277497990216126,92.88297043091589
-32.19613786993243,93.50119517915873,0.013956515234605761,-32.15628084676591,93.42958559746405
-30.716402471073387,91.82899401235323,0.009556205776969594,-30.633477338260917,91.79351422234708
-31.27790706385698,90.98749030909138,0.009040453143886304,-31.304130578551636,90.91584150634485
-34.504288671297715,93.65058778253712,0.009906717819238351,-34.38441246670142,93.64013301251524
-32.18548910823808,91.4859153246405,0.012196588228040156,-32.10287942194156,91.4106998566803
-31.864302356293848,94.26024884016253,0.01021779846929031,-31.739524349972406,94.18520802465255
-31.861728692912337,94.52509934699485,0.012249224161043865,-31.814491378058506,94.37400706307292
-31.087353489319856,91.0488833674575,0.009470782282035507,-31.137112344504782,90.97113132499904
-32.43801825642526,94.02508560900534,0.007049540262338319,-32.37139514613695,93.96378274393754
-31.875644258562797,93.81524033787508,0.014360009587565429,-31.74768252766484,93.68496185349619
-32.801559377065644,91.67309334650294,0.0111232182990217,-32.77663771328823,91.65201921645361
-32.759695949070434,92.5175201113353,0.011753677104685107,-32.749565522700856,92.46286031341693
-30.503300903923154,94.30606425306696,0.017267976307540286,-30.31679636495872,94.10579315930894
-32.64167439247037,94.7051163783269,0.01706602707267866,-32.58068524071201,94.5829229413188
-33.29923291749492,91.48409910814254,0.01321316262690132,-33.26836415629197,91.41552209000986
-32.04110722961653,90.2854930047999,0.011643742814727739,-31.943167747091284,90.19309880904109
-30.061256347643916,94.89934596703958,0.013193974562313093,-30.005387004051702,94.77319392994629
-32.425657216283064,90.65325777348286,0.009070940981461422,-32.40112088857589,90.67170854444683
-31.62472852232782,93.45109037056538,0.015323105264514874,-31.474703348616874,93.33685386158847
-34.26950492442659,93.86843859283863,0.01656430145627405,-34.17192822110627,93.87488328134992
-33.63146634743083,94.52226521033516,0.011396986515477629,-33.56604103491968,94.49648569214705
-31.993791134745678,92.09587340345823,0.013732087957824012,-31.930573535572645,92.00250536409898
-32.89438271748414,91.3237576860891,0.009967198947803959,-32.90330821837406,91.2830895313976
-31.88877121020669,92.47249038139815,0.015524684238233206,-31.787642003013843,92.31715536534509
-31.156866610618316,90.48221884984332,0.008812088528910425,-31.102689250494258,90.32973956502619
-31.31269442738855,90.35054842951578,0.012537367404778786,-31.30503658642998,90.13669152242542
-31.1699165320342,90.87310998128294,0.009801513494683493,-31.232285341638953,90.7619688804508
-34.9602209477158,93.55224639876545,0.007732289419095761,-34.94129895329651,93.53475235757463
-31.251722647381172,90.39047001143697,0.01514077467527987,-31.193250238597127,90.22497030339237
-31.798292425185842,91.12851779283345,0.010500811680997015,-31.769706300933755,90.95165204939961
-32.158105011811344,91.14021212322773,0.016973460887528612,-32.1825224008935,91.11698570550135
-30.351598678936583,94.46649596317923,0.011504959695356233,-30.277729734176948,94.33706127663538
-32.852883483019404,94.11553846087664,0.02,-32.75421452068291,94.04232434788074
-33.052706576870406,93.34036498410589,0.009268429180478691,-33.00518940688466,93.34155325451036
-30.98754788135156,94.43510941573615,0.01431066931461924,-30.829508806873964,94.24260323640506
-33.08971556093015,94.03748945975178,0.013261681327218534,-32.9617923988084,93.91329590128609
-31.33909034826766,92.52473720640354,0.012127766816285053,-31.245550729806364,92.32801557759687
-30.821307380865495,94.91997687893908,0.01675100102346755,-30.665189814052138,94.70716629177026
-31.757498392445015,93.952504771296,0.011809807238563114,-31.693137903334186,93.88036480761366
-32.45070820644976,93.72915695028233,0.007630171738384188,-32.36328630721121,93.69198944213119
-33.86891674307012,91.39546369619744,0.01417344596483946,-33.811926619522964,91.3286787773859
-30.97411480986137,93.36298761119272,0.011539302701659733,-30.94392165731384,93.20487413294485
-33.27681693942227,91.78153304048067,0.01581966131178186,-33.22661791640017,91.60557257259438
-30.369182907466538,92.00011385404436,0.015023985021254394,-30.198916460509814,91.80165134034965
-33.618352945944956,90.32695205147597,0.01488315515694012,-33.64574131758465,90.25465170330672
-33.3027828250462,90.61660391831231,0.013637129309168659,-33.30287772705046,90.49813925677084
-30.736525973744577,91.65666947397904,0.006767495458737721,-30.77585569047306,91.59808423773713
-31.104058120876502,94.04767432975399,0.014443462275263693,-31.01100813059972,93.86345899577205
-33.864866553239466,94.68174892695424,0.017682523016291873,-33.751579329791376,94.70451491498606
-34.343672367865096,93.87755714217771,0.009708798912632894,-34.28857182941329,93.86377889422481
-33.04583595828589,94.01815133230183,0.012825080227321031,-32.92293046167815,93.95153075924688
-34.91368526278713,92.59225233431432,0.012472562031626944,-34.927030261021166,92.60210089471866
-31.7588023943722,90.67245074822996,0.008098801027556259,-31.691095716900936,90.61983762851723
-34.67532719355235,94.76024046677506,0.010799675826554075,-34.69630796318259,94.77394331998089
-30.9504736299184,93.52644114818284,0.017277618544582412,-30.822249667819815,93.3215457489596
-32.35565742941104,93.86089543697776,0.014463632932639761,-32.2632356583745,93.7005107090351
-34.1365718624671,90.28727622192062,0.007820836167513591,-34.10634811446129,90.2594566689426
-33.5927403161656,94.28113560556342,0.01169687014900426,-33.51304369909135,94.27812282836292
-33.453234175590254,93.6601907402565,0.013047654759381919,-33.40418021462215,93.69771111513116
-32.00819468414523,93.46527447646554,0.010959368521193448,-31.89189765678723,93.2785052592085
-34.30369880899439,90.64428208936683,0.010207273165288841,-34.269109736588184,90.59931694031485
-32.64400382230905,90.40985681217435,0.007969471244747946,-32.64281435374547,90.37761589971946
-32.34813505559599,90.96692719229884,0.015942980629859615,-32.30256443170114,90.86881112481613
-34.580984853177284,90.94240804223796,0.011740520563023311,-34.54574817264879,90.9001417679044
-34.48117091869679,91.53011108316775,0.009015303426280142,-34.4999659802413,91.60901311887484
-30.796474679246124,93.50690048529479,0.010016079494850803,-30.72746038300866,93.434630697146
-31.496062786980197,91.39968173928847,0.014905620812030118,-31.432526423119686,91.20964662832924
-34.82419592004956,90.0523498333204,0.0135353282956443,-34.82073972323717,90.03521826034277
-34.722203891646075,90.24789014398908,0.011605433421557428,-34.67544383435502,90.19195923533636
-30.505159981154236,93.05456470604229,0.011747626874710728,-30.411248223561273,92.82422923647357
-30.12058393466565,92.31246862664348,0.011951333183464969,-30.011538547888627,92.14261774572991
-34.8487929358286,91.81002958089968,0.01297378569658721,-34.85903289236904,91.76278170180179
-31.643806923198472,93.96464289800826,0.01366675183178123,-31.637819708163196,93.79543722444119
-32.67209789878269,90.89663526262272,0.013315185869603802,-32.59284003854748,90.81004322796122
-34.793703086525156,91.48842441224215,0.011063302175774913,-34.734727609012964,91.50834304868808
-32.48958981024792,91.8530388040293,0.010915956944774567,-32.50296886103152,91.69680222797317
-33.84645837636234,94.09409422561693,0.014506581507120999,-33.756629932799314,94.06993229313005
-33.735892725529105,94.6304497386627,0.010854827249864992,-33.701795208768736,94.55694631401592
-34.169497626351735,94.1853957569095,0.013689753329862418,-34.06692321222441,94.12796035070022
-33.575041550106754,94.27885194782087,0.012568413514348061,-33.50498708300553,94.25952264828899
-34.685553160648006,93.84116030744605,0.012126382263817901,-34.623314228478996,93.7718308070222
-34.90982869943301,94.52090316325074,0.012594237393655523,-34.84205718546842,94.56501495142291
-32.87278152081818,93.528076216321,0.012698440545083407,-32.796188015224054,93.49767594011625
-33.114442306902035,93.3680198202959,0.010460630574753941,-33.08045482209886,93.32844396201261
-32.069159446213156,92.69910081728163,0.01243896083597442,-31.999790993850382,92.58097736340497
-30.686409438471333,90.95101580772184,0.011602445356995233,-30.658680503017948,90.86307913346162
-33.37810278206752,94.37729146680827,0.008347502738631433,-33.281639191992255,94.36786581486666
-34.651794784316785,93.77760954476585,0.014897908528102468,-34.60610056430268,93.74247990440588
-30.14229778790889,93.3690520334445,0.02,-30.022299964856728,93.06168925391037
-34.80030020819531,91.37586483348014,0.012635347956458922,-34.71116870505501,91.36507812283166
-33.010779108724485,93.2335237454876,0.013803593116502462,-32.92218623749074,93.13130474921469
-32.32726751837957,91.08639092828949,0.012237193610442086,-32.2346841483615,90.96412083943443
-31.793764662069254,91.64589611210408,0.013707542791977152,-31.740000132186548,91.44018020287277
-33.128531726534355,94.01450959233708,0.007854972160299928,-33.16905745931134,93.96426816020761
-31.250376665028316,94.8538468765393,0.014796970318610513,-31.146002766423692,94.58649789775515
-32.73572661307365,90.23083368248338,0.011442836416485903,-32.70805468582013,90.13101500933058
-33.82268852650628,94.31656592202123,0.015100731030649787,-33.83359453861557,94.21417612164154
-30.91940133844296,94.44866205793942,0.011688174399779573,-30.86437136296203,94.23554612843995
-32.280239798503665,92.41714909601694,0.010411201827028137,-32.33826682825111,92.34922892572226
-30.737269436213303,91.75006602006309,0.013698117418745,-30.62953739824158,91.61515341936617
-30.622510665656296,90.07909022679652,0.011057699636926394,-30.594653595586383,89.93258930058079
-33.492040320354114,93.25777952990128,0.017989244328846764,-33.45091703191186,93.20340534199082
-34.94262706323837,92.53684835516965,0.008479597580826389,-34.886553149381754,92.4957966771357
-31.742728423134988,91.65098115346348,0.013565833474110441,-31.666052256248417,91.53647688761464
-34.15593816868157,90.77402764768325,0.016519074661063733,-34.129510918958495,90.74240989306898
-33.12842171215214,93.11624489757862,0.00984078480494176,-33.04146353648583,92.98085477156101
-33.067229844107764,90.67475407510699,0.0065880808766160546,-33.06973620596496,90.7185457178668
-34.97472069594794,94.7656406124492,0.008040270897203022,-34.8916016094615,94.69164155756683
-30.99225860873939,94.97801341113257,0.010315550943744891,-30.894788419145875,94.83784565803049
-34.4157170036205,94.21991399118338,0.00930167920617909,-34.359919050420096,94.17422755919698
-31.24063946381554,91.83988523406673,0.012338455670869983,-31.12281573898374,91.65847950189162
-32.33303843481408,91.5894070536436,0.010591220693824292,-32.3087909814634,91.51963392309612
-32.87890911297706,90.43103129452022,0.017654180657717927,-32.817150497818645,90.35217547410309
-32.771703749501896,94.7513832218302,0.01437114133167304,-32.65812506937309,94.62816497499098
-30.821349993904185,94.2648120807069,0.017708684995288035,-30.727852294967466,94.08206598861223
-34.202594974722004,90.3937769407093,0.015170623935442187,-34.17173152272205,90.42714148678125
-32.6243549249224,93.03060623933801,0.008304747983264436,-32.54643022995883,92.90983656937512
-32.718172874222454,90.68196712364445,0.016995401262444174,-32.615476844266055,90.55858366554965
-30.04823094722922,92.87060040145143,0.014625913124099886,-29.869555048041807,92.71367486875545
-34.88537680630891,92.27311906884603,0.010344048754298764,-34.867646856031406,92.26838252103546
-30.98822418115875,90.0764874875812,0.012262855236215679,-30.907416159575583,90.00318499677996
-31.266180066111136,92.34202489270902,0.011731502411502294,-31.19013851534145,92.3313798507815
-30.35010812941303,93.81405514997313,0.013066251328383452,-30.20582024357592,93.66827262118892
-31.339629481186993,92.25652363601979,0.016023209161411308,-31.24978246886397,92.051503722883
-34.557052144724324,90.65254440929631,0.015392733353757229,-34.495084806456816,90.68340269151237
-34.68887202792389,91.35627597724547,0.009562266034434302,-34.66237209703649,91.34364932490463
-34.25899398371831,94.17943349089394,0.012931140648556678,-34.25695032170675,94.1481683437407
-30.59633668108772,93.34001776735298,0.01242850748694789,-30.490406105091648,93.24543841188671
-32.56391378926282,90.46806214874427,0.005832011526005177,-32.48661992807221,90.51674513226043
-32.377593270338366,94.10354561928686,0.009641856396892351,-32.35384915149071,94.05032168510857
-32.02552312225834,91.2870715692246,0.010098792601759233,-31.95670714027207,91.29555791367818
-32.738166462357825,92.00459964637304,0.007522463044632571,-32.6792946604569,91.9202594409363
-31.162783174479998,90.40463081382471,0.006708506303809739,-31.15409781099299,90.30343487890583
-31.78800370205817,91.39945887533906,0.010996362100755273,-31.73343750815818,91.19662638499787
-33.569238487759435,92.83222946493227,0.005,-33.509953025154324,92.78368979191555
-31.786085279687814,94.11581564862567,0.008364458936451501,-31.707905980403694,94.07798558543314
-34.005904084050535,94.89609490189143,0.011611283475927056,-33.92004589933634,94.9109241636307
-32.24041808867054,91.14474122654642,0.011885497095067801,-32.16563559859966,91.17610883106309
-31.550597986912642,94.66301188528382,0.013957819151812214,-31.466136705619167,94.46716031805154
-32.86918238908464,92.4176476270647,0.010476158517929615,-32.77771217251103,92.36687279708663
-33.978841763006706,91.7239452718512,0.019943046222838202,-33.95613110003293,91.65034059411155
-32.47146684590759,90.77350384997382,0.015520816990499476,-32.3603305373836,90.63754278683426
-31.184102203814664,90.18501795712193,0.015875253634661537,-31.218940807260758,90.00336735676183
-34.729494917504795,91.09015963245156,0.009624291871482383,-34.72739076061873,91.10422788008333
-31.707285554134746,93.24064517362451,0.012710851502314111,-31.671600412138638,93.04798501145738
-32.412290467838915,94.05601122216771,0.011715173356398944,-32.40811606341221,94.01728043396247
-34.179735474492354,90.14351926321898,0.01616532879120572,-34.17235568901909,90.08417022233476
-32.188121051381735,91.39758344204887,0.012472878519193618,-32.11233828058171,91.37454675870084
-31.88378165130734,94.1748122361778,0.013350966855226432,-31.783091559964753,94.06039810814691
-34.09560178112572,94.76927294558651,0.012332475420661139,-33.98443634731906,94.73474739142372
-34.03761825205035,92.13596833291938,0.010966136318235644,-33.93022287803656,92.06865824854444
-32.804106616628296,92.67281338478834,0.011035164430363188,-32.707878466285294,92.58807793977955
-31.454633960376285,92.27841167371278,0.006711415921135115,-31.429044180577577,92.14632211397713
-33.50329614075732,94.24245080477198,0.01168700316310264,-33.3989186141111,94.2435928633029
-34.90086789301434,91.56344960180401,0.006079256203653667,-34.915303693710456,91.52310784948341
-31.620700152055488,94.54832752022176,0.0064928061420898445,-31.566954790093327,94.48461353582698
-34.12917962710526,90.58053045733348,0.010283272012453118,-33.93707575166783,90.53917946380781
-31.54834382922123,93.25022073448012,0.008592680218077606,-31.448372854469092,93.1801749828139
-30.14385223835055,94.62748902859768,0.015899649488263966,-30.00664018829636,94.39825812797861
-31.14787363692937,91.27159139322943,0.014778988174333891,-31.098689972546087,91.02299691896675
-34.36243275543734,91.56007367444123,0.011643245698516028,-34.30620190697031,91.63804148376386
-32.63760056205324,91.45305349558139,0.011062122393336885,-32.6413640068414,91.32823215053102
-31.510007266917608,90.73606966998247,0.0157983833329184,-31.370219410536613,90.6516646414522
-30.054046756331193,90.77754440414935,0.014731141391148603,-29.971314194489896,90.56724999585558
-33.13058155043723,92.73285034135925,0.013484114786623853,-33.055732822215326,92.71340115143526
-33.357163373931336,94.83226036569917,0.01028790499318979,-33.35185260578301,94.82936090359588
-32.58501178575105,92.2365037001274,0.019174905093305116,-32.51942815968631,92.13843626464079
-30.661854236825437,94.2252978789636,0.007208378001133872,-30.599903920781422,94.22518536241324
-33.273441591971775,91.55640690594925,0.015853311229831125,-33.21143702078787,91.53296800495667
-34.40489174454515,92.14771446730958,0.015486381867279471,-34.353486925801896,92.1047572895859
-33.84180858914302,90.02715514732938,0.008933468920645003,-33.80816548439223,89.97134392960827
-30.339195482153247,92.60022311672117,0.012859230983977149,-30.22962135045742,92.4912480581015
-32.382290861119166,93.3754634724932,0.012646456152829227,-32.384905786565945,93.18798962161777
-33.14351913333659,90.81237172775761,0.014809163940184573,-33.174454955333694,90.76261489111964
-33.10847482978846,91.81663234696038,0.013605561709396445,-32.97328716750583,91.81319678647907
-33.42000710518475,93.47149567157848,0.010060745807006763,-33.34448419727278,93.40887978716643
-31.16325962213048,91.34881071361947,0.009380637948638332,-31.12087164132199,91.22803155212146
-31.10679289290227,91.8803615881394,0.014835285730684733,-31.067705799472982,91.6814608177845
-31.252853081606553,92.6033751816322,0.011619754693808635,-31.1802774488705,92.50535356484075
-33.112991074575895,91.20039392886777,0.014837686046758976,-33.110892661483774,91.09085196010967
-31.786900592168465,91.28903561800861,0.01547072468975264,-31.672392144482338,91.07277911775398
-33.68868651468835,94.26146425345186,0.009749113382289974,-33.633700854885795,94.25927825508718
-33.14594297292964,93.73557026478883,0.00776954082198569,-33.07519642504672,93.73266809638855
-34.6817341195936,93.83578795951368,0.013483101703303349,-34.64390329373003,93.85300160977407
-32.55147455037877,92.9362234233176,0.01241154034063614,-32.4461736516901,92.91360258178466
-31.642216914419876,93.3277310866896,0.013525147395638589,-31.52712806959326,93.21669385964914
-32.495349393187894,91.5483018990544,0.011834016827005033,-32.49451794776032,91.4866239884279
-33.34013324655557,92.69158205515436,0.01482609289177058,-33.28442074453625,92.52329606858922
-33.47383668208716,94.6933505366195,0.01005257104969816,-33.500548929304976,94.56512838397718
-34.21056999484305,92.77564177491674,0.007694948400478708,-34.1400653495954,92.76259456816297
-30.30476016716912,91.2503559304349,0.018934845664839814,-30.260107128810475,90.96541712512783
-31.785787243980323,91.48664746069998,0.00888961574272192,-31.74425460121566,91.36582868742269
-33.04851019198036,93.18766777617132,0.01578607059803941,-32.95007549147579,93.14138596670927
-33.964656869146495,93.99502444894192,0.014835405079356708,-33.8853321921136,93.9869849954907
-32.62889504106188,90.94920195959969,0.011079043839147734,-32.60344486747396,90.82593315835587
-32.13135550300419,92.76748549414293,0.019115046122110655,-31.973775805417517,92.65853457909154
-32.69296213397865,92.7299273377789,0.011041592062628227,-32.70932968191702,92.66871139492443
-32.73587020936566,92.03785243980838,0.011062322525513825,-32.63809803008936,91.9856487620813
-31.64298241022904,94.41777671974803,0.011936332460756914,-31.578206635678306,94.27495352876072
-30.55258036202857,90.90145327710823,0.014938518046932376,-30.479950791980915,90.67390663948161
-31.71455179089741,94.7560399360215,0.008951727190580563,-31.664382762439832,94.69556866622787
-33.802629523762924,90.17955705248801,0.017029487714081755,-33.8627867508148,90.07822021945516
-30.45479210972256,90.50139848027702,0.017021725057852943,-30.391029485903317,90.23371036721704
-34.64122105283693,90.09433418171473,0.01207189783401289,-34.69260351105383,89.99286712774449
-32.0520705324875,93.27552694527711,0.017590663809943695,-31.982840098486562,93.08228890362214
-32.31569010665851,91.4433951300278,0.011083981131159335,-32.313579351795106,91.45588834524553
-32.933996415134544,94.44385844755914,0.010449518080557114,-32.813238158746344,94.39422895466352
-30.61678579972126,91.50504549572904,0.01608282827178904,-30.57129820030354,91.28956900988577
-34.89315676092469,92.73156489402358,0.011850574312907078,-34.82836483983236,92.73431847775723
-31.545310364767417,91.37712068234126,0.010373583068909911,-31.509123207126184,91.20299287151073
-32.52112337587242,94.97197296667639,0.019032424324680275,-32.42365020665852,94.80903465091195
-34.174146564523944,91.96325978218619,0.014534226973734247,-34.186007599798586,91.94930257685695
-33.73007023267689,94.99665583721276,0.010635227475994423,-33.651175222238564,94.97648546284448
-32.172830465768634,92.57871660548024,0.011432018006179885,-32.108648392160944,92.49764093466992
-34.61680744667998,90.44342076050748,0.006405313522240102,-34.64257326730499,90.42170834550106
-30.775717894844504,90.42817113000031,0.009828060849482512,-30.749972759005516,90.163930970238
-30.72100946128051,93.04147321607809,0.010709511135590957,-30.74554885096033,92.91044172381494
-34.31538099866363,90.52572662164131,0.011289630041795205,-34.26028254470692,90.44697962901367
-31.329542441988757,91.37503949724466,0.013435899570965793,-31.27245694311524,91.2609630173105
-34.59456739101865,92.23592977544502,0.013260833234034588,-34.58340648419966,92.1213375041353
-30.26767803804821,93.15672161794933,0.018646868107372434,-30.130345660357094,92.92278200900702
-30.491769932332584,92.94616950912643,0.013606666170746249,-30.40832085646293,92.76274095134288
-31.77426446841026,93.70710184335186,0.009036086694868816,-31.75207347068043,93.66286159780199
-32.90091253704351,90.60988231042428,0.01082096047150638,-32.87545082856963,90.51096533724794
-32.658186716262115,94.76332359940034,0.010029538464306148,-32.560498305079975,94.60816098035711
-31.342565840981987,91.44059659801334,0.008370588029705165,-31.29958745045915,91.38799905437737
-33.38933586713165,94.374943521591,0.010075890541789763,-33.265455641056,94.33020539942883
-30.198010386300567,94.85575120226888,0.014177756327990145,-30.08021627051775,94.6487291937312
-31.184777336555417,94.08395555216832,0.015858078783912335,-31.090994172465408,93.83014497376638
-33.53279032038719,93.72204367174233,0.009957273594839985,-33.42342699034337,93.65802804818955
-31.12994600021419,90.06692476584935,0.010278232486046429,-31.060163776094182,89.932864387049
-30.688751100157862,93.09572353180839,0.01326429923397089,-30.584059355896432,92.93945363270797
-30.2220827725497,91.53520870696484,0.012389532739262174,-30.21473525196684,91.34166867125725
-31.09515877084924,91.73339910699389,0.012092370938663978,-31.011426151794524,91.65254687440307
-34.645259905711626,90.35234057505136,0.015671674868912418,-34.528636103415884,90.38855744262435
-34.278172308768376,90.47456523100668,0.0066692087008895585,-34.2547001495423,90.44482806699128
-32.05895337069586,93.27871504027247,0.011357103620410198,-32.02390180787176,93.21266984195191
-32.694372165227215,94.15770669446158,0.013548921404739789,-32.60289938261977,94.06186542555697
-30.41554287392879,91.01248687112239,0.00951584519646161,-30.317219366937678,90.87967100769184
-32.14077767575807,91.55452859791453,0.013354234992066694,-32.110931316583915,91.52411269409129
-33.03777184830799,94.94510614251931,0.01635474598766179,-33.05443339206163,94.83702244457275
-33.448759448241994,91.56632481168909,0.005336141313283651,-33.47926032715982,91.61377860773095
-34.87034730916676,91.80426864448835,0.02,-34.81056108063954,91.8559198594489
-33.044456057457296,94.65449901218236,0.01444450333291705,-32.91427127608151,94.5415621853393
-33.43852505406106,91.20642817747691,0.016639582766407684,-33.424878233620966,91.06657833066973
-33.669332828522265,92.40670311656753,0.00612801151813731,-33.58630196823333,92.30846999983292
-32.901331949284014,94.07476161588669,0.014380818270015527,-32.85655685689734,94.01358078466487
-32.099650783326425,91.17426305685952,0.00658918586294645,-32.086269945067336,91.1816283792235
-32.456893234807524,94.13444305151972,0.01080865856856634,-32.349399079383495,94.11957888511952
-33.989205813098415,92.15084484909586,0.009640016556422588,-33.94814098013164,92.11747161731445
-31.452722131658117,90.99816909821635,0.01661470404287635,-31.326927912378483,90.80455128988375
-33.59035165496248,90.41700674120816,0.02,-33.559112450708206,90.37197335990099
-31.19366171373687,90.12774795831152,0.010138735015271428,-31.11513527060452,90.02482381216677
-30.997465993531762,91.19353282269319,0.009546666154306145,-30.933094113352926,91.0101349011107
-33.85060118568154,93.41600967547427,0.00855440643950674,-33.90656264377541,93.39748826535872
-30.458368897832766,94.0897926775518,0.009646583356986024,-30.368813010553815,93.85747556079149
-31.642843717858,91.2711481199165,0.006155226697508863,-31.584884751080995,91.32584117556493
-32.52901289456816,91.24198504261562,0.017958205496574585,-32.464929207709346,91.01402282933557
-34.30374044197978,92.72180625190302,0.013090168454987307,-34.309066589298304,92.76598339196109
-34.94445663748047,92.29826674105244,0.012271142096742342,-34.93554359901326,92.32035637903816
-32.458150342288974,90.42327805018265,0.014063608143247192,-32.46151374033929,90.33305049686219
-33.22534463545771,94.28268443845337,0.015598867240906138,-33.13734360252695,94.12490743653974
-31.926123417200657,94.77166809389267,0.012736829397953852,-31.777139778631007,94.7755483426165
-30.867045510563926,90.49192973082228,0.016235626052187556,-30.895500974106398,90.3524272136995
-31.289490857482157,94.95815543126406,0.01231113580310325,-31.185139647301416,94.78141666901084
-30.836008740454773,94.35696969731711,0.0057556279112676864,-30.73503860811318,94.2278349344091
-30.140103347233676,94.22158642301414,0.00574160117155912,-30.082137440302365,94.08602833200062
-33.297758881835094,92.47891042562915,0.010711529710404614,-33.26302988426134,92.4365674111584
-31.494367000760434,90.47322797177294,0.011189914459776969,-31.489358560104474,90.33962076356077
-33.72642093530702,94.0103628495422,0.009909060133994532,-33.65314083437286,94.13742614489979
-32.39744424456389,92.43889609015929,0.007575834381295715,-32.33630481249168,92.3375315836437
-31.259028824921543,90.82210764523846,0.009172279987912337,-31.22797476518268,90.75290997438658
-34.66517267373277,94.38088695958021,0.017344519321710605,-34.608272272583704,94.41764940038655
-31.311525073980565,93.84986848071581,0.011572094013187413,-31.257009893890224,93.77749483494915
-30.662117826743383,91.82117592044797,0.010553804055816993,-30.583945559172548,91.72688856270348
-34.877643125826594,94.23778325650848,0.011600542024071752,-34.819232838594445,94.216059997682
-34.50273165761028,92.14359340312654,0.012658401816229682,-34.569845511273165,92.11464218039853
-31.383709393798064,91.8969397686317,0.00796225706712574,-31.27176499834641,91.88367582087895
-31.637253068382,90.97350228202312,0.01873208340904559,-31.57569849520773,90.80080147218509
-33.82512584020853,90.0960744900503,0.013444723276443585,-33.783525492264936,90.0041697437973
-31.014579323601772,92.28770130986199,0.013188653979775419,-30.929571331539247,92.12728740970628
-34.6909492908373,94.36365653972705,0.012453106024230283,-34.67785319861173,94.2777278390451
-32.1809137427836,92.94758974452162,0.014132566610209967,-32.05543859392817,92.80157057001266
-31.30815788956497,92.17376212799279,0.007797883854222064,-31.349230259269824,92.08428089702058
-32.086839645993834,91.55618043849967,0.011303546267724294,-32.08643690071914,91.44085552564525
-31.63390731130733,92.57067664715592,0.015360475341545266,-31.570677937618843,92.4116324881241
-30.363379130149735,91.96601593546386,0.010408209557436906,-30.31666383595148,91.74435571428485
-30.636426469526,92.02087216585275,0.011595186981091726,-30.581454250111584,91.8659593524329
-33.407109784044515,93.95281898952628,0.005310638915495307,-33.30809304028892,93.93705802175128
-32.74197979588045,91.23371605361363,0.013336238041271514,-32.795590995145886,91.10993878478128
-34.06862293066877,92.34900769857823,0.011869878461946504,-33.988325348744354,92.34364767633043
-33.070264377543964,94.8881288395215,0.01526293394474058,-32.929710013835795,94.87349856082908
-34.05941782718567,94.23260310123767,0.007221142811679688,-34.003902805337965,94.30100811843704
-31.168669511207355,94.93528635303119,0.02,-31.007168419150865,94.68234897278471
-34.167273319924085,91.74604367952037,0.015367492548770956,-34.05960207726456,91.72076682281082
-30.779408001623302,94.5754659280043,0.01859871308613934,-30.644517543186367,94.34415122984437
-32.819758936970096,91.69417744529265,0.011597850127705643,-32.76224496695721,91.60965178021874
-31.280504688040818,94.15311666092386,0.010014095989779538,-31.24886758387598,94.05497566245012
-32.93140410837946,94.23230992120102,0.014291366189038715,-32.854679565881746,94.12222902205129
-34.845865637163016,92.0476507837493,0.009965553292976527,-34.76605052342086,92.07072400696131
-33.992147689973606,91.9321623019937,0.0071661082333966284,-33.9871100729351,91.8774172913143
-31.202940881925016,94.42438140580046,0.011806564458497627,-31.187608994374195,94.31618824837459
-34.07017590739512,93.38492679598203,0.009665760240381625,-34.058605734491266,93.36109325058908
-32.115484779597516,90.34155353012933,0.017741990634573955,-32.05044341798315,90.12967026062562
-33.03695303177798,91.53968567693337,0.00903909796338013,-32.97784952144415,91.54354921874226
-33.536847254064234,90.36706516653602,0.011148394461803608,-33.521554449767265,90.28942648080137
-33.18856737493929,91.59668564152344,0.01522774245735782,-33.142101755067394,91.48806171530832
-34.52005575424454,94.57537280882569,0.012342309159068502,-34.52445620489595,94.56033294713669
-34.44772717040878,92.18499229980752,0.015410193837737285,-34.4099703163083,92.09255467659665
-34.99536414510352,93.16975039045316,0.009433372222465772,-34.91510775584083,93.1826266681975
-32.21961754664658,90.64156838700352,0.007924474797024435,-32.23177039788961,90.50947345589987
-31.692256013206986,94.730472298862,0.013035627640401587,-31.552379414597457,94.62441224700694
-31.63456261456233,91.32303700713081,0.011466193373710612,-31.65585345559735,91.28664492561121
-33.826185545329494,94.47492372335871,0.011520359815162352,-33.83768055662135,94.43816637105435
-30.913053456140382,91.70424427755755,0.011596511421264522,-30.797934804370694,91.56917913285501
-31.23741850002457,94.54101071207653,0.010680892044731542,-31.167387671627395,94.43656649724313
-31.808892941514763,90.84109713186933,0.006285922226388103,-31.828816664923732,90.76622001491765
-34.23602517812952,92.68110497892927,0.013101278196284956,-34.1813464627666,92.6738185702451
-31.801873230339055,94.98774282501664,0.011054326651745968,-31.734226470344932,94.9307137360111
-30.68864032051888,92.8487591079198,0.005817222735563721,-30.6484426094641,92.76932285414074
-33.66638266687187,92.16939086734975,0.009450273536087144,-33.58759640629031,92.15771317970429
-32.234456363718294,91.84084142460674,0.013054937274536112,-32.12917000571152,91.76679398679022
-31.532648821384093,90.83729166991046,0.015143923242499729,-31.534410615944033,90.64826539134657
-32.497561116061796,90.46598064591646,0.014756649216248112,-32.47813746712886,90.35651347926684
-30.00240268692007,90.62421855551331,0.01220507805626208,-29.990641500025696,90.46560027534706
-31.280416629684346,92.28161538002321,0.013931151505086945,-31.22660859888,92.10133572053199
-34.52091486254325,91.41899232680493,0.01814113005652858,-34.481094665177324,91.37261066572455
-34.35896498790786,94.95870085660168,0.010175257751085767,-34.37279495100825,94.99910332022102
-34.888942618166325,91.5384823709333,0.010641301401256291,-34.95037354778407,91.50976960879184
-30.52234180553827,90.97746429263769,0.009250514449850832,-30.481247315949492,90.84220998325667
-34.54676924911479,94.08779094529781,0.01704757425046258,-34.460547229030524,94.04280572685411
-34.299771367404446,92.97788043310695,0.014358241770341985,-34.28945032154534,92.93442376882425
-30.126050628634196,90.05444798457498,0.010501512356451505,-30.121424867553095,89.91973465990984
-30.433630371270223,91.59239142439345,0.01170058395703527,-30.324374813586925,91.4143337923265
-30.554205187464106,91.18595168440403,0.014482911307744,-30.512688823758857,90.9188932401276
-33.516818100200815,93.30918094914779,0.014100358839504439,-33.47111518435026,93.22745065638436
-34.143135476478164,94.94320346671473,0.016519686421124925,-34.03193560634699,94.9366414455356
-33.21919336940957,93.77278311637198,0.012974123919640073,-33.20374355627524,93.65361582355648
-30.07039560085378,90.30054689312229,0.012555887490684887,-30.00513620942856,90.054077487571
-33.20852428877737,93.16402526585888,0.008888693412285037,-33.108915393543,93.08404342670741
-32.81892921863938,91.33925062034272,0.010869534270689311,-32.76310820202105,91.32775417964424
-32.07030266555127,92.8539819807958,0.013838527654481765,-32.006467545738744,92.84552371266373
-30.309808108917554,94.5601943882367,0.014177675165047577,-30.18213692318413,94.37380678041973
-34.62170235011638,90.98197495337573,0.017849953494206636,-34.5777025936287,91.00973037567168
-33.89197853361939,90.69286398890495,0.011222893467332982,-33.89038212680096,90.67717317477356
-33.779716762283066,93.17965380634702,0.012448519878310154,-33.7059498562128,93.19556280015549
-32.474392739543696,93.16675088925521,0.010179809811635535,-32.422573614890254,93.1184863744047
-34.805701564452356,93.9671793568601,0.010972494127834185,-34.728155892825825,93.96760230595724
-31.38677099464965,91.2024043406033,0.013245234201450016,-31.294714539878985,91.14937179777706
-31.20227018271926,90.17291727604423,0.01024451425638523,-31.1757248049354,90.01809688217547
-33.4876465268747,92.69334785682256,0.012251297422361805,-33.4842160574871,92.62383916344113
-31.76213546776562,92.62927067839009,0.010810586812120293,-31.702766470608545,92.6222247157981
-32.45938131842575,93.23933795479275,0.011800121229882572,-32.41375582847386,93.20072752591987
-33.27423570938288,94.85759519233459,0.014150601467849423,-33.17164480300649,94.79817360654468
-33.77989709671865,94.99956784185686,0.013451214981680676,-33.74936272997839,94.9086060187625
-33.044911960686164,93.30188062303867,0.008966577179065516,-33.01596470576891,93.2958835899116
-32.97182850495261,93.27267003538073,0.010614190270277612,-32.962221589796115,93.30993135035848
-30.42065131368113,94.22969790134773,0.008831252598997542,-30.411345940599777,94.10394389546947
-30.5175538953358,94.40846392732013,0.0111614214036806,-30.42268018672407,94.32422845570385
-30.2993617117777,90.29946552678591,0.01277612100782402,-30.23565235912968,90.08046600408778
-32.07798796824932,93.36084042959111,0.015164765966592865,-31.965546083247837,93.19280302129691
-33.90467094762034,90.85654066703695,0.009532880897782505,-33.81750409967949,90.7829685994532
-30.544144961658315,92.9301015244119,0.012632735601702081,-30.476891428143098,92.80330896591005
-30.162558570058753,91.45290767620895,0.005303141855422289,-30.08632858353527,91.44703706737455
-31.855835938175204,93.70867185161686,0.014003273505981816,-31.772683394948917,93.5329086847047
-32.572025063397106,91.08199835690293,0.01458912770471874,-32.54977337605569,90.90347336343284
-32.96451989997074,90.13093953354205,0.013075847138930475,-32.971151010664656,90.13154705753928
-34.92887380542504,94.37646720005831,0.011557188971069662,-34.885245613659976,94.36504313121264
-33.861844362840586,93.55771326277758,0.016478084522325732,-33.8019677229626,93.44826981706048
-34.45381611490939,91.7519590365097,0.009378387925434077,-34.45623575283735,91.67762548932156
-33.55489844016604,93.67419619082192,0.016497020455517757,-33.47960078807071,93.62303576828896
-30.10696267833113,93.3555345143335,0.01586951288356204,-29.96835603168877,93.1548766500413
-34.94615946591352,94.5066316109347,0.011021511614767126,-34.97483856881185,94.55281192164176
-33.24654126931388,94.8858691045642,0.008073413467335085,-33.1614243384768,94.88787026958454
-31.045290217873077,93.54270654492143,0.01346481810527136,-30.880718922371816,93.3240164456865
-33.188736851845675,91.02990967340762,0.015892114865048525,-33.23712482920572,91.00193171607837
-31.20206812899241,91.41663257799705,0.01406655906667939,-31.16897279732113,91.23956017333599
-32.78225936089647,94.7485835910477,0.013063205988702215,-32.68218380960565,94.73985439176067
-31.61058125459492,91.18006198195565,0.008527098229355094,-31.604746405586027,91.18598443864401
-32.57710122148365,94.03989400135552,0.010768145526842795,-32.521326854146,93.98782470391771
-33.66334660946482,91.74885188919022,0.015106318619333708,-33.588065645068255,91.71014816250607
-34.2574847420713,92.56017848944771,0.009520171668997292,-34.22447099280644,92.56995383694222
-30.913836823883436,93.40216148484936,0.012682163503881292,-30.783369323716816,93.2477456533522
-33.7772576271826,93.50309643812378,0.014130421035315501,-33.713879765738184,93.45846908994946
-34.66399491699648,93.85368365606732,0.008292949933434832,-34.55932213867795,93.82157766184561
-32.921672199402245,91.33038997987943,0.01240349178086072,-32.81147175121234,91.21739753596218
-32.168844586426204,92.95903430466791,0.01463097442660489,-32.09830275142111,92.85543840879791
-30.177963225900136,91.84282625465892,0.013257436696023403,-30.148312196414096,91.67698282346963
-30.753252441720235,92.68535906019353,0.013803355990895803,-30.73776200570539,92.52111441757546
-33.207627938816536,92.68748034603858,0.013169202662715894,-33.11822311827772,92.56804764999033
-31.439366420850995,90.07626167940734,0.010778356492566362,-31.477433640115752,89.95641678881803
-33.76131740199633,93.89281358692286,0.01182545427179772,-33.74278317326654,93.88814794652635
-34.593951379545636,93.32603126531997,0.006806767314333468,-34.533818372879786,93.29800064625024
-30.502671401605877,92.8692795930585,0.006745726236548914,-30.463841978353855,92.80167508017558
-33.65860466547381,94.09476411544796,0.012532083637820648,-33.60234272316271,94.01623032777044
-31.40322129309413,90.33813236888489,0.005,-31.4406299870868,90.20324333806099
-30.94771790567205,94.0805236634566,0.012655892379674573,-30.84383135828072,93.95760465055923
-33.17633829461231,93.9332771614937,0.013790055897603263,-33.126760241453155,93.84105400004313
-31.622847151968585,91.04508594093959,0.012244307483311345,-31.54126332981272,90.99863036260251
-32.12427757855994,90.60438401211339,0.01174591107677566,-32.18255861470809,90.53095425432186
-34.49424178881981,94.40829874569401,0.010346623579686251,-34.43955655411488,94.37122832677868
-32.12433505532487,91.09067622748815,0.007348719481869287,-32.1187631115774,91.04463003098205
-33.88803987524358,94.6485394977762,0.009508948364312817,-33.87009125856657,94.66306307230109
-34.48961411857711,92.6945037218467,0.005,-34.440154861222,92.67463847580923
-32.081877933052446,92.58719652942113,0.007755687204242413,-32.1331322423311,92.45234824793839
-33.92051974460841,93.9006565263463,0.00975376826053848,-33.82718065744594,93.84386626572946
-33.42323891620717,94.7806469401352,0.016051098398567942,-33.38877204218391,94.77035706208649
-34.3634949653357,93.23817040138378,0.007248910361834065,-34.32132168010123,93.21779999803502
-31.46000519290689,92.49270844157577,0.0069491202530400165,-31.483322916743177,92.43165519232063
-31.294308916145557,91.0793154157267,0.009399949417918045,-31.30571324102319,90.98771707165076
-34.337047532282476,91.06965645048219,0.012820655006082295,-34.27412784335672,91.16849909875971
-31.82259510283467,91.6353466425764,0.008195710298340342,-31.804622180396482,91.55263145337835
-34.9993838147605,91.96885591381805,0.0071561850444878,-34.94704584074849,91.88690679556434
-30.157373634889687,90.08977796915907,0.011972636169393727,-30.172483264038625,89.97251441090256
-32.636596971913725,94.87625382047536,0.007529904193929644,-32.56158943210412,94.83327675879953
-33.48346795023053,90.3715837909234,0.015128559716755256,-33.4376171583006,90.31057007419648
-34.825547003847,94.96578376709297,0.010291405832767867,-34.841201231265565,94.8634184801966
-32.268147834349506,94.16762100016618,0.0074727504735848955,-32.184609416404975,94.1069060416149
-30.12932524393522,93.2190731537881,0.010831738120299765,-29.97314868621133,93.07739553698019
-34.92940996325017,91.26033972206596,0.010477426157267006,-34.89091495048128,91.28013975784789
-31.91413771536714,93.15359273303244,0.013852252820236218,-31.892709292502573,93.01256995074884
-30.497888225266077,90.66179373172224,0.011412818462428222,-30.500974952800615,90.5171649216455
-34.88098188995768,94.70469417066538,0.011556559460346007,-34.80198199628642,94.75444580388373
-33.45105707200614,92.94328004125887,0.011868961745385596,-33.33911095282608,92.90472205035985
-32.1094303848448,91.34635651357331,0.01975769614796392,-31.996271749930525,91.10143630392366
-30.487387393536164,93.34627985077152,0.012577639896191033,-30.384318729897736,93.1879314871704
-33.21153385050871,91.5190965906892,0.01770138530804298,-33.18343268864447,91.36267200255932
-34.36415249015205,90.81496340182974,0.017572251172710992,-34.274327047743654,90.79685610769434
-33.89571318228032,94.30553242705568,0.011492912539741397,-33.87888235649333,94.15954632294397
-31.645929955713857,91.79601911550678,0.01392068389526377,-31.65141806252624,91.66694398949484
-30.197267953142983,91.54749320609302,0.013029771091117507,-30.175433954393675,91.41396870446779
-32.408756818080164,92.26013442852508,0.00860252340102449,-32.3313608998286,92.20818684142148
-34.92306734372068,93.34708459991714,0.013549236601159706,-34.921480400518426,93.37746709938425
-33.81620747222782,94.20500870432377,0.008117243446587971,-33.726085627106656,94.2432952267872
-33.10980772402348,90.14613835424424,0.015295195842164587,-33.1139603811569,90.09123803298687
-33.16342478933558,92.06721895964603,0.012042048027815696,-33.11620943262599,91.93961097502945
-32.5435436636158,93.97288998786394,0.008944023522955839,-32.47972446269048,93.97296157415539
-33.01076905429671,91.72571035197012,0.011529636978990067,-33.019593646422415,91.65395607996427
-32.146785768508884,92.34152609949663,0.015323587613791247,-32.060805009395374,92.26780331634902
-33.79432977028948,93.92181321278848,0.008829183211042575,-33.81593987807748,93.96764761374729
-30.427198831143556,90.92512984143715,0.011360144697463862,-30.405777998112118,90.83720608729683
-33.027700536754764,91.63005469795479,0.011176517348568244,-33.04132338221331,91.52564924482942
-34.2781546143441,94.02482396123057,0.01465081029809383,-34.16399434263518,93.98642007655147
-32.72675607003582,94.88710070241532,0.011860015600287563,-32.60136255360661,94.90007489924339
-34.42874348828399,93.10657374666935,0.010591468912238432,-34.404951217720026,93.04367745929311
-32.81099497478091,92.04077411195597,0.0073541459260179085,-32.76244236382336,92.07359907330319
-34.79447391744563,90.98138695647252,0.013753038352829641,-34.69086082290956,91.04216364851231
-33.42780088624636,90.9950204820469,0.013166391645337922,-33.41312232720573,90.87695174954793
-34.41346480247835,94.57725471646893,0.015621406598021435,-34.34085167103591,94.59024034942061
-32.80004664987652,90.43464819924067,0.009882723363243757,-32.75831413483298,90.37049931414737
-30.002411979384192,92.01492676981131,0.005990696534234645,-29.90186294937526,92.01234737754356
-31.764015244385465,92.47846241145768,0.014557265291380737,-31.72354325272021,92.29952180876023
-30.286854551964492,94.57642620182534,0.010263501670893854,-30.21951771056188,94.44859656850767
-33.22111773449614,91.93319084086008,0.019280078836823193,-33.16956491004756,91.7988430844636
-32.88126867648965,91.85241101069815,0.01597894213643807,-32.80410641807149,91.78958096201934
-31.69567338988739,90.71601756022957,0.013338971541567652,-31.719469230881856,90.58561989523304
-34.14220023611382,90.78728718403084,0.013285235250972353,-34.15233698221464,90.75383100197617
-33.398776400093176,90.5698331663446,0.010583627450466596,-33.43103780775802,90.54856158166011
-34.96642324279254,91.52498096604134,0.012000668798548369,-34.934218385046215,91.52633300258603
-32.46055526957257,90.28665650018196,0.01437831329250135,-32.354048631365266,90.16104300859136
-30.40220060140415,90.40457767458645,0.008229865211686952,-30.329334459672285,90.21342910386636
-30.227341275076935,90.27428803006624,0.013793070772438017,-30.233182134312454,90.05167255913246
-31.084743426337155,94.57543588180759,0.016410600755795854,-30.926787838001147,94.41224420282767
-33.30370311952602,94.5155661757199,0.007577710534793772,-33.22897027131723,94.46376525748934
-32.974193896218885,90.17053207543015,0.014452628363175395,-32.9493985402763,90.01439824233007
-32.21322955493392,94.57416364424759,0.013053788132994367,-32.160400194005504,94.42070445539856
-34.114595343060124,91.85341875389015,0.009019355076143886,-34.09374971419103,91.74978565656266
-33.50958482265902,93.73120545598997,0.006997231451006173,-33.50734296438072,93.70118461473484
-31.62005858268081,92.24316762383683,0.010684580534119918,-31.535051286096316,92.15935075058158
-33.76002879682795,94.25450725958643,0.012561247705714002,-33.570350549963166,94.28903764548119
-34.913429774422184,92.83321803997976,0.00701945183258413,-34.91341916201625,92.85386712219899
-33.05440053109251,92.93871049025043,0.012065044977430554,-32.96497873512127,92.89904988534019
-34.31587892067888,93.66009796995765,0.013856302317565192,-34.23573401021304,93.66293494455128
-33.45448783207399,94.31973477714443,0.012738001068050604,-33.39406821758582,94.21826209489522
-30.936397994676863,93.91166667684114,0.013378934427962072,-30.898854133900738,93.75509706195804
-30.039737561320212,93.17518355969113,0.007467101216423968,-29.975097623758558,93.07407630665182
-32.981529440417226,92.64822477757207,0.013101821104945562,-32.95874735051947,92.56811795564927
-33.25459341379515,91.34095826671802,0.009211887541673586,-33.24051039477189,91.27203842394647
-31.346356925248863,94.64073995901987,0.009823694722688988,-31.18172571263536,94.51891344988327
-34.56421795912645,91.57717199289269,0.014853272326493226,-34.49139136212173,91.57375516998646
-31.56548405512777,90.10526924628861,0.014809418557317065,-31.51726245513348,89.85098798032188
-34.489517641608266,90.0506656439461,0.011871212520167962,-34.46630324365962,90.02882920670103
-32.67767377017451,91.69515687282974,0.008867533764483956,-32.650416742635194,91.7396064134654
-34.603805042548224,91.21824519621333,0.015870685124275412,-34.50598683319208,91.10498297771531
-31.68324775925032,91.8536059858133,0.00985608519355329,-31.661500563780805,91.70285324881895
-31.190491708136584,90.50272368235636,0.016458119640537658,-31.11326756220835,90.3047269456806
-30.472524604754597,90.71138857731562,0.008276608231162328,-30.45380883915932,90.66143971428178
-31.711956271110413,92.90762834251686,0.013013309812670739,-31.558130530486682,92.77729331513184
-34.118021063519066,94.51002386680673,0.013447196603712238,-34.09840146724638,94.46130794873541
-32.78675476432383,91.03902884073783,0.011573349550605138,-32.77872083011481,90.94464661322232
-30.42093337665581,91.4638602433293,0.010327825999030074,-30.36990639373447,91.37277650453244
-31.102944965197835,90.16794149047996,0.011015736089829517,-31.084404594551234,90.122278341037
-32.72520067945436,92.96100795374912,0.014619347718378948,-32.65041529581435,92.86468410757946
-32.041112456620745,91.16065573737457,0.01140740593857192,-31.999708671746088,91.05382739291352
-34.61459331660641,91.05807221225885,0.011024481275308163,-34.57252054779182,90.99504818052759
-32.90019201216181,91.63171876741416,0.012185115886435073,-32.76935433440337,91.51163933167196
-30.58864477370365,90.43517156630827,0.018566195920148677,-30.554026100074925,90.23166732738454
-31.862149960621604,91.57257096633026,0.009309353715481283,-31.748519041923124,91.42447947733443
-32.57222780271476,93.35765047014323,0.011181126366849906,-32.5067273036409,93.26343148921836
-34.072403441792204,94.66302669066096,0.00946082896391059,-34.002213818604254,94.69215843460701
-34.15989746144038,93.69197018317966,0.013764348103917783,-34.12587149838011,93.63729079811054
-31.404312431674047,92.2430618416928,0.010957811323825582,-31.376641746041255,92.18247419822345
-34.943523212053194,90.75637770754648,0.005,-34.962148899708005,90.81556620463552
-33.033643758644885,92.81826933370844,0.010400704813692145,-32.931204352981474,92.79323295813211
-30.118520242667326,90.27312612161089,0.01703258746889668,-29.993619566254516,90.06549205326085
-31.688508520451528,92.82296888607111,0.008949896095502554,-31.533954743975407,92.68196642818046
-34.83091486792136,94.07544340489021,0.013633787958778539,-34.77641955766937,94.02931517897068
-33.631135837883924,93.25423112689747,0.01616048526117909,-33.5707281343186,93.29042753618691
-34.87895080077324,90.08359236466136,0.015852910100102542,-34.80849636984853,90.03832690889621
-33.679612860888255,93.7642537366006,0.012936151569030706,-33.63973549210802,93.79991029842803
-31.361740186793515,92.94353773794309,0.012099354912981657,-31.25068377518672,92.80073348058728
-30.214617677732825,94.4618594389031,0.013667631486178817,-30.061688395379935,94.26928627269238
-33.49307280635448,91.81156710301939,0.01589083687906323,-33.46636114200022,91.80338237600736
-34.97138414048704,93.84589012759844,0.007883228706750556,-34.952930009498736,93.78011396753195
-32.56476659068669,91.38101929701526,0.013863668918572922,-32.50284171027563,91.27204951796602
-34.145824215871706,92.59872734509007,0.010676147603726717,-33.988339613135494,92.56671619989689
-31.636339352823917,90.37951432866812,0.013015404752146742,-31.62093808550842,90.24522170548559
-30.19019560713448,92.18038831034758,0.011358458533110424,-30.153740431856054,92.06669216636939
-34.13398411590162,91.77875712429872,0.008166287542733706,-34.057929410954905,91.80872250993951
-32.98921553474848,94.80896668125428,0.008270567725853543,-32.967821829344864,94.7028365829671
-31.820301975015212,93.23379558549377,0.011430922895691675,-31.80054293952747,93.23119566839024
-31.379812688534145,91.50704124678175,0.011109817785653927,-31.3867250130852,91.37595223821599
-32.373312420625915,93.5654764766604,0.011476278505840147,-32.304284492053725,93.53184596865098
-32.21955541992297,93.96909318842256,0.011508996147989937,-32.0915389710104,93.8943400813843
-32.281674770328465,90.60544841759268,0.01136694211126822,-32.25443232181212,90.50942418521149
-30.25994629389608,94.14081794118381,0.011490531281721507,-30.138609618921482,93.88164801309694
-33.83586399576713,94.4324602111064,0.011811757758679169,-33.81313507995288,94.4166560493799
-30.603546921209308,91.67731823374181,0.011230654488789585,-30.530677997837774,91.49475914991527
-31.06453742340472,92.0996562218798,0.014721764793122104,-30.92533938665869,91.89689449464727
-33.635566298240335,94.55254165502555,0.011158618103687352,-33.568259114994476,94.43853819023518
-34.52482497531964,92.28405601647803,0.012571941088271928,-34.454843790692145,92.21702922067543
-30.375677742299533,94.13665199196134,0.013407218062514886,-30.34268611068841,93.87480801478664
-30.477042861146458,90.03208119746382,0.01771389484774783,-30.44557498887414,89.7709889846689
-33.99903952268498,91.68246047447613,0.012834976605451631,-33.9541022911888,91.5970590062217
-34.792081603710955,92.9462856176465,0.014544510113542818,-34.73169362594501,92.93739200071653
-34.44043650175759,93.6644515346598,0.016975356246448938,-34.31878789011299,93.63634208637643
-30.296050927015134,92.54430051413061,0.009568081713659651,-30.218775122959,92.38424788175546
-31.11314488298824,90.96706422722258,0.015359093187951962,-30.944991507365852,90.74589493404687
-34.51164943972862,92.98587266898471,0.015422353631757525,-34.510349195789075,92.96616441561737
-34.155270335997734,93.36897367439674,0.013548158175619482,-34.136459925966264,93.3273605050942
-31.34178747611576,91.88320799889333,0.009718264523394958,-31.32227157573367,91.75032031664574
-33.512937355137275,93.89324578746867,0.009169817677474157,-33.584360741543684,93.7750931248519
-30.599348057535366,94.0868623195725,0.014028308857201296,-30.496740639035984,93.96187298502183
-31.354905408470497,93.31094664459461,0.010848343489283187,-31.236266193269607,93.23518163611053
-33.42141298944759,91.60536344363666,0.009039456705051217,-33.410526691655164,91.53716812008206
-33.12046518274392,92.05313101834078,0.010460980990608045,-33.08533603854477,91.9553842909187
-32.998066792600675,94.15422874263193,0.013922668421201465,-32.928040293742605,93.96286246841264
-34.52641725857191,90.4866176986316,0.005927248729726636,-34.54781342693128,90.46355870658387
-34.90173942919756,90.34394457219271,0.010702275188646216,-34.88384335342353,90.26066174093575
-30.283877081605887,90.143235519323,0.008446046504198619,-30.279622559358927,89.97779038445682
-31.92992012979909,94.30750142915352,0.013907960128660283,-31.777604377038685,94.1358938599017
-34.16305518254673,90.22842223440395,0.013745390996402599,-34.138916806039404,90.2009281250794
-31.02187188864504,94.28516291350635,0.016194132369528123,-30.84410576103924,94.12609255757265
-33.96821819190546,92.8919750989365,0.014586200589544067,-33.86915739191933,92.82466601966848
-33.36300327109705,90.45235403622928,0.009518628087119273,-33.37518241012129,90.42162569285473
-33.62736046851314,94.84089602055035,0.014090285187148607,-33.40796015653889,94.74063997425029
-32.27371559116086,93.07514661373546,0.012288514180953718,-32.25359895884717,93.04413963557367
-32.43112999991927,91.26055364835298,0.009662600179030669,-32.47271228703705,91.15678972009022
-33.90423100504673,94.37995689434221,0.01658369396988199,-33.78413151942873,94.49567933222471
-33.21533922524533,94.99681345940684,0.006535539610891667,-33.16976165386343,94.9766688795143
-31.61679189597507,93.55720457640655,0.015104616708721404,-31.547648728539038,93.42729461691428
-33.90654797059342,90.37986974869166,0.013973388667137994,-33.90284210328657,90.33864672041824
-32.89963672095738,92.71707115758403,0.007455657078425409,-32.883688031026374,92.68489010553868
-34.43708195521868,94.49183920707972,0.012605263499293643,-34.31084000694794,94.48564060433661
-32.26036871974013,94.3604743544332,0.01087077450149361,-32.17323556817092,94.27364992610414
-32.48722815860593,90.05189549892665,0.01492311904534007,-32.43995924784069,89.9240701694449
-30.272229938052135,93.6816025538279,0.008541773838660376,-30.20108231670417,93.55092281160442
-30.40926924040533,93.95975935608709,0.008269624052223088,-30.313414033937566,93.79850791741214
-30.658886983469607,90.2452752212308,0.008319628222496045,-30.665929661769276,90.15963446004969
-33.91714447333588,94.31031460732561,0.009191174016618689,-33.88191042225344,94.25009008854079
-33.446026435407646,91.28369263707665,0.012914878114421428,-33.36769669457082,91.15368261714991
-30.10137647860556,93.44611842707992,0.008416920054406618,-30.020654506844537,93.37283039963226
-30.254333721004063,91.5839590843429,0.016720462299366363,-30.131848671384006,91.338407579456
-31.569443327145912,92.48086328801588,0.014301973769086953,-31.51681074786828,92.27758099528906
-31.241805196563313,92.31311238034498,0.016559576849319677,-31.080329176556962,92.12366050222077
-31.48752552108389,90.62725645449498,0.010592888397244643,-31.413098698322074,90.52081704864955
-34.772181428984794,90.49017634325426,0.01256148662473925,-34.670412454373334,90.48442929204406
-30.000056925019834,94.99233312144437,0.013149268532943495,-29.933859801046815,94.86860651995922
-34.92492090111795,91.86592730032126,0.012821477452785744,-34.857649919866645,91.8249326078266
-33.710717604505845,93.51462936330336,0.008738743552162904,-33.64320163994409,93.52784147143653
-33.51665620175271,91.00978842932565,0.008860755193829015,-33.475565535500145,90.92834632962519
-34.53862812109555,93.07530384203903,0.01196415737383073,-34.473969431090325,93.06887411241152
-33.80141647834597,93.98158960316084,0.01231457800685608,-33.7152581566957,93.99560983826669
-32.939419310405825,91.5522926528055,0.014202561473787534,-32.85309890654691,91.44883786943656
-31.537891820942786,92.04926768082838,0.01566421999238095,-31.470275266594747,91.84312002630897
-31.454192159447132,93.11789591095729,0.02,-31.374136670717704,92.93148016720258
-30.420390034210357,93.84050234472642,0.0121290426093757,-30.369708753257243,93.74588412114419
-31.850440563368856,91.5696640132855,0.015082095708252957,-31.803274288221168,91.46599230152586
-32.43252070794532,94.47339891143513,0.016696275159583197,-32.32377895565911,94.36830111979162
-32.18687676262798,93.64468208825515,0.015642756534128353,-32.015040885915674,93.55825715377195
-33.98030467353913,94.75653717593907,0.00971321597762984,-34.02552170046131,94.77173034108597
-30.518726424654425,92.34781131831453,0.013245654096704296,-30.464113006540913,92.24880324517844
-32.41093484997875,92.09387042486746,0.014342346315004794,-32.31649008982251,91.99206322555719
-32.03129351730257,91.67285844383598,0.006181398744763094,-32.00611113229702,91.57815324218132
-34.91631411944268,93.84217350095419,0.013799447494612973,-34.872599331920924,93.75046989341911
-33.725796612498584,90.94544525722807,0.013464549024258267,-33.755104800589706,90.96183572163491
-34.588479199248646,92.53252884711102,0.009872841730667523,-34.561618311990046,92.57366412759994
-34.97626873001014,91.06756983455493,0.012788236174421068,-34.989793472215865,91.01032245877033
-31.95251715757537,90.2242309180186,0.013061021698892887,-31.838595514364716,90.07364239076776
-31.881035807311566,90.21781979690113,0.012306593698655008,-31.909874801940518,90.11942650270036
-31.063195310399145,93.37024309819705,0.01103850973744624,-30.997084839939205,93.22173314804915
-34.69621188256944,93.55645783940643,0.009878590311633876,-34.62415493399114,93.44220378128948
-34.994359702782965,92.76988330735782,0.010683973287130211,-34.880491949265725,92.83727100175498
-30.476923321744263,90.92774548604471,0.00956955740237753,-30.385188793439106,90.89067285270602
-32.44627276632494,91.27488198391113,0.012567111837674486,-32.423585909779,91.18347019164626
-34.21066023936922,94.97743482232902,0.014295711621498387,-34.1064012648641,94.96644693417088
-33.6922804516749,90.04157533856126,0.011560087728061066,-33.559621702815356,90.04426705070416
-32.03345981667337,91.11726099770415,0.00888455131913788,-31.94593938838243,90.99271112329892
-34.51505503515117,92.20321454099208,0.013307703528417649,-34.5085121837771,92.22653234941909
-33.346472362132836,94.77506081777932,0.012384432982475381,-33.294185148967834,94.66838377886528
-30.31631155878169,94.8783829596845,0.014549212172439928,-30.200156318653278,94.69585668035096
-30.506313530686487,94.20238500246344,0.015373656984495295,-30.49135594040699,94.03535211028473
-34.42941736164164,93.07829040985801,0.010604953567616638,-34.40743288824263,93.07268755240966
-33.43311006639119,92.08040063424902,0.011605599687805359,-33.38950106216326,91.95889700464411
-32.41258738920545,93.59658876856959,0.009898123380597404,-32.37599214263872,93.52741233254349
-31.958245216401345,92.26863929113487,0.010789693196326323,-31.94562201540078,92.21062429127308
-34.31853559174166,91.28256474156893,0.014949318124389748,-34.259578387412766,91.21310956812448
-31.82047845572085,93.13367674966305,0.01131511540439923,-31.784651988640185,93.0078323606858
-30.53574056868721,94.1736501532032,0.015249730192079695,-30.435430934332896,94.01002523600752
-31.999829919055202,91.95120240380234,0.009183082330241262,-31.964673067242693,91.86220194390076
-33.66286428562487,94.2561029335628,0.02,-33.47926828570275,94.0979254541237
-34.040809189042335,90.0038977718549,0.005543392709137979,-34.05469463613761,89.98267635975847
-31.587123351543276,92.6329225407984,0.014014815029176793,-31.506003466359086,92.48683061841106
-30.197685917473194,90.31972445324057,0.006981108896836565,-30.210583670750992,90.16059784407929
-33.8266443138163,92.2308581023559,0.008971654510085969,-33.81738504051124,92.18092091532748
-31.949399307887674,92.56754478161258,0.009478779634626185,-31.86517789908563,92.59820556765936
-34.19383852383948,93.58831415031048,0.0068783483203138625,-34.14894659668222,93.53934020000679
-31.664723204129473,91.35903114047616,0.015264494787000727,-31.57165704637222,91.23150738531565
-34.4803747068508,94.57284359851293,0.01340848883918201,-34.431049076284296,94.60247800229402
-33.128636354384824,91.31894453113935,0.007058255970670011,-33.11617658333498,91.26086544940493
-32.02348965983147,90.61040665208918,0.01690748295817961,-31.96171620979452,90.39452293413315
-34.31882818254443,93.5989262584814,0.012631207602398012,-34.28158613387159,93.57731439752912
-32.43595744779495,90.83082464739765,0.008557982909219282,-32.436894845475884,90.69334471808132
-31.54431971475781,92.67306127073182,0.014632020785532744,-31.468560449861133,92.5821470184381
-32.80209872496697,94.7130745021411,0.012331608033763673,-32.6735977356025,94.69389352303276
-34.642821416029975,90.17123862098042,0.014909471760789996,-34.724868461778904,90.11783942966332
-31.406979076128344,91.65979048689975,0.011179047468571115,-31.475434485726236,91.53958763609758
-31.16475582095622,92.68696252146414,0.010792063956307808,-31.121482197532846,92.59563599673977
-30.447518493393815,90.74614180434541,0.012678602356409874,-30.396822567113354,90.51430390243277
-31.686065037392243,93.92200258828612,0.010575536309373688,-31.68112428368379,93.75175454881665
-32.30153498899608,92.0458918605109,0.01553409404032105,-32.22450094686456,91.9165958372699
-34.35441688588352,90.01960557969039,0.009966353458223077,-34.324707723160074,89.94015701295844
-31.36570202335715,94.27432044025625,0.009829456884064586,-31.352155961423577,94.17850604398403
-33.65814268560819,90.83539333570916,0.010059823982234487,-33.5797796379626,90.7268563948633
-31.65386054274431,93.47046125676921,0.011218297490850846,-31.616863256903404,93.33951307924974
-33.94011256759425,94.01161097767607,0.007916064665952294,-33.84220255082736,93.98902604428052
-31.356713757398275,92.5925973068197,0.013279511440075994,-31.310543378682556,92.47713262327788
-30.817319058299034,91.39807332251732,0.009082013956711142,-30.66946192618881,91.30679415301482
-33.160958519398754,93.77693245968973,0.013958211574428527,-33.117860648019835,93.68898919567786
-30.188394881361752,93.4521148823613,0.009032411204350402,-30.106535073384357,93.322239952045
-31.119158430590584,90.04170355715534,0.013951061066552391,-31.05932399954925,89.94688881350717
-31.956607233649407,90.11555340564843,0.013242755836142185,-31.88916024184805,90.00662570372653
-34.25635899227683,91.19970819032056,0.012300648953154365,-34.21873288331419,91.07071118874417
-33.65932392305549,92.97802136105328,0.00636191792832375,-33.59352821901746,93.02830952377865
-31.058930470177437,92.88999722708604,0.013079852669229694,-31.0396074103012,92.75626783103901
-31.721090874631237,94.04683155788801,0.013629976076222244,-31.535700801648705,93.95240847839932
-31.208877478496696,90.72198249689751,0.016723579525164782,-31.2183787707024,90.50082532575921
-32.74391272088467,91.66144686851138,0.011417286590447795,-32.71775679489171,91.5714475655163
-32.885603071450596,93.90325309768942,0.008210410465056476,-32.93395471077518,93.73278621250432
-34.168084353374425,91.3990439929965,0.010167230735767484,-34.21992050683306,91.39038310715074
-30.924651050637284,91.53397435988664,0.009460952090897187,-30.896904840219115,91.43834693128733
-32.13197527204626,91.80511097555078,0.014254630079537634,-32.12869765117542,91.77564520639147
-34.99129888264249,91.4136166151962,0.01066475279466552,-35.01760401270865,91.42943955953639
-34.64280476104122,93.39205222741401,0.016782232412376814,-34.56614173583445,93.36301763347643
-33.13364164095219,90.03811975007369,0.008211105912775473,-33.163150356525776,90.01073608284608
-34.02362731327515,92.7625121484037,0.013534957044427467,-33.958536401445244,92.6980933466809
-34.755824318255165,94.79032911435226,0.017094038109395537,-34.689522916030526,94.74347451885986
-31.15332269295825,91.08963382512708,0.016161189166475298,-31.063861728820815,90.85972703215339
-31.29033560540806,93.85394274560022,0.009881676472088045,-31.23456274375986,93.70103818252758
-31.785720860443753,94.07260857908683,0.01240216844062543,-31.765383131745246,93.9399929582724
-33.712181629541845,90.8880359425467,0.013130116120714486,-33.661030074480486,90.80807298867283
-33.75684299073036,92.34004337472729,0.012578784673724454,-33.74590317012312,92.31101100309007
-34.906764562346495,90.78591634586361,0.013950548700964637,-34.89305447332257,90.82983642131778
-30.369333491783983,91.98858383123456,0.006823926984057751,-30.38970918113974,91.88658493499311
-33.318750684161124,94.39904031598734,0.011950656618678066,-33.35112671245312,94.3908834885372
-33.69845444044746,92.95296577733721,0.016891423476384122,-33.67452217822032,92.82042570833319
-31.130033267520666,94.93220685253958,0.011608843773346544,-31.057410857668625,94.70454531905732
-30.862056430313025,92.65736389987138,0.01812572345237612,-30.711573284974683,92.3816323359995
-32.09176405516634,90.94662508631426,0.009987813698093087,-32.04643431500829,90.76966418118842
-32.31518359836906,90.26741452745014,0.014753031876221456,-32.288926510583615,90.18499618546238
-34.79327106536077,91.23568234440685,0.010983800993203386,-34.757868006524824,91.20970714922328
-30.129915832954175,94.45546878374253,0.007551697370087474,-30.09412943242378,94.3718306880589
-34.85663904063873,93.70878465142798,0.016040262256812276,-34.8895772236371,93.69019817435804
-30.65222853422885,90.44458485463876,0.0106795590739272,-30.619489017936072,90.32549842299349
-34.982420310319554,94.4397982900175,0.010864650280739204,-34.94861658691633,94.47307898137491
-32.84856834686363,92.88774277789021,0.010198217970701749,-32.8015983301334,92.77548348128893
-31.215356171494584,92.00226493621716,0.012476138275398743,-31.175625271812056,91.83031755045079
-34.04859579814017,93.17620059135243,0.01334260915147764,-33.9524463736642,93.22012963775735
-33.63385419438639,92.60074198834508,0.012875720642164096,-33.59889011764598,92.4747325464586
-31.672346476725412,90.96189344320229,0.013097976144391118,-31.58551434793925,90.83169345381242
-31.30041112659403,90.35887530532524,0.01265301137315873,-31.28960763804385,90.2244663178112
-32.168131902188684,93.19107192986056,0.010846059980811396,-32.10821341146129,92.97541506164416
-34.35233326780509,93.83581675651725,0.007413221911592494,-34.37452815380553,93.81048289576466
-30.47433033032618,92.2389056345259,0.012125654981843448,-30.438455065180182,92.10350453071591
-31.332648242023815,92.99647907581863,0.010318388109511809,-31.27288468038486,92.87493497320803
-34.382404712396074,94.125923289541,0.011264659742106713,-34.305337469523884,94.16615403252027
-31.0668835703938,92.23528074160275,0.010600854388356644,-31.025430548943284,92.13308738973501
-33.58012640007798,92.24471196830997,0.009955735665146969,-33.564218994519756,92.2418967517894
-33.156679735419345,92.59722199797766,0.013863548871252365,-33.09149288966595,92.5879288197714
-33.776507686894625,94.5785293702094,0.015003833807067983,-33.68448023886465,94.54373045488292
-32.42528494645775,91.88745941172547,0.007528610330607634,-32.42314588511951,91.84885077426638
-31.450357496946445,91.28837519813592,0.012233662029372577,-31.338679512083893,91.24429473393157
-33.13048996840003,90.50630602891944,0.009429434673810631,-33.134914966521414,90.50108773223242
-34.24076028745416,92.86574844898249,0.00905498267141076,-34.20367883057039,92.8925656822197
-32.455562680616964,94.81346545348697,0.00926091285062894,-32.3540162524168,94.78475594746455
-33.43940155073671,94.08577235165487,0.008372273809805106,-33.342762783919966,93.99249465185262
-33.064546347850566,90.33081178200572,0.006876895824710703,-33.03747063321336,90.2809302364024
-33.69617026466453,91.08172905948399,0.011239473945669428,-33.70886469123199,91.0402460588429
-32.54879180286118,92.4646631472689,0.01779082431063788,-32.458863214670295,92.30046128192681
-34.41982230847722,94.98359036335223,0.013018345305954302,-34.320208078977195,94.9570549690483
-33.314461784472066,91.0019984073061,0.01287089240769219,-33.31070070563365,90.88479666768724
-33.49097559519374,91.41237026431654,0.01616546591793011,-33.410781140711194,91.44867229690247
-33.34184943081375,90.30694040612235,0.0142771092152964,-33.37164328907271,90.21553172741544
-34.54210605816212,90.68108058311547,0.013226210186483624,-34.471056791014355,90.75201184301623
-32.200582138773854,94.10747051132188,0.011535323604183096,-32.11147900270359,94.00645789891529
-34.64492824968167,93.59554804665594,0.010499202565890445,-34.604470872951474,93.56193049035468
-33.78855808087896,90.62682895460036,0.016530093538801385,-33.80593338790861,90.53237900867931
-32.34941941617048,94.03573657514329,0.012384774582938839,-32.251162363463706,93.93837813225572
-32.986860839574376,92.3653878245512,0.0168577703609753,-32.919486455705524,92.20176428172631
-34.388392350145914,91.5167532363426,0.01796440907870966,-34.241034012240114,91.45711419642954
-31.664889990158546,93.3366500744122,0.010184087646565702,-31.62082987655981,93.13569272776444
-31.829419914329115,93.61193760607772,0.01296543030768317,-31.72380008594225,93.54251390263595
-34.87590566505718,93.69122973477099,0.012564726689258836,-34.677012565076375,93.8101121648696
-30.088486695213184,93.01656057903558,0.012154553237779728,-30.044763488829926,92.87894699771428
-34.79102966819998,93.80526978954857,0.010794912834566378,-34.71574656129413,93.80402396735545
-31.16016281660408,92.289116635534,0.013279264938890452,-31.11956476527344,92.14207413691518
-34.085841436113405,94.48530362579343,0.011090920778669406,-33.93846991269388,94.42395478027161
-30.43546386856606,93.00973402062431,0.010486436412325655,-30.355027039936914,92.87490809491133
-33.78707705456277,94.6707891782849,0.014370627698053015,-33.7105281948819,94.59185064119589
-30.444151586601436,91.25501429830783,0.01454071507414659,-30.35444124276048,91.00799911854665
-33.887544187479136,92.02330995494506,0.013154232294875392,-33.873556163131205,92.03635290709603
-33.45600628562221,94.02373723983723,0.012009371593568947,-33.36336972102433,93.9710595023559
-32.641099557344134,94.46632222873082,0.010539143477093855,-32.589764248497666,94.39866085585057
-33.53755616549204,90.38892064895902,0.006896165495491637,-33.56377351947973,90.29777006322256
-33.96597227368367,94.88889515771987,0.013711611984643424,-33.93106463997612,94.93052820772937
-31.638613444167135,94.90397699799298,0.008199242231795028,-31.64053796902182,94.87061107788932
-33.61704271945538,92.90830739493113,0.009168313290812434,-33.57816706414439,92.87771541629228
-32.139189446467874,91.14516032500462,0.011682437330037621,-32.20793521867383,91.08217179287502
-33.779037128263234,90.95213668759995,0.007862232696434969,-33.78336602349164,90.85940919115376
-32.630232033388225,94.61212745169145,0.00941712715410997,-32.57396106596705,94.57063641569731
-31.75045407353803,90.96102236940551,0.01482394453383282,-31.787735008126933,90.78925204750657
-33.46935444238074,91.48532737686337,0.01671769181455786,-33.450139276138536,91.37618113816012
-33.19136643702588,93.04689603080104,0.01381794931312371,-33.178360661979404,93.04871425208941
-34.4800927543263,91.94098517846955,0.011047488170059941,-34.452665003623814,91.93155413297535
-32.64334861303953,93.41037697391758,0.0106044719687538,-32.59133788331032,93.39306301522495
-33.99430910892296,91.45747465012387,0.010263215038653052,-34.02379709624559,91.52441492146158
-34.955705581794774,94.79268639359856,0.007490720087491014,-34.933340353482805,94.80139368294181
-33.75352937046555,92.9826039679345,0.010997957756567516,-33.70210374714714,92.87262450068027
-32.47952570269432,92.54064791441883,0.02,-32.42852890336035,92.40287413004506
-32.76074714424311,92.46709435838643,0.010649801901399664,-32.73240124220835,92.37700573494419
-32.67619188223036,93.51985359514114,0.012581799488470553,-32.60633598342929,93.44673376450501
-31.972851014958174,94.77077391471295,0.011586721267293033,-31.827416474888857,94.61044241550941
-33.40367228165489,94.27182867041795,0.009553035725849262,-33.28994389836849,94.20400496464816
-34.059153670482424,92.98902993919998,0.011321339439765711,-33.96678964180722,92.95284756199662
-34.59604192907342,93.9799646924501,0.010029587090089175,-34.55295141416865,93.95666270264853
-34.54263213974522,94.410483901933,0.005696694641947837,-34.5491720460165,94.36605636047778
-34.941220608079185,92.06234326908506,0.013608155176701532,-34.85684476319864,92.06902259664741
-30.829630487043108,92.2865272295914,0.011764383752717515,-30.74678242049849,92.11702972836918
-31.236843191833607,92.26680707640305,0.007476857676990691,-31.15630172052047,92.18523724727916
-33.54016919188081,94.22646009826975,0.006256684765666767,-33.43417915100101,94.1760499994616
-31.431067559231717,93.68222338159137,0.011176910369698647,-31.32469281745942,93.58191496969556
-30.137819003785573,94.99714686529367,0.011242345535306298,-29.998161637823923,94.90734292276423
-30.716271803801234,94.78997076292632,0.008236862897080807,-30.619192095354112,94.75726113617696
-31.050423743372093,91.95124230564622,0.012194665952603644,-31.03200365941237,91.72438412512506
-30.177899545645165,93.56351058955916,0.014658648165069208,-30.114354514387465,93.3073578039973
-33.030520854201775,93.14891091834909,0.013713214202640815,-32.966421144725906,93.06265195902898
-34.00992097447196,92.48863376689283,0.011132480051815535,-34.02994955857118,92.41950511674106
-31.205696334787827,94.24402335830678,0.005,-31.19299518126657,94.18637026992289
-32.44017114722759,91.18723697326077,0.007743110988208351,-32.428809410287236,91.08986815454452
-33.777268606720654,94.65654978150553,0.006405912145861733,-33.72595485331027,94.65759911344561
-33.41818329885406,94.01626437812446,0.011926588894711551,-33.348067645225356,94.00656994829625
-30.38962984011119,93.13720262132834,0.009456417369572756,-30.323633532544857,93.06395615281832
-34.626141040106944,91.56394768567058,0.011531980543686739,-34.57724866591234,91.5828080955797
-34.63814427012653,91.97776831167062,0.01273335875813714,-34.58674346920737,91.88120042923791
-32.10789109834535,93.34060889573024,0.017052548191806783,-32.01263863182091,93.27170230085846
-33.25334512021229,91.67753820621559,0.006466266515013048,-33.209277668121715,91.6863595862619
-34.37687603659949,94.16463605765534,0.007165302824094189,-34.3783475271904,94.16017824851853
-30.922646816872525,91.50506690413064,0.005,-30.81358891337917,91.51529752745977
-32.983503351734484,91.71776467287492,0.007322211480286739,-32.8503744291113,91.76632225449448
-30.777297995306462,92.87800938018994,0.013411259969077738,-30.65625235442814,92.74845677272637
-33.66920531124376,92.98291554056101,0.015123957013200531,-33.65034876705906,92.94464645182693
-34.28354985336451,92.68134362801018,0.012292336857368247,-34.24013861840298,92.62224382974843
-33.12772295215739,90.81303722597444,0.009647914259778177,-33.07209421181291,90.74873676674635
-34.79969895550734,90.66482088149218,0.007871365966666679,-34.78418046799661,90.69777806922352
-33.50478678890321,94.11687414654344,0.016192581485269857,-33.46638097427592,94.0700296830811
-32.081049821870465,92.40245686351213,0.0086309438741163,-32.09385708687332,92.45127995544439
-30.46804932134833,94.83380391340107,0.009359779645775503,-30.31040160558005,94.70388133495484
-31.451449599067207,91.17073795839232,0.01713235460234274,-31.391247313079493,90.92361388788557
-30.24462762206444,94.69082997971849,0.014011583395878047,-30.151392590714103,94.4898309764159
-34.37469429155481,93.08657764399702,0.01394006264499653,-34.33257599314377,93.03441659369143
-31.095844400650737,94.93019679556892,0.009872340423698868,-31.035895383053443,94.84979677858765
-33.21189869731955,90.9436604007868,0.012606835346307618,-33.22017797218427,90.88729212579815
-30.388857456519577,90.09926059904578,0.012159926542687216,-30.409787534450285,89.91175967418279
-30.70265458399943,93.79735493821741,0.015922816462315463,-30.564417919710024,93.62338624916077
-30.902146033803053,91.19785658598562,0.01213342849876015,-30.785081156516785,91.10220760451101
-34.10385034316223,92.52300270802832,0.0108523488543352,-34.09484633758743,92.50177311628609
-34.94914052626476,91.24557050330107,0.01528354017032497,-34.92828438621431,91.27123751273537
-31.615760400360152,92.47371314439569,0.014184130285160777,-31.501843381962807,92.32282132967347
-31.41420524124226,91.51818757740647,0.012170485817702479,-31.39321582815661,91.40536182697093
-31.501743846477165,91.06851699625433,0.009290092152486582,-31.473421517145628,90.94891267668528
-33.19499321858036,94.44907024330347,0.011888844352368593,-33.1158761658139,94.3796650984667
-30.830783836142622,93.7967655198887,0.010304429384270224,-30.718249308671,93.68481745815964
-33.39071147075733,93.16670091766814,0.01767601328342179,-33.27776946826879,93.07823713237522
-34.38555147492806,91.85725801967476,0.007378247377151629,-34.39872574357159,91.92211176620887
-31.053372906967127,91.14411319220747,0.010915913342189687,-30.99931338121359,91.02147231490049
-30.529980232361158,91.07723120076797,0.011968357702439454,-30.518532235660114,90.94053376449133
-32.82830576467839,92.68344026622637,0.014411799429212228,-32.76706444557428,92.60759772320964
-34.17868354744505,92.54541323589396,0.015748196474435545,-34.143578068436014,92.52287628955305
-32.664850832516336,91.76574289494297,0.015503710903823329,-32.66469132577214,91.70452285565325
-34.436418772471285,92.0401692424916,0.01159842783715354,-34.46189355107983,91.93069724660873
-31.145609181071258,93.89465736478051,0.005738207873500683,-31.118924276759326,93.87098526744576
-32.83971104865171,90.50425168708884,0.009086649660087376,-32.84594487903079,90.45370638889538
-31.58627769351329,90.78671776454617,0.016166131309194642,-31.510935840197007,90.65168107101145
-34.838628087904056,93.77975919027735,0.0122447321548109,-34.7573253082751,93.890051257294
-30.319564308070873,92.72727592009295,0.013151823400739625,-30.29147858645061,92.52301741286706
-33.46274201034347,92.98640293515672,0.014382727158963025,-33.33739229666296,92.94984261161072
-31.932985851751052,93.03686108011858,0.015187742477326047,-31.86561608814945,92.90622641360773
-34.118789182589985,94.85715684432087,0.015388897010050178,-34.01158526069989,94.77401592325394
-30.58614309007296,93.48656937997318,0.009392101932281224,-30.516446020033733,93.43871705489644
-34.966610143493384,90.88567129427132,0.015527788710956605,-34.93336579162503,90.88701579356028
-30.80286207644701,90.85234241566103,0.016840152350302187,-30.75360678057417,90.58867598494732
-32.00858121896668,92.84209152750687,0.010624855662413547,-31.967513079146496,92.72344152483738
-30.72362784467637,90.57878674626133,0.015298345268887148,-30.61429477882752,90.3747774602925
-31.574742047230274,92.64887153101735,0.008849701068909512,-31.546794776325644,92.60961122874477
-33.84847097826164,90.75508177349363,0.011925318406909548,-33.793150496530906,90.66255229296844
-32.0580809331075,94.11707186909932,0.015052765857122667,-31.958082606510725,94.02973265969808
-32.663562045746986,91.01206665966681,0.014344438055705178,-32.702710492163675,90.94577208454486
-32.81302791117137,90.27289474763639,0.010078151210666058,-32.816034968846296,90.17724706970046
-33.72921713316333,91.07320373832246,0.010377685232855592,-33.74922614623771,91.03489122762176
-34.58041384918201,90.8406742604163,0.016180243829001725,-34.56882868751854,90.76614450332634
-34.44688492995701,94.69871170264597,0.014299924827318317,-34.31386643688417,94.61942308247343
-30.1520961951359,94.86496419256908,0.009512694591505885,-30.107159807535986,94.69692410210003
-31.578052163752602,91.20075654528762,0.012482869817181934,-31.545951265997385,91.04332270717532
-33.0369310214444,93.4465559043806,0.011196702550482142,-32.99309767328012,93.4048400678175
-32.96853791572035,91.74579625365169,0.014281712828496334,-32.89211145874697,91.60037717355
-30.69430147724907,94.27320526344069,0.012542491303557677,-30.62975121099489,94.07027179084146
-34.26935193423472,90.74157534001405,0.008902788249673742,-34.23960128144635,90.67505417202167
-33.365281561794575,94.9487419603701,0.016948682461034932,-33.22818132845225,94.92418008453713
-33.721067147573144,90.50025056176835,0.013456176981920445,-33.74815414198542,90.52267653397372
-33.907524472508484,90.88115145119724,0.011947429362985396,-33.83399332526635,90.83042586462327
-34.5766166752483,93.47094684077516,0.01283424446584678,-34.579591091977164,93.38781803891519
-31.81367919033784,90.63375213670459,0.011155147688061898,-31.78456485005902,90.48651942562627
-30.381779900467272,94.0285763392418,0.018347775704119572,-30.266043644444544,93.79244120844567
-32.61903557342326,92.09275439908137,0.012135796952299348,-32.60182624568288,91.95112360638016
-31.281656768362875,94.93699360949142,0.0113863070919444,-31.231860529286728,94.86780749550502
-33.78983619355392,90.59515248151196,0.007610145354577329,-33.69766284481406,90.57041242685683
-34.8133551426012,91.35051645565326,0.01656727628398049,-34.74638760565957,91.38938612657002
-33.887177042087515,93.63215841332901,0.009003594775185066,-33.77967885289878,93.62596947902517
-34.230101513611395,94.59835037398086,0.006036652408501068,-34.24743388504222,94.55805002938921
-33.7892980242701,94.0107333897385,0.013853032046555525,-33.73412417636114,93.92886931786595
-30.062974170519432,91.05802063824177,0.013483060695603817,-29.922096207677363,90.82615783934763
-33.298197688833916,90.23542912664898,0.011372459047218186,-33.207324923217236,90.18634394981764
-34.56233998951802,93.39035994214,0.014601539101361093,-34.485872473387616,93.4159823209094
-34.70180896093388,91.40731017195708,0.011307117161953133,-34.72404631275787,91.37108970033682
-34.186297993221956,94.57839882063607,0.006898036594743977,-34.08690898154858,94.51543557806963
-33.15072298376497,93.35501974254795,0.005447057018902798,-33.099596348115696,93.35468175041788
-32.25345598493287,92.69024753549355,0.014033530736524583,-32.202565085125755,92.60992801855043
-34.48681526878537,93.83253487440594,0.013540216118491606,-34.414918051144234,93.80910779047116
-34.87641918129205,91.79002435455723,0.015044752899224832,-34.8297606749257,91.86153858683168
-31.666232038114508,94.58679806574048,0.013628123809642399,-31.584966908416327,94.44937722423839
-33.20696380191421,91.54485824572623,0.008694021968370803,-33.22031025700098,91.54536081254396
-32.53394687414415,90.52775477446075,0.012945302745252735,-32.475061525508075,90.39845466638194
-31.430595545206554,93.03053856840914,0.013646978743912894,-31.37419594303112,92.83716846240493
-32.51532582035598,94.66454393737459,0.011056005819644825,-32.45159718522687,94.57583134998664
-33.04073772514338,92.42669387159303,0.011258697601106647,-33.09205801919758,92.46508241793184
-34.968249216607255,91.6772050726079,0.015457918120564995,-34.93996510185092,91.61451290327656
-30.01268012190366,90.9991896268237,0.013327550436064229,-29.928856928115238,90.7939449392443
-33.32338079497721,90.20578681679831,0.011720673834288927,-33.38140196928449,90.07259886171481
-33.08789632852084,90.4638666628391,0.005314483640628835,-33.05175709596387,90.38625440549602
-31.310608188846125,91.25053774393798,0.016963539490588972,-31.304742245784492,91.06549972662492
-30.2079906843151,90.02982279954041,0.014520004919124604,-30.139237434637916,89.77704767233955
-31.888423580441675,91.1555563026428,0.00796057463251022,-31.844785547887486,91.08330616617098
-33.12724328571064,93.15036813541664,0.013416220270663656,-33.03461126173546,93.03655058693897
-30.350160438738982,90.61222191350707,0.01480320955787293,-30.29777247848268,90.43845907253657
-34.3056745604625,90.43842097044842,0.010558097295841062,-34.25714657800508,90.39906620102913
-33.701591822191865,90.05665946643637,0.02,-33.651400420379765,89.99035459002324
-31.551328617468414,93.2086745730449,0.013992015077057031,-31.442521940682667,93.15114094443952
-34.27140413899138,90.23556557966565,0.01476928767584415,-34.227371762007984,90.14438828827583
-31.24066432020842,91.17898092563655,0.012940798386508814,-31.181785306477572,91.06570897832418
-33.60083261114402,94.28568882555184,0.014728005443427642,-33.46610781015905,94.21977105485145
-31.577143286399043,93.92449761984474,0.010855566006971655,-31.545816177123818,93.79566616426182
-34.761196781962845,93.58557392439418,0.012026375189573557,-34.72309872142403,93.62671611685384
-31.74973500329829,91.95508615685473,0.010229474991472368,-31.700526019187997,91.7422888200505
-31.159668107273802,93.0962146665659,0.012747082940402207,-31.076650689648826,92.87510280566995
-34.54305376245601,93.80119346676493,0.015175619750981521,-34.45322773393082,93.79471722078692
-33.268651322537075,90.16729485095127,0.012782193252623475,-33.19235286020415,90.24321073944708
-33.16266648216485,90.28268018234698,0.017551419681618316,-33.18751575647069,90.17293097087993
-33.28060079473254,94.33506209844481,0.011815216425611048,-33.306863421401005,94.34174462883024
-31.679526882760424,90.59631661889482,0.009800928186744128,-31.5954566949877,90.4393722084075
-31.772232050958507,94.08635874858987,0.009073681132591604,-31.69206107508323,94.00532959768589
-32.593160523066075,94.80800493909946,0.012054338219340854,-32.475661436173105,94.71615516016146
-32.10927146201635,94.6167686120982,0.009392767884322176,-32.03834373307489,94.62040262588387
-31.39576415897377,93.68306310029527,0.01454951088872443,-31.245988877658768,93.57504325477457
-33.44410196767033,94.71594516591857,0.014540876064943305,-33.34081402726781,94.70690914302548
-33.39557987879184,94.4569648601702,0.013411606433113624,-33.293603809448236,94.39497516466386
-34.18346274537748,90.0255634045691,0.010033741796610606,-34.2197077790635,90.04502859006783
-31.525127713936822,94.12620919522287,0.015720103585599915,-31.472303474919116,93.95156491891527
-34.870453318472634,94.45098514610585,0.014959934468156012,-34.78634842498702,94.41796391739219
-33.67696903456181,90.34518856861247,0.0158739776467827,-33.70853605439692,90.1940066645453
-34.98717138791674,91.0054064199996,0.009205696185041577,-34.94726569470472,90.94745299063177
-32.38335991708076,92.88184045963965,0.013635390659214932,-32.32202911248763,92.77115017189655
-32.96211876289917,91.16674788439971,0.015774590274290415,-32.944825851481575,91.06723202731678
-32.57989468446895,91.77050773407164,0.011135851436685778,-32.45462810308785,91.64752113938832
-33.244861538042855,92.06749169781064,0.010686015898594407,-33.20157814152745,92.03161354007189
-30.501449809215565,90.19349700833435,0.011453704118483222,-30.495384191247016,89.9336155914622
-33.61280483610507,92.62575911923848,0.016715881984254007,-33.46982933690585,92.59460990098361
-34.036833341304494,94.86642890623907,0.013737223271604227,-33.93569478368523,94.77386653245935
-33.20426942757185,92.70788048432986,0.00933377639381122,-33.160751665984,92.58211685486721
-31.286209010715773,94.76758684028654,0.010911976097669952,-31.22571928945937,94.66471741310076
-32.99716389562697,94.93069729943821,0.010955261910936685,-32.937281789803954,94.9145342272828
-34.73919515835771,92.84385741272806,0.014642631408574722,-34.679117779075334,92.85774618997623
-32.24440699963587,92.26455420178866,0.007912374498918042,-32.18369811661336,92.12953761084101
-34.48759182778433,94.67478261609621,0.013409492363924424,-34.428155406650525,94.73092502103911
-31.140997497373025,91.3716670331611,0.010407830694528518,-31.082946226789723,91.23997325337788
-34.521948904583056,93.78184535767555,0.011460367587345196,-34.472223650801496,93.7287044443355
-30.438103424881632,94.34288852536578,0.014763699227699259,-30.360997112792987,94.26405590110942
-30.80597615572426,91.67244231413892,0.013333344055912487,-30.740733697087215,91.50814006217557
-34.09684866779089,90.68582071074114,0.011700161118626075,-34.080187101204636,90.61778801412798
-33.289497417133475,94.73556160623042,0.008750398790533506,-33.25019816159242,94.79784706353428
-30.188437661111845,90.22382861510837,0.012110276744246898,-30.12899765090624,90.09302899449776
-30.90794751991259,93.18661641818774,0.01249074453616384,-30.825411967975214,93.06054145797023
-32.879207197475544,90.2793036848914,0.018760801275082124,-32.886157701778885,90.19461079420157
-32.81843190683287,94.27373375018288,0.011613575661927623,-32.71636881594001,94.19239612465309
-31.66790865869408,92.24613851198129,0.011949276791160755,-31.580618444204013,92.20008714257476
-30.880309706414703,90.10869472494363,0.006185790531197147,-30.975976258906226,89.98183879721824
-30.47987429875087,90.6403424915734,0.011058592448928727,-30.43580221114778,90.49239348672137
-32.40739627289719,92.40783331306976,0.013013520346695782,-32.3903776234531,92.22591743651796
-30.89580297903361,92.99013422140146,0.011801323883108483,-30.824732773048307,92.79615651189103
-30.004406661947314,94.76791585110483,0.012620390263506677,-29.91665850070423,94.56503701850184
-31.023837458520422,90.46040025550809,0.011871429773503531,-31.03937540649886,90.34449996343159
-30.516316631087676,91.02858400706913,0.011131995588815887,-30.416933096671823,90.76248968382585
-30.191705146075865,92.32296981767074,0.015269894646137474,-30.07398714365864,92.15261062783341
-31.617602154850196,94.23797422269664,0.00805240328129325,-31.604288038761677,94.12219917441274
-30.49344759863981,90.75927767722779,0.013893342088541975,-30.44656102130365,90.57900158131558
-32.96374940485643,92.72230475581752,0.009503210806061445,-32.875106082553565,92.69291456331005
-34.84239590540781,90.80006084734468,0.005,-34.936506876662826,90.74815059243397
-31.09431226578349,93.09017364883971,0.012354985430596103,-30.94758444825324,92.9316855141812
-32.01272769227975,92.1774183890728,0.014030616455467012,-31.955189046917166,92.05643821020038
-31.536310520093487,94.76698945708347,0.011633367605643801,-31.43437633850175,94.71691805326377
-31.804804219176077,92.34072917854927,0.010304859347785179,-31.75085285996338,92.25020378193177
-32.2959417121493,90.19063906156661,0.011933535029190536,-32.3220511381245,90.13243384290638
-34.78899110842518,91.721534793173,0.014283683567332575,-34.7904645965549,91.67275450271485
-32.5345025409132,92.8689968519626,0.014039837252992335,-32.45022959572536,92.83059063876983
-33.308112775480396,90.1680275602724,0.015352248837970357,-33.2993744981989,90.0450916725782
-30.63876431596926,93.7734587624705,0.013485365539188257,-30.557268355477387,93.76592046647278
-33.88770899261434,90.48448515589635,0.014322601681678086,-33.83808559505514,90.39285461228005
-33.40239946288059,94.93911504466445,0.01966897217692159,-33.22852223059702,94.94813074573972
-34.30624323909404,91.29884107611458,0.009074992395603998,-34.22000771891414,91.2350467531324
-30.895102930542393,92.25131582020386,0.009740788914351052,-30.840992861903942,92.18128974778446
-30.69271658184028,93.22084201087338,0.017730183730962294,-30.550379004229967,93.0354197869842
-33.123740537470034,91.05883869229443,0.00882679996786536,-33.174150137828775,90.98859197285424
-30.809433235391133,91.65667342732921,0.013032282225094597,-30.740210123570588,91.4953897910409
-30.36709625611017,91.93687900271372,0.017176371568771928,-30.328533645452318,91.68971245052566
-33.10860552736764,93.69838720422649,0.010561488632482923,-33.10292300902826,93.6130510223594
-33.20021066725759,91.59444113835733,0.02,-33.16105280506596,91.52805579824722
-31.77749548554987,92.4863030051591,0.010232297354340777,-31.68759413821856,92.39128027100418
-33.36108976185729,92.65219931534489,0.017032276481887414,-33.27563379257857,92.61338776871128
-32.75468325902786,91.82341045597751,0.014308613459763938,-32.69835323416524,91.76072114215168
-34.954112411235236,93.22776607798605,0.010996998738901729,-34.868156699782624,93.23136872057779
-33.23028177022258,91.39300903396703,0.01916728943336371,-33.162269250960655,91.22264832674915
-34.97093004852291,94.49733634526685,0.016755447242557155,-34.863734881329464,94.4243368509589
-33.45215341215542,90.3804472739328,0.011318883427259825,-33.38873531605256,90.26796716690673
-31.067348491952476,92.67350120171017,0.005869707290237983,-31.051655765727098,92.5250409587817
-32.79893462478135,91.37705670084792,0.01194707823606731,-32.76923502358888,91.37478825064795
-30.76568991403058,93.65004075937048,0.010053004376303333,-30.70128633986558,93.58377721212034
-34.227817351358865,90.83956616971005,0.012229004946097032,-34.27870388126863,90.74082980527128
-33.75495205625166,91.91244731713566,0.012416490403005008,-33.69274089020601,91.83313853649669
-31.67143572703143,91.49375130699386,0.014293038010540274,-31.55249787753743,91.41901018771487
-31.388658221574968,91.62147276547684,0.012737199859745807,-31.39449766717757,91.55294526360116
-33.823318723347484,93.33941294871158,0.005,-33.83247494357372,93.2151893101113
-30.681491962698082,91.74742281263295,0.014719821463949002,-30.642876945325128,91.60230930674626
-33.730005360502794,90.98783754561117,0.010842956356038245,-33.69430978013524,90.97662401959256
-30.671214386445424,90.1779681920044,0.015955475025282422,-30.649846053226423,89.95768600510608
-32.5687872975739,93.5061445157473,0.016626292562320934,-32.457234714467006,93.37146724028375
-33.380033395890884,93.39519731047733,0.006379122991110536,-33.2967852850454,93.38900693280314
-34.195198313848,91.91511462948422,0.008375240451896694,-34.10257160852174,91.89970265533896
-30.0840503116494,94.99055864795017,0.012683263051052237,-29.971233292657658,94.86566027842824
-32.66063295990387,90.33491367269848,0.010299865681506527,-32.70900210607927,90.28125953286964
-30.86198644867936,94.54601231620656,0.00956225673922504,-30.786699031763067,94.45577375883803
-30.59246548553417,93.9586831628812,0.01635196255250977,-30.53179228431339,93.72354306281846
-34.730273987763184,92.90194025585522,0.009259649585763401,-34.71623101985083,92.98438470872583
-32.00584589469025,93.35171147100054,0.014430259888939586,-31.945816478641376,93.2686197671539
-32.742379340352414,92.87480234661763,0.018547503600148462,-32.544107931640326,92.72094440390524
-32.73155365037743,91.27087501473406,0.012567927823540007,-32.6378261640913,91.1539745257064
-30.816002088284883,94.4876029950274,0.01418616927400569,-30.70903487372014,94.2905941264236
-32.43958866967501,91.37271354247709,0.01583825173801946,-32.46258508757746,91.17772342505899
-30.746383802205816,94.60772749055735,0.014093297240570084,-30.748036460475674,94.37753751138182
-33.07570736537816,93.16437919133205,0.011973658033966186,-32.97606767326271,93.14137123272546
-30.808456341455397,92.12959942450905,0.00997174165762226,-30.779640092964204,91.9419818670926
-32.48058907747087,93.13602996886539,0.009862574670067273,-32.455025962654766,93.04992277384028
-31.57305471471657,91.51485447531768,0.010054913361292007,-31.523160399637703,91.33861982294397
-30.394843723699466,92.61082546238806,0.006776030706034373,-30.358111118493593,92.5547937675287
-30.837609470727507,90.96867288379461,0.012346260768823145,-30.72841810533774,90.79659344156217
-30.73470313834921,91.0508586107161,0.009963237471688535,-30.6563160849969,90.96962667735299
-34.83367215343435,90.04727078930652,0.016231403011377106,-34.77985525139451,90.04640936352344
-33.55383463620269,94.79291168404302,0.00893018653855159,-33.5845689846155,94.8429266920917
-34.14818020140432,91.11275981277039,0.01017798799216646,-34.133566707886885,91.10252851244616
-30.72419357677183,90.50948515689373,0.00866386566635231,-30.66097651088122,90.3494612038205
-31.145562783957647,92.58598180176347,0.01087140761578714,-31.096855486403058,92.46723321082116
-31.628773632026004,90.99284911382554,0.0086706114042386,-31.656766594661963,90.842778947556
-32.12692248670729,93.56879171539538,0.008323852812502731,-32.132785008628304,93.52266860344528
-32.28879271531118,93.47484931165216,0.012149595940011334,-32.27126994381867,93.39776046323205
-33.62248576429533,92.62043391070702,0.007538190227020062,-33.60599724664315,92.59753573016283
-33.520426275861524,94.80875836346225,0.011197728636482811,-33.47137889209888,94.74619547782267
-34.30202012664907,94.15513989453972,0.018605977456366267,-34.196461108410695,94.14777244760691
-32.183521091276376,93.42659501947173,0.011869247786943007,-32.14920822527753,93.2762243207179
-33.120838138300364,91.12493239413132,0.011466983918976676,-33.080059252726436,90.98442532401509
-31.22504748579931,94.86014487223646,0.009831748413916978,-31.143040502363903,94.76309766186922
-33.38396797630343,90.52745070574682,0.01517848497066181,-33.368083825659205,90.42509974149874
-31.135170316543878,94.81916427256488,0.014347099755841468,-30.99872462270662,94.81700122204107
-32.469607757365544,94.66507405273188,0.015444148950022517,-32.30986536432583,94.58852866716315
-30.065890218333898,90.15758287445988,0.006168170066813536,-30.03091671810097,90.07526537968869
-33.423784250747545,92.69093244981951,0.02,-33.26813864032755,92.66739505169575
-30.046977075839813,94.15483533233302,0.015110047458902546,-29.937354050825046,93.92920685069087
-30.306156944844947,94.24791415072612,0.015755985157035406,-30.22004871570985,94.00128646455352
-32.070826951020805,92.03052220058748,0.01367017734509715,-32.035151160499325,91.90693939904858
-31.15971202061964,93.60685141365418,0.013156544432316465,-31.048672768230514,93.56429698375437
-30.52401183931731,94.75058885593694,0.011650916581787896,-30.424585473607127,94.5498139875172
-31.49110521906203,92.82401415147781,0.007884699408145127,-31.527317956531945,92.80061041277968
-32.95188175599166,94.85938831144774,0.010616028336096223,-32.845343571135025,94.84527068813031
-32.48871680617616,93.70982663973372,0.006711292365662999,-32.38395683854415,93.72046582439769
-31.229008028654544,94.33109118321912,0.010334741968290446,-31.195139783009715,94.31847879224873
-33.81260284006486,94.77334679178317,0.01678566239097212,-33.64263728705209,94.82642285136943
-32.77377063043675,92.79420928060706,0.010914020370096108,-32.70817348250453,92.68096053113175
-33.5687345267109,92.50819958749106,0.009519454189139891,-33.513882664928744,92.52701304815332
-31.268232568922564,90.2762209403486,0.019821016554146854,-31.23206879368003,90.06984662162137
-31.871319063573065,90.84257640076311,0.011388333900371892,-31.861209541450304,90.78618924955376
-31.06440468187942,92.42663053515136,0.01249112204800927,-30.931537801447146,92.39154060891875
-33.47220763547334,90.05666226440495,0.015315604360280198,-33.49375995496246,90.01730044383429
-32.414067345822104,92.12737027876025,0.015543283995848938,-32.33934393820399,92.10392651524838
-32.10031654618631,90.23956030157863,0.012920040004061223,-32.081323381801155,90.11070111867808
-33.99440748356925,90.85720638323568,0.01250954423882692,-33.90103335089484,90.92344302610937
-30.206534616433572,92.3667934168897,0.009696411213349234,-30.082521811385703,92.18966891023962
-32.764796396775665,92.89395909793407,0.01885727191770019,-32.70908732623432,92.77363521620649
-32.12887061262225,90.8988127193623,0.011348499110575444,-32.07189451136376,90.88429293297018
-34.5920520545381,92.21943975475786,0.00813494611593587,-34.54604563443105,92.172090211336
-30.52758505224191,90.81713545497163,0.014156051483780333,-30.436978917491246,90.6372898692866
-34.24781598074416,92.58686395562947,0.007737790635193995,-34.263455749375126,92.62030991487407
-32.33971176861276,91.57767074326092,0.011189616503752501,-32.343878038812605,91.56140082624916
-34.66335085511067,92.66301832736212,0.0070012971922746615,-34.563674158647245,92.7527946499706
-31.760720610887706,93.21099744270435,0.009492527132107176,-31.663358984247747,93.08488090090087
-32.24965134454665,92.02007984133715,0.014254621994633527,-32.19480379418472,91.89169357122738
-30.498043184205073,90.17380743617854,0.014663969229255149,-30.425476460883225,90.0084940749198
-33.28919558860485,94.44758152984159,0.012480543211272524,-33.181934696719324,94.30530518741963
-33.193253327574254,92.62262107223772,0.01653809159959322,-33.15886467199662,92.60455940081809
-30.126154044688523,92.06581643404947,0.013903770376956897,-30.037374693418524,91.8224475532604
-31.371456431510623,90.80026558201637,0.02,-31.305908886265353,90.6153274186335
-34.345357922450894,90.92870286228805,0.01059449415725709,-34.39055044297551,90.84854227226714
-31.80155616900065,91.9764894065825,0.013221702222915426,-31.782121933093638,91.82611350218171
-30.285460716117456,93.0626440882746,0.012871527340762051,-30.185315510898125,92.95259152757575
-34.12737227991733,90.52385777294602,0.010474882491153584,-34.08479996534314,90.48654511442578
-30.702765557947032,92.75056281828505,0.0134417489120937,-30.57205683148681,92.57977590483159
-31.354766151847176,92.62220017040666,0.008635585867960295,-31.27503058552896,92.53204131191018
-32.09586241680396,90.58176473124162,0.014928053023143378,-32.033336674264895,90.4622942970112
-34.69345254699793,93.82700340992335,0.013489678738355918,-34.713721709327196,93.78959474547176
-32.62903604557952,94.03962262354824,0.010344173730041971,-32.513900611095444,93.93138847542262
-30.9553770359259,90.14599772984201,0.012863394607358254,-30.840467874865542,89.95469514704486
-32.22353543882525,92.18611443794339,0.00574886235263376,-32.24887300913315,92.15217911287232
-34.70086814547975,94.46182731152656,0.007760345797063315,-34.660438211373794,94.50691985276887
-34.39406782268571,91.29949648636288,0.014331389240892448,-34.351764119169744,91.2454820126095
-32.62096021810314,92.36351500094652,0.007949625785187452,-32.61229160328256,92.36780025698692
-31.68678251327465,93.91274104839776,0.01374687235069222,-31.602255265181643,93.81520305594239
-34.44517502403704,94.71419408417776,0.009512809256539856,-34.32511847516229,94.66960632983475
-33.321065465573284,94.90359909791238,0.012281852851811367,-33.2612967689522,94.92394743217046
-33.398126621989746,93.48766068188213,0.009391528408677678,-33.375139769774705,93.41824750604458
-30.871121395490263,94.67232177397798,0.011744002971454321,-30.800039980917084,94.45950668637211
-33.542355090852276,90.82153129753534,0.015634466979665973,-33.51595786635476,90.78563040823491
-32.43335454678562,91.07080780419444,0.013836897097303605,-32.33821443199655,90.91556083288343
-33.90710882775844,92.01998554318791,0.015531782644197648,-33.85992076417678,91.93546551005822
-32.935183457592906,90.88376425324277,0.009234506784641253,-32.88351044401656,90.82989465041108
-33.47371191746464,90.4427215658555,0.0118626600461408,-33.422893829109114,90.30942908393278
-34.12743734893372,94.59396927737423,0.011985891376848409,-34.14225313400718,94.56572829112214
-32.44631411489018,91.26980153194738,0.01394124783370399,-32.413687488765184,91.16169865974744
-31.87817871737938,92.51871605916537,0.01344613991545259,-31.855834803394586,92.391959690616
-33.54867357609979,93.33831904137423,0.015425066043384538,-33.443115049453326,93.3226776262469
-30.17344917853031,91.62712565166386,0.013946150818901465,-30.081978755292024,91.53883267767398
-30.63577342012808,92.88220235248244,0.008710153257706806,-30.65830523412157,92.70231598861447
-31.906858156527875,90.20403001554966,0.005,-31.889136048438065,90.19840455794525
-30.67774202442347,94.17347042171193,0.009911834596395849,-30.58830967776413,94.07683863112794
-32.068192974719665,91.36145514796401,0.01238683205072483,-31.999882817982083,91.3446882330503
-31.815039281052275,90.47962326370643,0.00563226773856783,-31.823460479403835,90.36418090549722
-33.49816974070563,93.58592799545575,0.009303174067291862,-33.455129985614114,93.56930897836229
-30.740967300815466,93.89642196868795,0.016703537881985413,-30.610439673785006,93.65764970447992
-31.785621590196634,94.09735845045259,0.009558844661400072,-31.706642947680624,94.09121208922707
-32.87935510077074,93.06749567793152,0.01273572354657815,-32.7531896547317,92.99673029584268
-31.569353713935683,91.64870850307575,0.01198054727919745,-31.548910796461545,91.59667135416014
-31.466088247521476,90.30316754111433,0.016827507895357943,-31.382249786787145,90.13359022670379
-32.76606616702658,93.58474469321844,0.011730485960004708,-32.74209008590486,93.46293067741641
-34.85382118142894,92.08982125654649,0.01390820344899356,-34.832178695818925,92.06363046469876
-34.54162444704187,91.36866283670358,0.009986320197378667,-34.478921238660234,91.39477565714422
-33.12588940038704,91.58587036470233,0.010811123442165227,-32.98680213260793,91.54452041607139
-30.51998736496691,93.0400195834977,0.013730692192395628,-30.45263053285768,92.93727144109637
-31.140233552808308,94.24136503664455,0.012279516211512834,-31.041004357782207,94.16522968351036
-32.9873452594844,90.48717345994974,0.012169725010053683,-32.91866581220569,90.41682056287992
-34.398095510636324,91.95017078371141,0.016515063033161,-34.42092354191101,92.02138750867539
-32.611905445336234,90.73320886771987,0.014244276458905249,-32.545180313724885,90.48712820017337
-32.771939778141686,93.14029901117618,0.013204388444563134,-32.78558443732015,93.01335015684177
-33.611229881430226,92.38899819581357,0.012858440202693404,-33.59437710244194,92.37152847383618
-32.56501017835021,91.80411448755301,0.014239262124036613,-32.453094777941665,91.67687392835772
-33.02167295055574,90.75307929458057,0.006947365457959587,-32.94339245591708,90.73280387871442
-31.86982090458376,92.49996718246152,0.006594574880411939,-31.826349102452323,92.461269945599
-33.662608382960876,91.84762724613077,0.02,-33.60649001049937,91.70567400146753
-33.71417421820796,94.98202054850599,0.01124924486949027,-33.62807189877697,94.89060550104853
-31.207784391541782,93.64195081609361,0.009273395339445984,-31.11857700116607,93.54453109614568
-32.03347642278585,90.9287706953416,0.012207496083757681,-31.96003381538078,90.90271730142233
-33.83342832468778,94.14552194469081,0.011806266192786491,-33.800059342789474,94.15402877467601
-34.30901275400686,94.47781131562296,0.009132875487237029,-34.179419763639046,94.40243342766487
-34.23958303748597,94.21547516035882,0.005,-34.17359704683501,94.21509208120162
-32.25629769051075,94.08384680205766,0.009252871828333183,-32.2018545389049,93.96691381770084
-34.321454925344774,90.24310260991619,0.01345408727312913,-34.307756162705125,90.23351925657735
-34.881872505659175,91.12888171754315,0.010009548101832173,-34.8678995720096,91.17021920408207
-34.00427827327893,93.17691077762471,0.014055368037020705,-33.91005822240221,93.10147670953695
-33.68612398837264,92.56998439867597,0.0073117733205505415,-33.63309628961167,92.62092184615452
-33.338479432305625,93.36668812247194,0.012592467435145633,-33.2225004894543,93.31022522796142
-31.07843896308923,92.32688619718249,0.007705804145185645,-31.059223920043088,92.20837720818918
-33.548394429858064,90.0137135507479,0.012654840672458454,-33.509293542730674,90.01781314065353
-32.767728788567595,93.55226837304119,0.015617452781365063,-32.75883437666059,93.46164722603288
-30.341913529766032,93.3092826348409,0.019731876962052575,-30.219113466925208,93.11637380755379
-31.292896687741816,90.54790497271766,0.01221577940840036,-31.209925249537037,90.48332718547077
-34.534971788619714,92.33274298516513,0.011385343643737425,-34.557964290149386,92.33587649586136
-34.59156790766598,93.07647976133734,0.014714004075147849,-34.54978979683296,92.97218732477555
-34.81359769705389,93.34612589922438,0.012865934721380257,-34.77366762285638,93.3988391955898
-32.75100118689348,91.97992624536461,0.011711961435524831,-32.76609950225173,91.92697616767434
-32.139735221634645,94.56654183663156,0.006177843564011476,-32.04932981888164,94.54329404295638
-33.15333257744112,94.89516634400147,0.008828238810859328,-33.060758516114994,94.89791908648459
-30.097654683071298,92.62117068960359,0.015193001810801951,-29.92749431896337,92.4126812447742
-34.67042954179598,94.43554241334046,0.01266409385657789,-34.604847598627074,94.4831511371829
-33.377777886702184,91.89956966779275,0.007495233441668271,-33.3936133958466,91.89481539945974
-31.461028894370887,90.23583001903162,0.014767296387313028,-31.42655499247136,90.03528295798587
-34.17462544288014,90.74903646482238,0.006373543336748151,-34.17312607494823,90.72779146930057
-31.79408002073844,93.18293107164968,0.00803119869142948,-31.718607405567123,93.1720722181371
-31.55600904542308,93.46808975968158,0.010278364905678093,-31.497954478608197,93.31760580289857
-33.184482014006115,91.63246950946709,0.012484397143405953,-33.158140708428704,91.59624478678433
-34.98761083135548,90.00689273841603,0.01589923308464144,-34.908534056020336,89.9355667960118
-33.52673890610996,91.47139293211058,0.010136915944304704,-33.525488492373185,91.38495993760665
-32.3931090461293,91.43557953881489,0.017990801540623394,-32.215036930521315,91.27811767112607
-32.59370615260936,92.76282227203804,0.01053255629351903,-32.55352288237978,92.79005593687599
-30.562531439890968,90.24903495820116,0.005355941208215435,-30.555252688439808,90.15714269283058
-30.246895236353495,91.2456667778118,0.018592062939460512,-30.171355934578454,90.95710285898251
-30.775729533085446,94.51725781445886,0.00894105299025264,-30.672031025057713,94.39700228265518
-33.676236967900046,94.0523661855429,0.01273847271220373,-33.683023046323356,94.02268730500695
-33.68996263090512,91.52222672146817,0.013776663637590317,-33.70829908137397,91.4527037844338
-33.99428020892052,91.56735947547438,0.011857277604110046,-33.97381468599788,91.51653245388704
-33.034172413246516,94.72356686896714,0.009398985279504345,-33.076623955869486,94.68285877731405
-32.31125927621188,94.71808404535686,0.016014170700663286,-32.20211623623184,94.57141380453533
-34.2556480077201,91.66588057969616,0.01574841371212742,-34.194777423143314,91.65281827719062
-32.16633193047807,92.29585166783056,0.010202048009320118,-32.09238780229696,92.29598152650932
-31.057917404319618,93.52164988765301,0.009758581483634284,-30.966235108179994,93.31064712204353
-33.587734290106546,92.29643004407491,0.013774232122075254,-33.51744388569566,92.26865795127577
-34.68297716311517,90.19544889108212,0.010265115387494656,-34.69404864045098,90.16613531957447
-31.953071227036656,93.22123249331302,0.012626772511423549,-31.90886121968524,93.21328365790328
-31.024118835591732,91.81875626770534,0.015396530387757056,-30.877158162108852,91.68650804987224
-30.22701013165333,91.04685201975806,0.012624501329904926,-30.248079386048403,90.88460133745764
-32.46185008199231,91.73273810589174,0.010483265196925783,-32.452743612072595,91.67657065126883
-32.62407251176038,90.11317035807821,0.015025715125694974,-32.51732337515967,89.9759838001976
-33.415503245524526,94.80883050924376,0.010490758605370222,-33.35596143632733,94.85324176730738
-32.43210422239888,90.4384129895427,0.01252865929799625,-32.41140772936369,90.30232498128049
-30.527837228063248,91.8328854078308,0.009739820969648677,-30.462575349133427,91.64920307705971
-30.177892192570905,91.76840200572546,0.016575771645146897,-30.13276216877689,91.46325328451474
-33.06362123709576,90.2829075113748,0.010116628691609036,-33.047978624614814,90.16641362234687
-31.92522828151139,92.41002552683725,0.014547495422853923,-31.82993146788351,92.22520771973669
-31.411467275734758,90.41012936314958,0.01203427550451294,-31.42346149795939,90.2384366368192
-34.85899724305119,92.84340672958906,0.013384999264762224,-34.755754641241,92.90330014763985
-33.24745432336992,94.67594001962777,0.015272037900479669,-33.16956180322245,94.54293115698155
-30.098584170990183,91.41089608338615,0.006266619489338597,-30.05017444604453,91.29363414945063
-34.4713430228794,94.95860545913796,0.015837700141491214,-34.37870008584857,94.92095562334953
-30.50230873372321,91.10482515526029,0.01179986377556624,-30.496890353956335,90.91462441223149
-32.59146631937351,90.51058319808226,0.01421795529850891,-32.57171715505848,90.43816923569048
-32.15758458042633,92.45347204424426,0.013504120520155016,-32.105264135181,92.41005922507127
-30.324591008407968,92.3228032461065,0.012555939390048905,-30.264228900565033,92.14303739796402
-31.034863183588314,91.62655827169444,0.00813461473881057,-31.034883351823638,91.59939400116819
-34.420315093375535,93.48043114538719,0.014575093579446405,-34.418112015600165,93.46684433668709
-32.62383486524883,92.01138554413654,0.014107454710232701,-32.53877801155525,91.91875607443038
-33.49462138811192,94.02859917841865,0.014247935416607935,-33.31157367714756,93.88187526131736
-30.23546131529921,94.56513646640991,0.010787531337229225,-30.123655297356642,94.49610482541854
-34.72209803099865,94.54977927915166,0.012846735940493228,-34.58930880456852,94.60107044403591
-30.50955861164977,91.18623195332036,0.016596160063078284,-30.388044621455137,91.09230959875815
-31.35723655843283,92.17303302941171,0.00945839574173718,-31.29614206704344,92.07687100496868
-32.26620920062871,91.79916342101475,0.010726670804406386,-32.15532710732711,91.73649033744582
-34.99172907696556,94.10906112845129,0.016202830928944416,-34.87656481703996,94.04447341419126
-31.379000155712312,91.11491499971018,0.01641966587937643,-31.372194932611706,90.87546487977316
-32.98464170837084,93.89327575826528,0.009902651224406084,-32.905373785646475,93.81672953047493
-34.32639738645495,93.03425621730698,0.01134036984968845,-34.31045055901673,92.96502940506208
-31.921374710916943,91.27400458905421,0.012474564415265602,-31.887592403573013,91.12293319783292
-33.88514563194951,90.21158969177611,0.008946509003244065,-33.836054814535714,90.15250140930759
-30.27221821035969,92.84768592157481,0.011699978117530416,-30.24741600453984,92.70484136567039
-32.28369188426393,90.00032150091229,0.012668858441665156,-32.236457628520405,89.86315402661667
-34.45700307824542,91.4613661408643,0.016439705307592888,-34.409894156887304,91.41773435341217
-32.21770613282096,93.42313592083181,0.008889709020403893,-32.129513816664875,93.31612975146052
-34.16943742339159,92.8565974899305,0.010034387523607545,-33.999073924758186,92.81902973500749
-31.602396149999425,90.44190078357913,0.010821786170247405,-31.559372142284804,90.32778868896031
-30.40179262759321,90.14813313234882,0.00962899341897289,-30.386369740959225,90.04807889257617
-32.35375912325841,94.43192997825201,0.008489117246896964,-32.38373252251348,94.3050453171178
-32.37045657922112,93.45287955683489,0.006017028534407582,-32.39159076636184,93.34182676295259
-32.035834755165425,90.35577913809357,0.00807336446123853,-32.081597665280995,90.22550112356873
-34.67430197847894,94.6355311701265,0.011640452556865383,-34.65432895121316,94.6035177064068
-30.331848142952936,92.09742860657471,0.013304176226004574,-30.265756839880584,91.95276391177077
-33.452285773786954,94.27509110967164,0.005890195255410305,-33.42588202412243,94.21382610773888
-31.196854684923487,93.18421276814212,0.013769177460176118,-31.148957245311948,93.01560428377952
-30.14335602006465,93.44025961517445,0.012656244403833604,-30.16051502203408,93.27609072084182
-30.462809216725418,91.70842424035278,0.007898089702180623,-30.487314229001985,91.67809058781569
-34.50411379887332,93.87761023245905,0.013804845376657486,-34.39827161997866,93.8235289231839
-30.575701400668155,91.72206277837205,0.014136546883711599,-30.524059255587378,91.55593462360196
-33.27931141395373,94.03958262749185,0.013319486364652333,-33.15253189501088,94.03168002330716
-31.690486969454152,91.0675780244034,0.009050364388310257,-31.702327671868666,90.9333485448786
-34.14902450351978,93.34809642797889,0.010431404895843233,-34.145088659695816,93.33513797288408
-31.276101912544668,92.04349221390952,0.011699672713838143,-31.20310186957334,92.06376608148756
-30.98885674649539,91.09504617364172,0.014548801676145967,-30.877919466851424,91.01090924188853
-33.92716143189562,91.39004008073418,0.01563659897285513,-33.815872438912784,91.29084295448615
-30.23423321796629,90.1565110251069,0.011489464973823514,-30.22197571241921,90.05586084941102
-30.490846317927815,92.80636396532482,0.006717067976411873,-30.351166001585035,92.73062643090627
-31.733693499959553,91.22908917895924,0.012622605934412156,-31.75442072972022,91.1616848792032
-33.386383180016,94.88561130070852,0.012061212415450528,-33.37002708202928,94.83921909351064
-30.08305547670256,90.7084053719265,0.013012518643537413,-29.974082036319242,90.41715270078198
-34.84408096323747,91.81713297684588,0.012564889048604385,-34.820691832652656,91.79479595938726
-33.20255209532837,92.99790339220428,0.011515605523951752,-33.16424291307559,92.86391245284037
-34.97390155659491,93.7641961422367,0.011268978142098311,-34.888625922208305,93.74455359242073
-31.505978539163003,92.94856425490292,0.007576510082911535,-31.43572141349248,92.795040516553
-31.492596444882317,92.37668561175263,0.00721321814564991,-31.488883631297426,92.30414331741214
-33.77602963843639,92.31640568488115,0.013835944130336493,-33.73615841269196,92.27574983367094
-31.578633590380992,91.3832441514599,0.017378235930595787,-31.568855576348284,91.15008300097337
-31.62751289420627,93.88038532453584,0.01476181342438714,-31.552883907001373,93.7183419512298
-32.441621841711516,93.25747760008512,0.013876069571796074,-32.349971837318094,93.13298301949398
-33.17440878570242,90.55009718761495,0.018681226397731506,-33.1008581861852,90.44663475220389
-30.07039039174041,90.37727293949028,0.005804207517444441,-29.986569446394622,90.27762457669327
-33.10801028015679,92.04304261727107,0.009164720654306506,-33.105093140910625,91.92318120442678
-31.94958300536758,93.162524321195,0.012347647539028062,-31.977699302197408,93.06751979975665
-30.911323471155903,92.80283119241096,0.011434717869471608,-30.92384155866917,92.72642983229863
-30.530677666728206,94.03586180084523,0.008191640477517035,-30.4081124065734,93.97353804075706
-31.934143358400515,93.79395689417203,0.011094594171904205,-31.88122806899634,93.63431317539407
-32.48127793861958,90.67142443008748,0.01630102525458508,-32.388141062543625,90.52231389021811
-31.578446327272534,91.02393341914066,0.02,-31.44449679825033,90.7787435131282
-34.89796835706321,94.5419991661662,0.014778794741926036,-34.83969592716715,94.55319496786608
-31.082332987794224,94.95137218091445,0.013179007142679701,-30.933430678489238,94.74238595868295
-32.304104688456974,92.4803085229745,0.007215243596994592,-32.30237264891293,92.35855877234994
-31.475493909246637,94.30203509030228,0.010589308142878319,-31.415182712334683,94.25381811734489
-32.54669022114791,90.41311885391727,0.010491898026161949,-32.50803734310068,90.39256204313439
-30.34709958228583,91.64260100339864,0.007901464397732995,-30.260720486435954,91.5335362456529
-33.773436441956626,90.40253511322105,0.010421205204189916,-33.78074049971829,90.28109028505033
-32.644437708634484,90.98755811045113,0.018221754085263418,-32.53756059864619,90.85949183087992
-30.811144242978393,92.98962636974238,0.012265414481752097,-30.690275641141838,92.85778493501196
-33.49455255022471,94.99023073290347,0.010862411413860403,-33.40405890631718,94.94160354599227
-30.850148733601618,92.31753298564166,0.007572110578919252,-30.739446008167697,92.19748617051383
-34.864226431099965,90.61609108199218,0.008633695504060769,-34.88563783892111,90.54160811692563
-34.77195555372002,92.42996888752714,0.016181091262428494,-34.744746442862386,92.33617784760149
-32.17051750479982,91.5905968805039,0.008329435888418602,-32.12807359533938,91.6461269567949
-33.28669178292829,92.88277298455412,0.01055636073963817,-33.30494209686815,92.91453751589896
-31.94606960059781,93.31548349855795,0.01689953662436772,-31.835898524025918,93.13871024982295
-30.932844790695295,91.60639023598972,0.008661269206436272,-30.901077419431722,91.53546820693455
-31.33164093123191,93.27101489362835,0.01370639085686141,-31.2229780159,93.12378951048534
-33.38991802648977,92.48498458378786,0.012654299279121832,-33.349618204175755,92.49398913537618
-34.787041440341206,93.04452000107881,0.019671983855430557,-34.76555292532503,92.99114111891754
-32.18148848407096,92.35443971301711,0.00993860800798068,-32.10024889367419,92.34348602693383
-34.799354056560574,91.79053698527252,0.01276241408709344,-34.70930426336872,91.78408295733095
-33.86080908297574,90.04291027814995,0.011028539153379308,-33.898625744575064,90.05215519156079
-32.50266493543525,91.71793865080582,0.011144131615750529,-32.43222731041642,91.61091830086988
-31.1119624606184,91.86871364428312,0.018559031664213747,-30.982506029220747,91.6637372086849
-34.09761127998158,92.51255492923414,0.015343674181897849,-34.00459444574506,92.54905294459093
-34.22891756721455,93.63324292906243,0.01452636968443851,-34.094252147471174,93.66601989444837
-31.933330737093964,94.06125783270522,0.012051054681649728,-31.931165532618987,93.94644094491395
-32.02572001872177,90.90322356164428,0.005601338528985986,-32.01145547506417,90.78364268763238
-31.873538457517952,94.13447815491556,0.010605514575180199,-31.77291196707421,94.13817553115102
-33.06266021342898,90.44303551506577,0.014385369228842438,-33.032876012721346,90.32737258624488
-32.84077350980433,91.5050240550883,0.016746852952895977,-32.732537550013625,91.35864985550033
-30.825346182837684,91.22562844107074,0.01824202802042124,-30.783384860124716,90.91407114335406
-30.980956281950906,93.14753694333874,0.012565781265758977,-30.903460070717795,92.96470852424221
-34.1374593302779,94.04404052596482,0.014857336202524139,-34.087189158464504,94.06241455775256
-31.55198689167938,91.37426501096141,0.013583578902607623,-31.537211378132767,91.18755755640696
-32.82141579858355,94.72521648912058,0.010705782927198326,-32.79313602296802,94.61579336172666
-34.08329622860265,92.17562557705429,0.009807758499178284,-34.102845453269936,92.1912571985811
-30.08478860268087,92.19360449802178,0.010778212728215325,-30.031587586918274,91.97839545833611
-31.056431486447977,93.76483246893831,0.015114823827387054,-30.992437097191544,93.52281550815559
-30.73573469934657,91.51797420604109,0.011099983432195381,-30.676865229745108,91.36470466366622
-33.88087573633836,91.68752936516347,0.016069339359374366,-33.90222776753381,91.64951731792043
-31.48817754703826,94.27314090159884,0.008174528935479309,-31.427264353846233,94.25973856556003
-33.85139010095714,91.53484398054857,0.009336273846470365,-33.800838960766264,91.50645714353541
-33.454786516046276,92.02613172133489,0.015035203796267134,-33.437133985189305,91.94931027932141
-33.42075948348988,91.76662058598224,0.013796491357068476,-33.425226168680055,91.76304435718119
-32.507642311997536,93.78183435587901,0.009460318337083308,-32.477280168529234,93.83161934331258
-34.40328616196456,91.46732502950553,0.010163448024904227,-34.32724823838261,91.42441573791758
-31.42015634177863,93.24426867580067,0.008438839254343146,-31.341181392702705,93.24125667176543
-34.078571877510775,92.5381271112033,0.009973632929999525,-33.99064631240564,92.43400945972114
-32.795108132881765,93.45808544041438,0.010157130475598857,-32.74431235296505,93.3477158695241
-32.68010478990469,94.48472247185526,0.011440986533037302,-32.56018175858678,94.4322678499573
-34.74581255730156,91.14785638970304,0.00862400813545272,-34.77049585589691,91.05107157189912
-33.02632378936728,92.07289356550932,0.016494728467346995,-33.001279154727825,91.96332010346897
-33.41809196743395,93.01516629880302,0.014038524452216847,-33.35362557318563,92.9406955213408
-33.07175630511865,91.78036932678502,0.013145722200009877,-33.135683598658005,91.71832665088195
-33.769732463403656,94.11721457726783,0.005,-33.786221330878234,94.09735330645262
-30.469739420214164,92.0816386192924,0.01194567797774934,-30.39732804645981,91.86924418715527
-30.030800081275448,92.86851352297444,0.01186052666052224,-29.9396005853311,92.67456977469544
-31.650143253641854,90.52562948897902,0.014546526439011298,-31.58832204432606,90.34636937318831
-34.84314151054316,90.68183580451672,0.010731964127436351,-34.84392299236251,90.73421385196434
-30.498352297584567,90.83214365487814,0.012658442912269698,-30.442837861603362,90.6286593643958
-32.05611930200845,91.37211347162575,0.00874255717956922,-32.015494863112814,91.31649155196445
-33.106499909475765,91.44398119758262,0.015074074777783029,-33.01480643531959,91.35512873392706
-30.02324443334531,92.89950418564666,0.0061228225858310234,-29.947692740195215,92.76361808211148
-31.5024812402906,90.97324769513818,0.011175045853554444,-31.536648166222438,90.81088145399899
-31.662403018479026,92.97110336859137,0.01366148609502555,-31.62199550407281,92.81965075626509
-32.13480119924263,92.6257490778843,0.012266497171357565,-32.17472912536316,92.54887726916857
-34.41204023985175,92.09778740491465,0.012266668525055034,-34.31211600714128,92.0654422567197
-34.268705452654295,94.0683346845457,0.015143677574974004,-34.11682469541218,94.09627937174648
-30.893702437580725,91.00392066306713,0.008137930047125349,-30.919337515401374,90.85274330507217
-32.63920858188436,90.20894232787766,0.009315028351224037,-32.64585388362308,90.12055516310849
-31.403430359503695,92.15634997941535,0.009909964983569625,-31.255506727954206,92.02498857574544
-31.512092772595942,94.3249105406796,0.008643332726190325,-31.42058972038981,94.24919678086832
-30.843443202067018,94.59077148945651,0.009007550780406996,-30.743669402064974,94.50393422510523
-34.85858893429431,92.71877079788801,0.005492780077021526,-34.78261688868068,92.77716970830004
-31.318423428431636,90.78949788610653,0.014812669467785294,-31.287567391886643,90.63130768769496
-31.817325996923486,93.55809693561353,0.014939591814689606,-31.72114871545809,93.45165497109747
-30.87846411241449,93.41174499154354,0.014830713818285641,-30.769943818398982,93.28586588022914
-30.709051530560345,92.75200550173642,0.016204419432911222,-30.598274780747747,92.56038353436301
-31.3406256447804,94.3194734891458,0.010891629846556866,-31.288541110351545,94.11427471840527
-31.1991364620189,90.71024502430708,0.01276691192607269,-31.134274453058207,90.49587967800322
-34.68397362171303,92.06388687260359,0.010119713168046888,-34.64959672054352,92.0930239798252
-31.12767907507927,94.86495161720347,0.013262373771479121,-31.025901547748617,94.72369947114909
-30.86095716930798,90.51701924249453,0.012234407692196598,-30.76114512707093,90.31814885064807
-33.05176192881779,93.97521822898244,0.012200017064308923,-32.95835316483772,93.91015029406937
-32.46953569169112,90.32953366040392,0.006018404509376339,-32.4130410505651,90.27284253080344
-30.188908175723228,91.26734400269585,0.010229301873468223,-30.164494995969484,91.1261803482466
-33.88252306101562,93.88371700303298,0.007173339212695107,-33.89843681304557,93.8977455519475
-30.89803695537867,93.75241916644505,0.010097111248428993,-30.759177673059625,93.62626604953462
-34.33804845717406,90.10207870604461,0.013596503668873546,-34.33845786167413,90.07362952532287
-31.256673649303078,94.9152023064853,0.010794913971166421,-31.21455213333372,94.78235370376596
-31.1468513948841,93.60522067407256,0.009011746084916021,-31.091029439760284,93.48064796592567
-34.55387428452583,94.2051179898361,0.014295434535978795,-34.456567240171296,94.1664904344945
-34.85840190545616,90.37188914024742,0.011073407136358937,-34.79900296954607,90.40288397763925
-32.261093461095655,91.6153603848557,0.011485817292815347,-32.19091300878015,91.5711490822207
-34.86429958710405,92.64727329660555,0.010238518782866206,-34.787944245375606,92.65490312668601
-33.026251754694,91.36518282867769,0.012146981037901879,-32.94825433761679,91.33389506249347
-30.730272387104087,94.9230476008895,0.0067484453117533745,-30.634681465420496,94.86997496294472
-32.71559424187162,92.19579624545277,0.011701333682226247,-32.6812629417441,92.10102853750216
-33.0977996254438,90.14092921361747,0.010308814657181618,-33.07374849802278,90.12856422613014
-33.964553506381165,90.62331241783266,0.01156479680054447,-33.8863840131771,90.54710693730728
-33.954416942365334,91.53386999695876,0.013433022465013468,-33.90276015456057,91.59477670522709
-33.8458775951469,90.9959572820869,0.014207234890762543,-33.8116307830519,90.86951495089606
-31.041351620851966,94.42109094855469,0.013126745940199056,-31.03432893816754,94.24325545596429
-31.857310215675486,93.43304526560102,0.015104151902954836,-31.764958755428978,93.28974466215416
-31.965253004694368,92.10560854410001,0.009684700786797786,-31.977303941267085,91.99453227974699
-32.74970895989927,90.85587237769694,0.009393558436378083,-32.69009945348581,90.80994249002457
-32.0036787082964,94.46639042927421,0.009456514206325841,-31.938185269942416,94.45409924421676
-30.64519642036876,91.7655010422523,0.007864808960570976,-30.602388612972174,91.58557756629402
-30.977757634510866,91.10671120542959,0.009528995390421664,-30.983838426396744,90.99867166844173
-30.69327847853037,90.32453391480699,0.0106318243697356,-30.595109196713544,90.26538378431516
-30.314788890536057,92.81261427103865,0.014906922630992893,-30.2734065353373,92.54629003260824
-34.583329174473214,93.97434962761663,0.013996153909902585,-34.481884306683554,94.00403504735857
-32.32057566024747,91.21822598367437,0.015154144957606842,-32.248225428799074,91.12171950643611
-30.24875125483293,90.36849247051423,0.0090455700164526,-30.20379951648523,90.26501670189072
-31.44316071845801,92.99180908101003,0.009507213627540948,-31.40552809087768,92.87011090600123
-30.159805553680755,93.54830615904558,0.007088459318334824,-30.143470117496165,93.46872287738358
-31.105071435333418,91.37338042927378,0.017001431915311185,-31.034709338927446,91.13296651425236
-31.525817140545318,92.16008786142524,0.009368783788326082,-31.46796478232255,92.12112194635827
-30.100133903611678,93.22145550703112,0.012119975529889025,-30.092575875424597,93.09643399993648
-30.538515091311385,92.63730822685231,0.015276016587584694,-30.401667992549037,92.44566885477627
-34.763709900061,90.67397730167504,0.014426445783702876,-34.715358343287384,90.63533119869416
-33.078266363225076,92.33308364977893,0.008738713292039103,-33.074056409221214,92.31425779152687
-34.56799343931848,93.56830899676879,0.01229010194569899,-34.58305494776498,93.60021331606134
-34.61997933697077,90.44521601825926,0.013819106215801994,-34.580918818481,90.38201467433747
-31.54206936153973,93.02868858951409,0.012411714062199068,-31.4874947957884,92.87570039959863
-30.221053776629212,90.92050519697361,0.0076783586221355615,-30.194508123508545,90.86509652102848
-32.94685774697343,90.0422638618064,0.011113987227876442,-32.92814646234463,89.85021565294821
-32.10448063899578,93.31844391569344,0.016228331970878394,-32.08928025391619,93.13986941206029
-30.174742528656687,92.48240740858702,0.013212920169824182,-30.118237803832617,92.2109858319116
-32.15927940314276,91.89384224153463,0.01309764717014668,-32.13776584596533,91.80813116285768
-31.37435591815475,93.57649429060596,0.008019477904178566,-31.24576163089589,93.51874403027
-31.69125319106362,90.70972039733964,0.013405906340108598,-31.6610870188911,90.57045271796278
-31.974361259933254,94.1252637909482,0.010915840502230406,-31.947946576580463,94.0999236397068
-31.46244316483083,92.09026635494085,0.012697475327678159,-31.476640299369205,92.00438595998129
-33.4371744629458,90.4088745076996,0.010553636963905476,-33.44108807088348,90.33958503118737
-34.014275717727344,90.23607476925402,0.010978510183404558,-33.94127658392219,90.2481087157201
-31.00043216791973,90.94150390626862,0.013995163991491411,-30.933966342784878,90.7081490746774
-33.989565015032234,94.13758952109953,0.01727052510939885,-33.86315273541103,94.15992249460133
-33.63993767935567,93.77132986622267,0.009334616836046094,-33.58023937191584,93.68351745259406
-31.953902883359795,92.9747062020638,0.008118662667771706,-32.040719000711974,92.93754629579234
-33.89993623536153,94.94877927424096,0.011920509401051358,-33.84068038256503,95.00312309821436
-31.920833838288633,90.44398868882296,0.00998147969417744,-31.908729278145863,90.42319709280298
-32.143304116802234,93.19328553861263,0.011346197526429576,-32.100935084671484,93.07625024307806
-33.308687115893335,94.56251489292418,0.014974018985877456,-33.203558074269644,94.49195415530862
-31.50628106021148,93.74540234628813,0.01379296440647466,-31.379248434793205,93.60566103147985
-33.54023688054016,92.80163401304583,0.00777141013208083,-33.44812618598191,92.75147852281681
-31.240865075403647,91.39875383804075,0.009539089778828481,-31.234918397617296,91.33689522524726
-33.970882372253264,94.18129975811277,0.010852485534316347,-33.93770015885772,94.02286517622147
-32.261566241466134,91.77577138258442,0.014112690988601418,-32.15104509203465,91.71573699654616
-30.319929656611766,91.17408264381606,0.011162764262282467,-30.345123460043435,91.04566311560784
-34.58961364084827,91.52429794366176,0.011761195708461004,-34.57034834629996,91.54446739539692
-33.77744620721142,93.08332098335379,0.014692861790753822,-33.698663205847154,93.04842532698402
-31.397491481828194,90.94630489948534,0.014347371768847256,-31.29315922676434,90.80600547355488
-31.837870892068135,90.59950626274767,0.015563361576143714,-31.77094002449912,90.41161084181454
-34.07812902744457,91.38231140503923,0.012983369405817428,-34.03306244002594,91.34247304281192
-31.006791611067616,90.30261843645812,0.011045490678594555,-30.97710338151188,90.13153742467867
-33.19432595892039,92.49052493240808,0.006609787492683128,-33.176803690278376,92.39488678450702
-33.53321503943388,92.08522661023784,0.013278661344899755,-33.486590072759675,92.01667915346658
-34.74536068198409,92.14348782071293,0.0128004230154945,-34.715575651654206,92.15663292120907
-31.701929544024892,91.05497392882253,0.013939929078210555,-31.69523613311679,90.94623282671579
-31.165610573754627,94.96265764054746,0.017157083181017486,-30.953078944213967,94.75140659449657
-34.76608280668124,90.57266529554674,0.014470348418406215,-34.78036698032656,90.57195944066693
-33.626663788298295,93.87926886475334,0.014801516369178348,-33.56167277770295,93.78994016945265
-34.62498587980062,93.21206401627758,0.00902023998321937,-34.618478793230665,93.20288667938391
-30.135933286632607,94.27288898265607,0.010858587753414334,-30.023146309494695,94.12039877870511
-30.350782686915686,92.96029586570023,0.011537022895798945,-30.308558506511353,92.77008260113539
-31.134047401176865,90.5333375619908,0.012832024318369233,-31.110033139676965,90.34401704259416
-33.86756332070398,91.13218649710933,0.016212433734882334,-33.78643448554379,91.05962762148134
-32.654937747407146,93.96220805496687,0.019769300126869595,-32.60342377111213,93.83894694638965
-33.56557426722238,91.9735991594327,0.02,-33.56569685616463,91.89389862663862
-30.01979189440455,94.15163025331262,0.009651082068056066,-29.93490481411884,93.94576143725946
-30.21720322790255,93.9947502827988,0.009994414592674273,-30.14083451102931,93.85996636168721
-30.329606417431698,92.82124850552836,0.012736264719727077,-30.298654365629577,92.52614368182161
-31.785545851118563,93.67601010627143,0.01458161465483537,-31.742422122007273,93.54007843759831
-31.796637427080988,94.76348171713174,0.01511120588529997,-31.687134103851246,94.59153738403491
-33.99645924543276,91.97174894119243,0.009560437397446641,-33.97487949740807,91.96107229421517
-34.17522655201432,93.52831626692519,0.011306554642977574,-34.17027545088319,93.62314532141644
-33.32288933027463,90.51793912251193,0.01617018417934027,-33.19568731806958,90.42410046556299
-30.749348221667226,93.50850671955868,0.008010280605870453,-30.736745584072683,93.36340122810324
-31.019206976522966,94.53628787489224,0.012535368667462705,-30.997728557566834,94.34150505597364
-31.661735737203397,90.39987827460313,0.010114716293648936,-31.589300101014935,90.29135978462612
-34.06735362531572,93.90980793031893,0.005,-34.01875879283479,93.95087791866344
-34.200984109835204,92.59129242099921,0.012903215752790794,-34.128885704514786,92.59200339061556
-31.362775519544037,92.78423550906402,0.007865944815773537,-31.224614473591146,92.76011971196054
-32.36036027377779,92.12754990053509,0.015153309558119072,-32.25659689746037,92.04681854055951
-31.608870767973308,92.87722564976193,0.010061538226166782,-31.56170311044237,92.7344090933218
-32.02062456921107,91.9887107786275,0.010841221139607714,-32.0155050900588,91.94796745795895
-33.39149916136404,91.36961800152558,0.013022581855020247,-33.37042792823847,91.31799741654214
-30.308621412103086,93.54226094983221,0.01627055981590406,-30.25233436605107,93.31604822280434
-31.08039141711897,91.70196710182158,0.010154746479040692,-31.047158162953373,91.64393569182396
-30.936762802389417,92.80793154871357,0.01220341540987587,-30.85892637428428,92.65016200036915
-31.696217269838492,93.17115095239893,0.018306179281411438,-31.583422057124523,92.98938999002488
-31.615564421987056,94.97968155119216,0.013704438932460082,-31.459383018315204,94.78334255488676
-32.51848785892656,92.09691123828658,0.015811989382849532,-32.42472905440918,92.01613292864128
-31.360659903191358,91.70590545629514,0.012289039015722958,-31.210960867303537,91.57441986682726
-34.9690112149102,93.17763264088514,0.015355208364170822,-34.901974249515355,93.28963631356342
-31.40635680348925,90.91985445481238,0.012545758111366111,-31.297249652382796,90.84777665054204
-34.25586161369463,94.00287242101427,0.01166404389309637,-34.17620841042656,93.88577369478567
-32.50787284172835,93.5435116511092,0.013802827983094677,-32.45499572000017,93.53025865457505
-32.480931231877754,94.05056138074868,0.005,-32.42363855089358,94.0774538217777
-31.462684602878035,91.32379300327766,0.013851070154434885,-31.46319243005917,91.21878920812378
-34.745618989289774,93.62167565826736,0.017351785589292186,-34.72156621130408,93.60724575914199
-34.33769653604323,93.67943314378391,0.007845900005317853,-34.31488545032272,93.65297009871666
-32.7845143542562,94.05600663423382,0.01246543346583139,-32.720428209264114,94.01704157622352
-31.822420034023903,92.83087056075452,0.014001500427722677,-31.710753344494236,92.66647266301949
-31.414432727781755,91.32005588934288,0.006946075821782953,-31.41277572527813,91.24941309594828
-34.03329259177834,90.49338012511836,0.011057454942645005,-33.98231397329319,90.4253730323472
-33.11971904726617,92.29019820657474,0.010988640405926713,-33.06123047845289,92.24369679415437
-30.766046451547684,94.46988613451077,0.011084786048276327,-30.65869878507552,94.42056197757536
-34.94930337245469,94.78784539268578,0.009280914280615813,-34.89140644256688,94.88377938045693
-30.256072094419856,93.20766812973925,0.017253957666365317,-30.261194342592567,93.00663587654289
-30.42398999025795,93.13369840097404,0.01564568358446236,-30.313565713891478,92.9333797539426
-34.36001229785859,92.60404151479428,0.010592340807932534,-34.36872634254211,92.46783508892389
-34.83893358896336,91.18549288986237,0.014366423992617556,-34.847584470163426,91.17265139215944
-34.9710529009498,90.31593394937182,0.014904694178075321,-34.87688027609562,90.33178105142815
-30.7261142111973,90.48920180173458,0.00938993282946134,-30.698408266950857,90.35333256230092
-30.862630141386024,93.55882626877337,0.006975992039219572,-30.831908658922945,93.57739942765407
-34.61282604091932,92.34216825832418,0.014492377490649246,-34.59802264431733,92.36569116515011
-30.52258396173791,93.56644566868788,0.01180169960499467,-30.438879939573358,93.4037145862963
-30.838216488622148,94.89781867570302,0.018019729368735478,-30.844641656115687,94.62215198787095
-33.351351793523335,91.9923139289628,0.011046583389747271,-33.269314635664976,91.83914737921526
-32.04298990743687,90.20693135216209,0.013100341988348531,-31.972660663084024,90.11984837266958
-31.85179997456346,90.14825089609083,0.011481547536189525,-31.787197384215762,90.02666646537907
-33.94454983806,94.02310486659614,0.013984595431985708,-33.82028904329759,93.8649961690919
-32.52855604793601,91.22036033502144,0.008999593053047957,-32.54525658380455,91.18997855297363
-31.897156080090802,92.00970659630242,0.008153636420549273,-31.88274049444051,91.90455097462468
-34.48303653238713,92.3243803483238,0.006870890227231763,-34.483058516188656,92.3583443026673
-30.56919107806999,91.88108851990079,0.013511259742384998,-30.531004544648198,91.68423350241768
-32.46725224365815,91.75198422603208,0.013719788323754627,-32.4370301813851,91.6816892373943
-32.18706584354799,91.18252629752875,0.01253630069319188,-32.136260069931005,91.01229624091252
-30.021798764723542,92.87874053615042,0.008055994365001876,-29.999258827820714,92.82160554196957
-34.40521768009957,93.61633259306623,0.012324180976469935,-34.437294882571685,93.47750616755334
-32.989446178101254,94.01809367886732,0.010664624107933285,-32.94495820467008,93.93161422030039
-30.95978129280869,94.01947006167117,0.015592698373026511,-30.892808952327627,93.90117946051483
-30.66061523115134,90.62588769509696,0.015961898928550388,-30.476681774826496,90.38269251333399
-34.29992397508794,90.56553376557649,0.017645712556040184,-34.242115300561906,90.43402661133403
-31.205861070430654,90.09774222006048,0.01550590553115437,-31.13173568338178,89.88282298308137
-33.09795226935578,90.26352315767579,0.015628482278966797,-33.05589370375083,90.1893883877421
-31.81530534008258,91.82476750222744,0.009561921613648786,-31.692310399647493,91.84267133502436
-34.61820552354067,91.00594085806442,0.011979194672104582,-34.558472738263795,90.95070513551035
-33.3924724802744,93.74108263276031,0.013331217765068957,-33.299531960949444,93.61965985548224
-30.428630482102072,91.88260051292413,0.011998451332533008,-30.37295598727601,91.8270036152862
-34.86220860910876,90.9665491866202,0.005,-34.86929955182626,91.05334165398337
-32.41716053911597,93.0107830131394,0.012854193343075691,-32.44882424044243,92.95387527768446
-30.68049717002874,90.28230522884239,0.009156630789960336,-30.67860996544781,90.06702532755493
-31.843228648327333,92.16376387679925,0.01309223569668124,-31.886572831976192,91.94268753272617
-32.74171973365323,90.57146091556743,0.014753619940398924,-32.718851369621866,90.45658346450013
-34.85330995738546,91.1315474360005,0.00787605012468405,-34.88998184432215,91.11229446923917
-31.233466656002008,90.60496288717029,0.01416404568207392,-31.124696926511298,90.45325679187502
-31.76607901064755,94.23933753054807,0.017731005355339,-31.69301784347042,94.00313271056469
-31.5672509314048,94.39571436884255,0.00946856408301317,-31.574238480768756,94.33156781063524
-31.18091989135648,91.86553096457794,0.010057269677284571,-31.098972920136273,91.6961484389828
-34.018414687028525,93.39801075340068,0.02,-33.924395577799245,93.38028389243742
-34.719598855669645,94.83070390114536,0.011059417814544899,-34.61215518942578,94.82182918391791
-31.088392613826603,94.5700368770486,0.011582468772227,-31.054732593907694,94.42174230575569
-33.58406216655915,91.10206999243945,0.01625342962713012,-33.57591311451111,90.96822596593967
-31.71760859195804,93.35216936573406,0.009291038008575761,-31.612185816905004,93.20532843357631
-34.29628799275973,91.21339026088228,0.012133012100286713,-34.24253632550507,91.23887789187064
-30.36250282050458,94.65225160576303,0.0073964392278930095,-30.35198517044171,94.6477283167667
-34.156275484607086,91.36854554431474,0.01617110284909411,-34.158862104585076,91.26532259417581
-34.852772312594155,93.79022030879096,0.014532434362304931,-34.85708774280996,93.82503373515489
-30.589055765712164,92.15101979378211,0.013469994142899547,-30.559521037148667,91.92663746512918
-31.10001592816618,92.04200305399678,0.011694439303341122,-31.058926076623017,91.91168664032283
-34.504759981132246,94.68030808037082,0.013465212145017226,-34.37464840223251,94.65651214995724
-33.50024685796731,90.57853362625498,0.009775918013048009,-33.5196432123227,90.53960145420663
-31.62061630588639,92.65536482650299,0.012487568573589,-31.526493645041086,92.59693619354657
-33.68609135923988,94.32531724959462,0.01634370195444209,-33.566442258184956,94.21893313644904
-34.24210746243023,92.8719449452646,0.009450708767899222,-34.15298823342903,92.7939252967058
-34.68108995039603,94.62093285320015,0.0123136374697428,-34.62967255046673,94.72525862873368
-34.26115210387056,93.14907993762841,0.02,-34.1520698371087,93.05271269858906
-34.11291365861452,94.7851554560851,0.010125603586345483,-34.041223245671546,94.79247247335908
-30.308142099428913,93.49107444085665,0.013469121016487593,-30.181884213755364,93.33699023535682
-30.096845341882627,92.8109378987173,0.016520783538269655,-29.961643128713813,92.62691677921636
-34.187373758543174,91.13585498022869,0.008574959725477333,-34.18390790629237,91.10604369595274
-32.94843110237475,94.46278078668533,0.014965120970293073,-32.828184584644205,94.38539844426516
-34.432050893004146,90.20147165770939,0.010558397422112264,-34.440489866308305,90.18424724928707
-30.32790377795018,93.08916854450705,0.008742940944088565,-30.308450558885575,92.87842756549298
-32.9969801279514,92.54305247295329,0.014177269960022365,-32.86916251308741,92.56554067210489
-33.32612905841055,93.04543394008705,0.013993156761489305,-33.24016367171667,92.97684615061144
-31.77624665413486,94.59603772240129,0.01058684286528273,-31.7443667352849,94.54684471423266
-30.68537724890705,94.35506380939637,0.013068819718851878,-30.587138388667814,94.22274968158055
-34.61024567527476,91.95950690970395,0.008320611268481246,-34.60343265723187,91.94612746178537
-30.448376708756562,93.4778731653983,0.01798158588652439,-30.338765981026377,93.21190159206736
-31.57939119006073,90.74804990625455,0.007133197955360427,-31.562026362924694,90.65994105996228
-30.457489914410033,91.83851544421427,0.006316501079452213,-30.498010641870863,91.708359911782
-33.0321792484003,90.52236008091764,0.014545346741170929,-33.039738741099654,90.4292685127278
-33.928759411716364,92.89230413223147,0.014403851398052135,-33.96800647077033,92.86320088784959
-30.37482348280219,94.98290815876297,0.01426990019683035,-30.348238080498067,94.82701339726779
-31.06181233682815,94.92381367397985,0.010392036639978989,-30.964527682847923,94.90037559765672
-30.406725396230136,90.73655608065869,0.008303383602517152,-30.421369602486838,90.60309180613912
-30.625738423059204,92.08436856257782,0.011569193155789841,-30.60666498414648,91.89824629819427
-30.364040176451084,92.68776398985385,0.010724842755834343,-30.313302748230278,92.5681339040826
-34.34627740760712,90.93155667739848,0.014324156328096103,-34.314085626858315,90.87155610688173
-32.66931522867039,94.65893920735408,0.014266359321278906,-32.666562713801575,94.49509402322457
-34.36361676950583,93.23587152979879,0.013207369153280238,-34.28967494021044,93.24637471203533
-32.58119911063868,92.21397412179388,0.009207863936409492,-32.48692357593783,92.19966010949729
-32.26569487288977,90.41550528054272,0.014973389825753384,-32.26469872369843,90.28382276312611
-31.10754956613318,90.14422208734732,0.014355150734453745,-31.09466900981917,90.1046155031023
-34.2891014880811,91.76490683183457,0.011204228471051677,-34.21142567609168,91.73440385511317
-33.449639601609,91.18950315188701,0.009683106666735457,-33.39487704409135,91.1975768807028
-30.40913159339653,92.63170935572866,0.01510717233593238,-30.350605598740557,92.37429434700691
-34.94862666530669,93.88429235361446,0.0064661544361636165,-34.89189556797533,93.86278342922542
-33.078634985227836,90.61447118610103,0.00963601127701932,-33.043531584662475,90.55626493025258
-33.135506335282855,91.35246671596242,0.008812796900757923,-33.1308219031399,91.26278840218971
-30.347996626888687,94.57525815440417,0.011125077867237772,-30.241580071535257,94.42939344297847
-33.07823576267451,90.58197920507828,0.01317521358360704,-33.048671372710295,90.54696989932177
-32.915883759173866,93.0757254051619,0.01487893041278147,-32.82617724390602,92.956260695132
-33.85764478177456,92.5122147624498,0.014674740328760543,-33.7774936046206,92.44269315509908
-34.130734804878315,92.68785970816168,0.007608881833091748,-34.11174300258414,92.6720691025699
-31.568136620132215,90.39537853786257,0.01218792820129828,-31.471117644158774,90.20889610333394
-32.932448364162056,90.22515464072357,0.008504746072263775,-32.84644201455612,90.13938692098618
-30.44317076546619,94.83820317240605,0.006373887553251325,-30.33688588477585,94.73373906810794
-30.815302681882613,94.38205944930635,0.015535972019195274,-30.720135569449152,94.22652788110035
-30.7064340112062,92.45614140600239,0.01277098264379347,-30.6638230896387,92.2327260177288
-34.149170982831386,93.06035956896646,0.016589766110380287,-34.13993341664653,93.0158890743499
-33.731996779701575,92.74308951977035,0.015384137241220392,-33.63397811440143,92.73305826751682
-32.29627710002837,94.49341468142373,0.005,-32.161389992391456,94.49592797799517
-33.064761538552276,93.72898707069707,0.012693411885177829,-32.94128701384693,93.76352475507133
-32.98588234457301,91.2424171258073,0.012764638572060798,-32.94354105247659,91.2110721590182
-31.22974804657988,93.0159672894918,0.010605730747056882,-31.18904931453769,92.93677204562361
-34.83538803459481,90.28455518540392,0.012757315017061734,-34.76420300689886,90.33764969293829
-34.78339817418648,91.36782118032487,0.011866174856322794,-34.68374234785272,91.3492278012367
-31.883892776731535,92.64798065583724,0.01384580649204574,-31.88961460711949,92.4470276258548
-33.57092195591764,91.9302639327888,0.013259562546245805,-33.471371176573356,91.97386706895907
-30.047607663317734,93.86870548097775,0.013061676354847859,-29.919205045538135,93.67291373136527
-33.582725713041995,90.20277201412014,0.015886056606962642,-33.55396965345151,90.18486037508274
-30.322907259451345,93.10941061167048,0.015129884190991665,-30.254812207281454,92.88967555509167
-30.493307158699025,94.0853087336495,0.018643659531466603,-30.306715892340698,93.91293599747887
-31.676696371750502,94.79525335589757,0.010384741850470423,-31.555668533863134,94.7324872915824
-30.668489439700977,92.40099071046427,0.008811237145024183,-30.590110958091035,92.22534784605546
-33.19133726074091,90.86930132568658,0.014942472478128736,-33.2296949082029,90.88934960069686
-34.230245424841215,94.62936334740186,0.01252724178164174,-34.16628139254995,94.59432467713727
-33.49983886706517,91.61419759983573,0.01087639130131949,-33.45467159655898,91.45968307393521
-33.00365705209768,94.91684492612202,0.015000436058173283,-32.85640417175177,94.75950536965989
-34.9863860608238,93.0913106099567,0.008139325672573132,-35.006491088841315,93.11130799554044
-32.00313550320543,93.2549062380797,0.007989096335829834,-31.92736023438228,93.18280744862503
-34.848406215205706,94.20795787049046,0.01377486250462601,-34.7367352308283,94.17475287546152
-32.22139188018222,91.08559469694627,0.008499953084135092,-32.23544012559654,91.0307522796026
-32.81065205259731,90.4187386823832,0.013215021748733152,-32.87035609936717,90.29519000347304
-30.117821703439645,94.94164491154157,0.010700143524742873,-29.963732315277813,94.7966580393967
-34.64551128490588,92.81380145105175,0.011901969919361646,-34.60503225517219,92.75113585280677
-32.27051134442148,93.89189829928839,0.009810949195646491,-32.27438100065288,93.88249442614396
-34.64766116814981,92.78098456064492,0.014835688062162096,-34.5680131622567,92.76316081995209
-30.80205135322031,91.26686516441416,0.00698203402184651,-30.811073132841933,91.24850492175237
-31.879075210778854,94.01243365126788,0.00794055186053883,-31.869614108796334,93.9938189573116
-32.20050884080698,93.34756107045989,0.02,-32.11071477938731,93.21251105435634
-32.766829289277865,90.60037167638623,0.013803278881275792,-32.70734434119182,90.50145954073305
-34.40746218619806,92.51931420998847,0.019412090225110472,-34.443635538949664,92.43806434586482
-33.03128991778491,90.50330665699678,0.011666387314120924,-32.995345383760856,90.43686479862018
-30.91824874711509,93.92962007125188,0.007394171356285451,-30.860469372581992,93.84663347635689
-33.23202700928748,94.69271129211342,0.009903641198359762,-33.21664632751824,94.73134793460706
-30.600065489236236,90.94483326472219,0.010768833186103246,-30.52442396683816,90.87455032587435
-32.885294645441014,92.77610929215761,0.017789273758959567,-32.76385397429727,92.67442998013765
-30.110614963430155,92.965288345969,0.013771496148823911,-30.056856716889943,92.77196140974631
-31.770563058909854,90.1498176636515,0.010726598051050624,-31.844201754936805,90.03999462648552
-34.17723029911353,90.41216285199904,0.011600103437662965,-34.06366392721177,90.48000738599451
-34.412451641760676,92.39353556547927,0.011459838359231344,-34.431936964410355,92.4278612855242
-33.74257426071093,92.43200983431136,0.012073471264840863,-33.69300423820363,92.38203831146987
-34.67962572595195,93.67367284886805,0.011281211441079386,-34.698403948160276,93.69440328755378
-34.68359055625803,91.10904152485713,0.011629941759453796,-34.6196946755242,91.1014950592685
-33.48283246676236,91.85763456270611,0.012298737549518633,-33.40327835478999,91.72379276445616
-30.056293590889396,94.3676484496262,0.011124136699204151,-29.93153083534806,94.22083955147119
-33.99632853829854,90.01878548332745,0.011262603088307928,-33.99240272406449,89.95281990541336
-32.141864434112556,91.29645202975784,0.012301296694282217,-32.080916135924554,91.18817663739901
-32.91262788620299,90.86652351893278,0.01002815705519415,-32.85852086416293,90.81834798129472
-33.083818173331025,92.32483931031899,0.012339973490950312,-33.04010675940997,92.30798490773414
-31.92264581483397,94.80381988712612,0.01392607782419252,-31.801618952137503,94.63651861660465
-31.159260745721298,91.77965245616838,0.011133448431914815,-31.083750488872344,91.76855925902177
-34.647653224114016,92.54370664954783,0.01222421090088616,-34.61594297706863,92.46782089893654
-33.68536730114875,94.92943662979388,0.012500413491356112,-33.657121891902406,94.86800763921099
-32.870513573547704,93.1810182658139,0.01085066598545251,-32.82989829978038,93.0950894326435
-32.9456567322852,90.57705982433666,0.01233737869249924,-32.92961935463708,90.52512346916181
-31.27620959072369,90.00826148860696,0.014564846494927872,-31.187141464017394,89.9250874965333
-33.10090420156962,90.2877310429682,0.011582551974337208,-33.06148430530762,90.3102893127871
-30.768369834295804,90.38944705418251,0.015985373243565717,-30.71751575140652,90.09189100144152
-32.18181305651684,90.35739331776225,0.009824752431194638,-32.118018778878955,90.24738191360396
-30.493651404801792,90.30292230881028,0.01103730707168877,-30.453382497754486,90.08912517152059
-31.74225630145378,90.5782916084461,0.010452500977360736,-31.661870216057093,90.52072151296159
-32.60585359830592,90.89209634212753,0.008797946753761316,-32.58112391802577,90.77181507650239
-30.29560874005639,91.48732067378697,0.008890265345662791,-30.291495901072203,91.32459711028096
-31.790476966226517,92.42907536988737,0.010915558720453754,-31.737384305810224,92.2087903709195
-30.735794893207604,90.65115895886518,0.01426504152733844,-30.68476353540301,90.4995747349018
-32.79205672545832,93.76842105498028,0.01054702846164215,-32.75466763900953,93.70609583425767
-33.589916008912105,93.97011748467213,0.01511571731711514,-33.489586979654916,93.81415828716564
-31.68561010278853,94.80805405828647,0.011793065841209718,-31.626723168011196,94.7006570772744
-34.974537912109405,91.82670690668648,0.012953262834601156,-34.95512940474318,91.78284476971224
-32.37962471599867,93.8823980960523,0.011534423442969604,-32.34054609301709,93.83486792100464
-34.1469344851588,91.82022810054937,0.016752315460917672,-34.04675737984992,91.72983153122313
-33.96603495000844,94.15278936513825,0.00900213504911291,-33.91916808771685,94.00646385991573
-32.85838616493547,92.69008295091486,0.01121781439817044,-32.695861349629986,92.66280169097124
-34.51391613609463,92.27142084720036,0.011666674656583675,-34.49350620376148,92.21610929758387
-30.791242802867362,91.91789705020052,0.005,-30.76356230442353,91.846846836087
-33.42616614500036,92.32200746727858,0.012094391602309962,-33.352190322455606,92.26583007276909
-33.09657664049683,94.64958117469041,0.010128239751401074,-33.028995131690685,94.61598347907305
-30.340526703559807,94.81084700436764,0.00887995277703774,-30.25427629302515,94.6960949271032
-30.033819774541833,93.44368221525369,0.005276005888032142,-30.01017986910246,93.37371526807418
-32.639556264534086,91.5961746275,0.008781630323883455,-32.59166766087523,91.51423060739401
-33.25721394503609,92.67135502286652,0.012190404707586085,-33.122631291486655,92.54362539749478
-30.792609221318354,90.98468582779957,0.01296493197029533,-30.754600628849744,90.84974031867041
-33.432374272367184,90.75021898519479,0.0069841091015437505,-33.514370729005925,90.76690405600174
-32.15237438265314,91.39943056449081,0.013437502446587788,-32.16818058283255,91.33571387365684
-30.79052259804393,90.82406925409376,0.009511428974590598,-30.703458444206635,90.62830479036124
-30.51579420677889,92.72952954613585,0.012428853337042602,-30.453238988325115,92.55311671850268
-34.40408762733745,91.15693608319869,0.012547174480570132,-34.380739682902515,91.05854990577069
-33.07863822031143,90.12483156835593,0.012103169079193695,-33.054601822323434,89.9412925590255
-30.905845245968173,90.38779571947362,0.016536945352418436,-30.874899050753008,90.20909337124986
-33.47799072950103,90.10309465496692,0.011532625936517408,-33.471854387585495,89.95710816935205
-30.51483868033135,93.68256497940357,0.009028334975995547,-30.52138542203368,93.56677801766979
-30.91058181629796,91.59979900762835,0.012976546607044276,-30.93737008872305,91.3924177063206
-32.705446079033855,92.66409655538763,0.012261558574820862,-32.62181181716646,92.60794943120835
-33.25705179561063,94.16914625709371,0.005715018884674006,-33.18528004183587,94.15970843389165
-33.80603950257814,92.74391210781991,0.011478151577029786,-33.79864637906479,92.75512148060488
-33.09975455106925,93.05019911967412,0.013417588164224205,-33.05423071460372,93.01364844832047
-34.048128576004935,94.32480294428672,0.016333201235666672,-33.89479308147533,94.27041534457139
-34.47271952475443,94.98784289794989,0.012005833589746686,-34.440203406042286,94.94247450189889
-30.97027893952975,94.18469974137734,0.010414453380885178,-30.946415523422726,94.07494627986226
-30.86233400798312,92.33084592152778,0.011443724793567093,-30.865475988253383,92.18232699288934
-30.313574622422067,92.60196511457535,0.013156268539695856,-30.226773410446814,92.32796215354178
-31.58152655874732,93.65908216051398,0.009944425178694191,-31.490305063466,93.55698632609021
-33.481010885388514,93.18684154356151,0.013568938594234357,-33.495022444617035,93.11839519640382
-33.29089628825081,90.83812800600892,0.0146735192798128,-33.30910666664534,90.64670302821338
-34.9423722502504,93.11974524503543,0.016351619420436416,-34.87880137463912,93.13550742399936
-30.80224625077752,90.18131493499949,0.009865672387335496,-30.759552217969862,90.13740773726404
-33.8001530330127,93.61440000899029,0.01329112316550214,-33.709520339438626,93.5202469172254
-31.455774205361546,91.66445778082219,0.007831716560269698,-31.42400364300472,91.57891142322923
-30.15612956984441,93.07689743900369,0.010018066014435507,-30.214582395544202,92.97843333491238
-33.57962756171402,92.2673109792863,0.01135566602696497,-33.54865829140596,92.21207688301969
-33.83986897408921,92.95202226992254,0.008721226866373376,-33.82805194836356,92.82860670963962
-32.26711469841349,92.03205476426714,0.010030837642371677,-32.25792717463003,91.94533104275222
-34.16871288597972,90.3423867011357,0.012044706881958998,-34.11543382751712,90.30158679278956
-32.265911299828886,90.55861530822783,0.013902480563988514,-32.262994479526085,90.39178754175626
-34.10699163585015,91.20890771191435,0.01114668073684299,-34.116051117518424,91.24290276917912
-32.30700681143947,91.47899156626643,0.013120386032228246,-32.28948141125219,91.33514354395328
-33.7787562893821,91.05650309746542,0.01157332909295345,-33.66714735925993,91.089600168306
-33.04443733763143,91.65495160740043,0.010658251502607833,-32.97824408054384,91.61131199093198
-30.263422342779336,94.18991026562395,0.013652341915042254,-30.147291342499308,94.06885545684054
-32.10623296116022,90.00217255554877,0.01420939744432315,-32.03802051347644,89.86823749824973
-32.68858951946793,91.71699311369554,0.012493444444348608,-32.61003955409837,91.55931429981652
-33.568056191353925,94.97121168081543,0.005,-33.53909852389299,95.03491515518098
-33.57812641905557,92.50913401611243,0.006357728953188193,-33.590819919368435,92.55926160707895
-32.61565212032963,93.0975923809771,0.01421979270360647,-32.586961595701794,93.0173833136352
-33.496716251888316,92.69022746521195,0.013031038696583832,-33.42181376354699,92.67932412928131
-34.09240452630698,91.91107339430974,0.012989652974419357,-34.0205465581265,91.95549580911977
-33.80368239463586,93.2563352895973,0.006383320103515251,-33.82181993510936,93.18765797559348
-31.732495030427735,92.64722101346753,0.005,-31.716962025015867,92.61404196656324
-32.29615842012326,90.08463297876051,0.017042002425018327,-32.24745944078979,89.88557457129619
-31.45825356139017,90.14735724234005,0.009866579302229839,-31.35411699965725,90.07669518704002
-34.637487390804345,91.99105367892717,0.012222709783075127,-34.564220952696125,91.98043262661878
-34.32284255050785,93.85814777307898,0.01531849923911196,-34.2311492466285,93.91038247216285
-31.970521070138986,94.24009672706008,0.012432525393267032,-31.932845892688047,94.12602861134565
-32.96940123898408,94.57667970423157,0.01691432636829403,-32.86730873676198,94.47945616920079
-33.813368547306354,93.175221721218,0.008430907352830343,-33.688783451234116,93.10350739093457
-34.7664723644658,90.24424700023023,0.014872432748034847,-34.66809812597642,90.32306651329323
-34.7465346994267,94.5714286152528,0.012965717155374694,-34.72386366490706,94.65805295786114
-34.585887399545996,94.90050608977621,0.01096425392598701,-34.54533603299482,94.9740486582708
-30.4378890529215,90.79400430880791,0.006233934237479277,-30.42426861704031,90.86467516122784
-32.820514682632535,93.66429901115552,0.012288409681162795,-32.829510691352134,93.61630685844574
-30.54373289949624,90.99114271892054,0.010641503479195293,-30.491200541585947,90.89099445768552
-30.90912312576677,93.17745355178347,0.01263285813936669,-30.823369470887577,92.98671144204083
-30.719560420343246,91.34354675507635,0.01430794833131964,-30.742990767013207,91.20565592803042
-33.44898796187831,94.0493493371351,0.01080628731500936,-33.40261707777325,94.02432593463014
-33.58559112132841,94.73676565953919,0.01693337059586076,-33.53410257835225,94.69968168564623
-33.08911919939607,94.06501119143921,0.012057858482340766,-33.09833808499269,94.03991374085597
-30.287728371119183,93.07190700098877,0.01060241885641143,-30.237178655577328,92.88459289251443
-34.51562944812129,94.35760086394951,0.011966813131456549,-34.506451959275765,94.3882077116238
-33.47747900413613,91.71088320482212,0.02,-33.49123803417301,91.71718644522694
-33.0121344537223,91.32649304315403,0.010635253033461889,-32.970965643435775,91.2956396486601
-31.19550794348246,92.23597294790987,0.014341471091166172,-31.054719471533154,92.09841879283664
-32.0252883337598,93.3735709107115,0.01641927906186223,-31.90542308004875,93.2417539782107
-33.6917899287072,93.22929894209092,0.012473183115547676,-33.65817132348207,93.20637235736304
-30.301328024389885,90.7205652488534,0.014979465485305321,-30.149933829398623,90.53199895890374
-34.19144935107329,94.37523772841706,0.009909542120722228,-34.04391306683604,94.36792343480204
-31.245818026036716,92.07394102464802,0.01429286707828493,-31.166231349879023,91.9361868233874
-32.5666595805555,94.53185609060944,0.007715266647882313,-32.543947133307626,94.43996654366119
-31.69622356554933,90.74616253244207,0.010783720072694264,-31.701201525693765,90.6193947454884
-30.937937364816506,91.47365214628515,0.012019516295896152,-30.904179637622587,91.2137643872455
-34.20708453292225,94.86474215422722,0.01416330182681064,-34.09087408243892,94.89452481444583
-32.39623608631291,94.09137686431812,0.012815403806318293,-32.26137304092789,93.93277417017056
-32.46229409356127,94.77911021765735,0.015048146529244692,-32.37186354173385,94.61600090722348
-32.42146285376788,90.77704304843007,0.008427115845269919,-32.328489143378036,90.64362192067195
-34.13003524510712,90.56665294507437,0.008700654329585266,-34.1344559044912,90.57534083962474
-32.398615542046,91.6709563219114,0.010810895325999955,-32.359853517474036,91.50529297613667
-33.66522385315142,93.93857396654018,0.01172964109733911,-33.62759651182206,93.84846343796988
-30.259006388791796,94.05893993196906,0.012364424604843745,-30.178215982076356,93.82813312321164
-30.479177580243167,90.65446707311442,0.007957675195544993,-30.517843812637665,90.60151684508489
-31.710933739609143,92.34682010818878,0.01319626398674833,-31.68275324930824,92.19026818986666
-34.977023398445134,90.05645975426677,0.013923387365957222,-35.026872011427024,90.01386217618608
-33.283778482724586,92.45072946612474,0.01149599767177686,-33.2304787043023,92.43091070823849
-30.62618902967717,92.6799031660764,0.010291442188073499,-30.639519285388815,92.62989930920021
-33.288990991454384,92.37513290394666,0.007338762915707901,-33.283794418952645,92.42567234381744
-34.802708061664205,93.57096889975536,0.011347027840113919,-34.84657709025381,93.61558048543402
-34.31215987729436,90.22781254289268,0.012276567659962401,-34.26280888089906,90.18857607935881
-30.285829050746624,90.31588917173893,0.008808403626062014,-30.269370573826667,90.15557691825038
-31.11805550702607,90.52115264352344,0.011619064043742201,-31.09189424928641,90.36314363102079
-33.13697048255101,94.70077361496843,0.017696317601175026,-33.01871207579909,94.6252796161904
-34.763547590455296,91.98720633375565,0.011961755842557605,-34.79291786323317,92.01001429366026
-31.79628546420895,94.95682232246834,0.014489686078741612,-31.6494269464784,94.7870172443301
-34.413495618441885,92.78155239794242,0.016255944080589564,-34.3212284228553,92.8236308853985
-32.0049937784406,90.11863773471238,0.010315612973133687,-31.946681304411495,89.94140656369296
-33.175140930018436,92.97737255615804,0.02,-33.029803625060865,92.88910732709971
-32.094803526879076,91.60990957940898,0.014693698881035956,-31.96699259311473,91.51706550718771
-31.994159885521302,93.57586691461265,0.009825727765401112,-31.97168000180976,93.51085194286416
-33.48165317449587,91.72615938550732,0.010505540454179488,-33.34878071781608,91.73310737830323
-33.86554571061094,90.92682597140553,0.014149617235611846,-33.846988625780995,90.82902860896255
-31.41330288785418,92.793423767136,0.010183252318331018,-31.37821529412254,92.75547942627094
-31.63858011866395,94.54781180628939,0.015150406822338373,-31.5350822217798,94.33021009550416
-32.4904842571198,90.32217845126334,0.01130549977794425,-32.48137040420536,90.2195921528396
-30.152398239902823,93.70029718554179,0.007935143298647184,-30.074335976347502,93.59817214937856
-33.549702916662966,91.02165963215833,0.014598241223763528,-33.46345297814265,90.94354812997351
-30.26857284650614,92.4054910241698,0.011113429645512126,-30.244615045307356,92.26701374086757
-33.901144988313405,94.40101352938679,0.01169888657486724,-33.84588579950451,94.36477187763992
-32.48360880157781,93.07779042660296,0.014515104030373602,-32.39709470420345,93.00132883631467
-31.18863051137124,91.02537555419832,0.010091439996258732,-31.22461490544868,90.86603751971151
-32.58917905191901,90.33262272462916,0.013698197155083677,-32.51360971101946,90.24550186481963
-34.05924303856516,90.93481962017471,0.01603800110533823,-34.09172894013007,90.9348294256847
-33.95383803185923,94.11089392011856,0.014205390712908172,-33.91027738448165,94.11471098914602
-34.878141901934285,91.04287671338922,0.012718876479164377,-34.78691610519098,90.97496706425063
-34.61458990539969,94.91669543542484,0.010022150293684364,-34.52402493823048,94.9149059242326
-34.620258296475996,91.42097492376077,0.00946788924808148,-34.53766228201054,91.42191889599339
-31.71247672174716,93.43348832296181,0.012536571862924652,-31.727732369406333,93.21826076000633
-33.35170611227883,90.52131505705836,0.009288442549809817,-33.37024870290361,90.3924954746913
-32.2621128071289,93.68622950581236,0.011976701964756333,-32.18205234681558,93.561209923738
-31.869025940303477,94.33614721058979,0.0116328211278384,-31.69432180013984,94.2754464820715
-31.250837928200163,91.36488938629948,0.00675124055723656,-31.219998083951694,91.35508831294041
-31.483443298313126,94.42950756525232,0.01520541831988289,-31.377949631397726,94.25853670618841
-31.337727273766255,91.18139897021582,0.008793397573149413,-31.285465139713484,90.9806038340847
-30.425626681703434,91.23127909428894,0.012499961975282385,-30.417504526608237,91.03451985468325
-34.03767111993709,91.69000471972441,0.009014664666471299,-33.98557000144237,91.71338503519353
-33.04570207005377,90.10908100803559,0.01622528268217758,-32.999712319659146,90.02833518995497
-33.3525374342163,94.11411629383176,0.011051643600155932,-33.3040237363358,94.07388493056213
-33.36593781384978,94.20342760918867,0.0072532880789712584,-33.29334702484486,94.10874509647742
-32.36215770935985,94.79631407413719,0.012835148511341217,-32.268338281930774,94.6765616686847
-34.806202415988636,94.06778451724712,0.0077716800878233315,-34.732555297753635,94.05343186667655
-32.48261196735011,91.05914770476501,0.01616469026060175,-32.51769074210067,90.86527877094001
-30.033443107476927,93.46760305664992,0.016906983262140293,-29.934673874086815,93.22104948553822
-32.2995363149193,93.99170290833031,0.011617015640901614,-32.26424350638143,93.9391489699958
-30.45038247362578,91.53752431014665,0.010845074154391818,-30.381372724695762,91.48090741095157
-31.51992107997576,93.99832791883006,0.018893097671367393,-31.331506220676008,93.8298552261958
-31.54376277952653,90.93948935677292,0.014812090441150762,-31.424968497157334,90.67655184475666
-34.8002673267939,92.14765376023513,0.011873382322564303,-34.76053303446595,92.10539165157044
-34.81737900857922,92.54840112635151,0.01174260237339671,-34.77547765465934,92.5634789967041
-32.4867869686718,92.96344455740633,0.01102935893527875,-32.42524038587229,92.88387321173495
-34.52757301148346,94.01294498769883,0.012230695017652162,-34.40678326443666,93.92360148950638
-30.444466954746407,90.6734612447674,0.013636814081005711,-30.38039538316689,90.51033892144828
-34.484264182380315,93.65630073865286,0.010174312985329972,-34.42318324562076,93.63428036911996
-33.439265482040184,94.04458060815406,0.013294225428618994,-33.395213266756095,94.0130490104963
-33.25399922944234,94.38162341697489,0.013546478947599722,-33.11476241848789,94.26421869225332
-34.31060611319654,94.79583096730373,0.009004932871221474,-34.21623621021828,94.86286130477399
-31.295677097570945,93.92058949180084,0.01176642877615032,-31.15234055641862,93.85711454723689
-31.007593421221458,94.14140699019902,0.01094023985535037,-30.87425300795093,94.02896387598591
-30.764335467602884,93.12732738527352,0.01569806937750006,-30.603583174820987,92.85063848698984
-32.19170073071186,94.73761907311847,0.010341822060914057,-32.17715544616705,94.59668729965728
-32.138660603167786,91.66050754589108,0.015432643106081825,-32.1110849326233,91.52377414793982
-30.15635155655447,94.92371376927426,0.010775903338086108,-30.06500609780817,94.80247335513232
-34.787354447506566,94.67336075994143,0.010943104758284713,-34.745046701257955,94.6725139496574
-34.27961111719704,92.85579865132787,0.014385512496385401,-34.19593949489183,92.8162593390149
-31.946552961286045,92.43669962291017,0.013156754584970173,-31.862832803866187,92.26093225443954
-34.24791211520165,93.46776548624626,0.0050561710832751254,-34.353290631636156,93.49927113176423
-32.736931088449964,94.03711162440896,0.01706227444933936,-32.599151078158904,93.92684882080827
-31.70395004240491,92.90104017253304,0.011702402397489814,-31.647778213907912,92.77582552792138
-30.76314894242394,93.88160419342402,0.007209458959746377,-30.71804621734455,93.78310692986129
-32.09177438359471,94.10173637605051,0.013429064082239471,-32.061452635425454,94.04438141592976
-31.289206342462,90.98411396891727,0.012175266806694757,-31.181822420076244,90.82562467527657
-30.40653664034485,93.12846105209579,0.012847561697667672,-30.26692218721863,92.91419104050782
-31.8050030260142,93.09225435055085,0.010673354196630727,-31.73175438833196,92.9743017189173
-30.832214027348506,91.35809971312725,0.007801262490804797,-30.80773641541592,91.29717843753015
-34.83601895982161,90.0131288555175,0.014909669199138827,-34.81560161338434,89.84806603283994
-31.224365945420253,94.55825421047135,0.0167796491222222,-31.09901419734448,94.46186458242518
-34.70576528837429,91.91691120854257,0.005,-34.65144559581895,91.9591623085031
-30.617727930203472,93.64236813305286,0.015093804276344531,-30.608802290217064,93.47314773174521
-34.878289859545944,93.53704893726761,0.013491409079493963,-34.84273336122199,93.56882202910644
-31.98807842572102,94.868259394458,0.009815881373036753,-32.000253282933194,94.75353803610355
-34.72766754847786,91.4186240631058,0.014669338248959348,-34.73016867697495,91.41499206589782
-30.475557201647018,92.6076383352118,0.007069263763595589,-30.41997712660112,92.43143545369053
-31.598489300416876,93.62830848537745,0.012796123217378656,-31.48393991419606,93.62297636591913
-32.910362173709004,90.34630973906648,0.007072258802276326,-32.96510176776767,90.33374667357756
-30.37483053965742,93.69062955978335,0.016846254789200453,-30.264328249148573,93.47238746975911
-32.59964360014476,93.73149648808067,0.010743568896569388,-32.56133042250392,93.64531473961895
-34.79482697252188,94.56765074397838,0.007894183808048126,-34.75710210318818,94.51256923243649
-30.541598160475825,94.70377489798244,0.007631456784494753,-30.53721212691162,94.68276986379227
-31.436456669584707,91.51896826033713,0.010972233405197407,-31.45309238453553,91.39176640570902
-34.15712493368997,92.61207796100554,0.007158232708499912,-34.13869783158952,92.55990682593112
-30.341612542759727,94.97729038475522,0.006994463441640047,-30.275099283530896,94.86014080232478
-30.292255522961064,90.66782914873944,0.007033084313641485,-30.209366486899242,90.5543249774655
-33.40223657958065,93.97455577130363,0.015772509330516916,-33.27785560819359,93.94004910941807
-30.380665139766265,92.89297406335098,0.014234900158834246,-30.264995696217362,92.76883477810387
-31.69893163450648,92.26772111666695,0.009648942441128561,-31.6446374376483,92.1640142085609
-30.373468939167015,94.07116728687647,0.010683085779144395,-30.256679683718982,94.02230360906438
-32.02112256455708,92.2718435246926,0.0153204456284404,-31.980735258354915,92.15098725698539
-32.24104965504618,90.62033178861766,0.010390836220801912,-32.165151874623156,90.6237745789012
-34.66314604672115,94.32556234769737,0.014886391607500068,-34.559975849841834,94.30157505490448
-30.045343456139044,93.1772680525459,0.010504906033731026,-30.11340331719981,93.05864746060492
-31.782742731678674,90.36955370910421,0.0076698318492217765,-31.69764264449174,90.27712170765678
-30.829850660987184,92.82749374709967,0.012268001713883347,-30.81425105185457,92.6801658846991
-33.24437601651828,92.4082012042518,0.01419219624217215,-33.13676209708937,92.33600326490192
-34.74346556409102,93.31972723895502,0.014171328226183527,-34.65822430069626,93.17260908295677
-30.954934249232277,94.57194852027585,0.010827764823868422,-30.853174902788,94.42672971419903
-31.17333464766343,90.26134431377238,0.013153912385160714,-31.135270530902062,90.12640042486068
-32.13320671485181,92.56070127663189,0.011118178337326314,-32.02032287252634,92.45633477881347
-30.216548004971628,90.26854823953761,0.011736434234586453,-30.194007316461988,89.96708650584391
-32.70480259964227,92.54793554427665,0.012459636790869177,-32.679067289301564,92.42767761281395
-33.662222942158486,93.14493404043662,0.014656301997467728,-33.596555109920736,93.16331547922886
-33.551681169844066,91.76560997625157,0.005981903734662526,-33.55387893768651,91.72832105529427
-31.85407668386659,91.20230563247542,0.012566339517161958,-31.780049102166636,91.03129432637557
-30.94762136820671,94.93297487375129,0.014986283024740246,-30.85840269054239,94.73935991325601
-34.748549789961366,92.16145547898465,0.008787958138103031,-34.74765036469961,92.17768850531381
-34.15821959773532,92.95071650173007,0.01203500403650281,-34.1648375279589,92.92900029797923
-34.938684872753385,91.8677521979456,0.013006393328000418,-34.89462852872207,91.80620657596444
-34.881456868094396,91.98318336267414,0.012713798062115932,-34.87188491632352,91.91510801984059
-33.75730119373851,92.55847028887699,0.010784745360613973,-33.66913011860222,92.6069164744596
-31.263828082378186,94.15277465839877,0.012530383403704652,-31.127662998045906,94.01205357430456
-30.86091889524387,90.91664243452381,0.015973734949308687,-30.880865337027608,90.74307457814126
-32.21034314776971,92.74936092336776,0.008721453157193085,-32.149587505661714,92.67439851687391
-32.291387839780285,94.75113956127328,0.009170031725652825,-32.21497718321369,94.74539980680532
-33.8996216429937,90.3460814933516,0.012927279361804822,-33.85009485966351,90.38667672009967
-32.29893783719834,90.47299523236951,0.012786247387330776,-32.19488650269752,90.39957326747681
-31.569636976334493,92.2057245915264,0.018342347279676346,-31.466901417677736,91.96563890042015
-30.650137159821448,94.07083134240213,0.015013051918824584,-30.55378547670782,93.88533112105186
-30.25927093024886,93.78117570296165,0.011256278407096329,-30.160361325410907,93.67238833252776
-34.44266543648934,92.12267230029008,0.016467993785356055,-34.412688341094245,92.06012725182319
-33.498535269951184,90.22673811791601,0.015706806843902285,-33.45206569163302,90.09727950004913
-33.59008031713906,90.790785538926,0.014188232996487637,-33.548472945471936,90.7013061258433
-33.14919393696634,90.51504358266138,0.01028618439100754,-33.165895354894324,90.65098615279888
-33.64143648044339,91.20300505284713,0.007795975081910392,-33.6519797942587,91.15423789591819
-32.237741258537916,93.98746694657517,0.0107754330480737,-32.241960301048074,93.96267703441954
-30.997462267554667,93.64225052475258,0.012333818226933989,-30.9010146094974,93.5125754315523
-31.345059767983887,90.40881821943056,0.017290542638103805,-31.26073599249292,90.18779638772358
-33.958211340567075,91.8159691829054,0.013563032205041844,-33.94388687446924,91.82553339817001
-32.60717973229627,94.6464188894246,0.007763940881499067,-32.54321382831975,94.55982010516364
-33.766762251424595,92.77354209384495,0.008681118722818614,-33.71961189676552,92.75592708365386
-32.9267734431887,93.66552165733466,0.016253786187646353,-32.84146924002696,93.65418710974969
-34.50342048935778,92.248374357035,0.008532850456024144,-34.38900571391493,92.22137638046993
-32.56080659700333,91.67396289775071,0.010754974452751654,-32.54358358353578,91.55078779223457
-32.88951835850384,93.43077768604911,0.011854951474400643,-32.76640504683647,93.34420100901947
-33.32003034036536,92.05392235774806,0.011830564966253896,-33.297292459966314,92.04990200561429
-34.47288066196827,91.99050410797369,0.011514355617749336,-34.46434038229962,91.92911854958915
-30.331033517908114,93.24824950337431,0.011860328077692993,-30.148451814684112,93.0329246802235
-30.22674459135308,91.85816831011878,0.009168042521734521,-30.21340834962259,91.6916013328507
-33.32206199686591,90.94226987473239,0.012137756541046783,-33.28290649741891,90.9597775897399
-34.21745220276039,90.3023658696265,0.011003220346591097,-34.18603517624581,90.33583237411939
-34.95955673068278,91.40988484987432,0.010745482950905941,-34.95435518005186,91.39957548237578
-30.170428751308684,93.05404596293654,0.013722924523244506,-30.13367693522185,92.83644337049331
-31.20499337998683,94.92650000796718,0.016833513394489776,-31.08939957564924,94.7345915443742
-30.936480321584977,93.98713444832082,0.009738525355902427,-30.941160246247144,93.88483957368122
-34.705998206597826,90.92839043097726,0.01807306627869902,-34.58200666555319,90.8492419269345
-31.543749364606615,93.32924846757882,0.019084716868180668,-31.362361129343213,93.06461560236785
-34.827532248232046,91.69459270091126,0.013716156990182325,-34.89861873188217,91.77055400393975
-30.190441264175362,94.9241131528619,0.007004208349013665,-30.144297071962438,94.79362406749307
-34.870773142937146,90.61498899035526,0.014138882148961224,-34.872589332843994,90.63178283323448
-30.081403850074018,90.76014922563468,0.013505981260202115,-29.975391673119134,90.57122975553249
-30.376903812607758,93.68947205246978,0.009111999937515422,-30.291562541618827,93.55376890059921
-32.392568101400755,91.15500006583348,0.012187859909782026,-32.32653502955815,91.06882667172674
-33.92821283920613,91.12840929122534,0.008551582511259216,-33.95092568863837,91.12020763902196
-32.556967985618364,93.87327874068136,0.013262858068633395,-32.422671679279155,93.76858374358295
-31.61539278631097,94.69683764074193,0.017521681437705654,-31.527805847256847,94.54701403680922
-33.454638847851825,93.87677524895963,0.010220400920473424,-33.429378512678795,93.78699639802191
-31.93391779986929,92.56154325342156,0.01208157767972247,-31.884992776025577,92.45181974218752
-33.77679545274936,91.90397194888853,0.007226551480406262,-33.79279284277398,91.88271443340017
-31.43591638738383,92.33236245226419,0.010246086364434144,-31.418616446973783,92.28271137695454
-33.91261711982479,94.81588808972411,0.007740110901356826,-33.84654454390592,94.85303131263598
-32.20192568540774,94.87572881922752,0.015359185747043239,-32.17484142893854,94.7676439030769
-30.608941639953926,93.122974419503,0.016190092658880672,-30.46157084825468,92.86638954587428
-33.25814889602736,92.7244084631309,0.011910799919783752,-33.21637198911438,92.74245789714018
-30.638911025895155,92.27173043431374,0.012068811019367317,-30.560528007181006,92.1124718857616
-31.722896991538768,94.25238864507536,0.01806501074885393,-31.58219421447027,94.04282053676786
-32.505465789171815,93.12569441106298,0.007970982661861355,-32.43305648652267,93.05407556330746
-33.649989920923375,94.3512904523721,0.008279400105740926,-33.62783390334064,94.26795553924697
-34.1844211546269,94.37216207667055,0.014468896956713433,-34.05764054301276,94.31318633256097
-32.13310589738121,91.89552869574837,0.007506899281392623,-32.065887386222904,91.82783802273272
-30.11947235199959,90.74302724134907,0.011573795896332475,-30.077843171913607,90.60937600113861
-32.66770558905861,92.35208279006318,0.008649037206853168,-32.630199504990884,92.2339054574885
-31.32244936125256,91.03158065416599,0.012961200801739863,-31.26023606359324,90.94910128445473
-30.619500475023916,91.81597110670332,0.010416000144231951,-30.528517901976866,91.64199728758364
-30.946345830047953,90.85519037808392,0.013308410299217881,-30.908445177492556,90.746084243636
-30.604115093868934,92.27056563867126,0.012686955461703,-30.51680258157108,92.14598797370523
-32.52547133301001,90.81748168233575,0.009771483174809872,-32.550089738890065,90.68827736822074
-31.50460967613582,92.12125984432811,0.013563501429182981,-31.463714966169448,91.87462347621455
-31.812836898298993,90.38635895535212,0.009848973697770928,-31.772332414768357,90.29476448484434
-31.301647444392845,91.39196313755063,0.014492011261637187,-31.22114074591042,91.18182401283674
-31.858476519669274,92.5943019737627,0.00887379833297303,-31.823709069835733,92.482675640843
-31.136226140469592,92.79858310658494,0.014288732134944263,-31.099511368697453,92.6020598548963
-33.86416065428983,94.9383054783161,0.018341644692634548,-33.73701600031017,94.99345764525869
-33.00138124574127,94.7859403032078,0.01322578370643056,-32.86309163012527,94.75115845404981
-32.38448380052412,91.92233239010751,0.006587443245390255,-32.4145738833362,91.85893477239388
-33.706739434672905,91.35438038100821,0.009507927513834377,-33.61785344200296,91.26459201989303
-31.193545150568944,90.59047151853359,0.014523251643380385,-31.140900990980395,90.47666405061084
-30.199205874138023,93.99034197226969,0.009797715952761245,-30.14915555677579,93.77481664051223
-30.29499743248559,92.86932578540734,0.0073172083838641344,-30.258001829921113,92.7389296178515
-33.02998961103723,91.72359729323455,0.01244434694338452,-32.95920279755156,91.67166896960264
-30.280795859068633,90.28090404479703,0.011810973131344627,-30.225450296047445,90.0899470221996
-31.616002477640688,93.07875009314479,0.014921844297904533,-31.438250302553463,92.91926705055356
-30.498232029526996,92.78898321796606,0.008244527416226402,-30.438806032974913,92.74122026307113
-30.84745168086097,94.98643683105865,0.013865471147780865,-30.75313677464186,94.71164066589417
-31.464858935129815,93.75460108034474,0.01081977659340915,-31.451822210755616,93.60338334355588
-34.1373726707368,94.90014216521742,0.014233987196399858,-34.03516424188776,94.87137402875985
-30.784659676093728,91.71103985066223,0.010182768090383446,-30.660177576463877,91.586533273408
-30.11372545614991,91.251612918236,0.013298618872622014,-29.968726947001933,91.09820360981901
-30.285268371723244,91.7012251214911,0.012209011308188267,-30.195781660415204,91.52037757003012
-30.602446480435766,92.47328139602776,0.0091278639603356,-30.577311326924555,92.33732308427354
-31.567040700681797,90.64211315269957,0.011259472601893777,-31.54802044372786,90.50525374164104
-31.63597472125418,92.42432105891271,0.012453111502767728,-31.578522801997806,92.26659409892729
-34.214276231352265,94.51863443175486,0.015517756154473487,-34.14339560279899,94.55644192590665
-34.63267479297108,90.84069886235615,0.01590991703908478,-34.58563169861211,90.78550768737561
-34.37240986211277,94.61016425934523,0.014649745915480235,-34.286690817925944,94.53118490381766
-30.893990135225543,93.42424505344107,0.013087930309955996,-30.874074202905852,93.17079799955481
-34.78067075295161,94.00723639165584,0.016566399747773942,-34.72493165191064,94.05722726863833
-30.980236391653946,91.57498804182298,0.008257584122764833,-31.006442197463862,91.42251799056528
-32.306443014419486,93.92404797251176,0.012035379021363717,-32.27390142312962,93.829328225792
-32.219530014510426,92.79296144547382,0.011501193491397124,-32.17431926168909,92.66248113796539
-34.93075633895981,90.24676959056546,0.014049115055969903,-34.883249833658816,90.22860646919557
-32.20457095019253,90.70119907012052,0.007336609546602468,-32.22968285673449,90.64142372389033
-31.161910748432057,92.32771400736746,0.015431694127445146,-31.13181257143063,92.0797745415641
-34.19535265324678,94.67282758831924,0.00904115435380189,-34.09383040611091,94.72200474623875
-31.626842003546518,91.47749272985442,0.01116007315220743,-31.574611527123444,91.33216856084826
-30.721897326019597,94.09695461449478,0.009279971027591483,-30.641674674644673,93.93482460159224
-32.77965559629958,90.98228356533969,0.00871552882650662,-32.7683302643693,90.97491390377883
-33.38163357693015,93.17703782771531,0.010424293534597926,-33.28789251517666,93.09885539218676
-33.4799717717152,90.33415756761964,0.01789586560853563,-33.488964473137656,90.22224741688396
-32.28587844478816,94.63231830173952,0.014600323620651844,-32.22360197165129,94.48983004864961
-30.564071394364305,94.61300765770137,0.005,-30.488323274413762,94.52266833701208
-32.7515219113355,91.2101519852528,0.012736344583734625,-32.73289903521554,91.17421471996875
-30.297240507979346,91.68499791959779,0.01156441763156537,-30.225640570957044,91.47092642951608
-34.307568921861176,91.7189641719,0.012370361343795044,-34.30812921872621,91.62743736944684
-32.27502426948253,90.34302291649729,0.015203472287735536,-32.24305876666603,90.24462512105858
-34.34731451508588,90.95823268969293,0.014410291625967402,-34.29052660776888,90.89342616964115
-30.51663866195514,92.60617497691206,0.012475300702158921,-30.477771691760598,92.46599869901657
-33.290643574334844,92.45913430865959,0.016797591717566375,-33.273671296088835,92.29998679032005
-33.68165911197014,93.40579409906437,0.005309155359384731,-33.68067366936355,93.33527571799246
-34.20188876913635,94.98438592543653,0.013471526655510652,-34.13456806600857,95.01912925640997
-31.222333587155134,93.65940604172793,0.008180976996139374,-31.188545364204188,93.62012292602526
-30.92979700315455,92.32991973240185,0.01562764891381727,-30.899525453415393,92.0948927650484
-31.488049974363303,92.93002067880343,0.009242928271163393,-31.403810621858185,92.847541676194
-34.692615433203684,94.91923474370986,0.01883358679738019,-34.51936715238021,94.9626158757389
