particle_id,leeway_class,terminal_lat,terminal_lon,synthetic_bfo,satellite_probability_weight
low_windage_0,low_windage,-35.207347192532296,93.79346763787969,179.5458072991859,0.9997472514974878
low_windage_1,low_windage,-35.236854018394986,93.72838230859472,179.5456418432056,0.9997628691189981
low_windage_2,low_windage,-35.19567977141251,93.76427199424782,179.54554692613064,0.9997718279164995
low_windage_3,low_windage,-35.22800423176287,93.74916998389138,179.54569884906965,0.9997574883953103
low_windage_4,low_windage,-35.1936174322292,93.7355608766113,179.54536127424157,0.9997893495904557
low_windage_5,low_windage,-35.17875912590549,93.67830277684467,179.54491115165652,0.9998318253305851
low_windage_6,low_windage,-35.20918861365838,93.73607384446886,179.5454806337266,0.9997780847182282
low_windage_7,low_windage,-35.18053282391817,93.74007829018548,179.54529034503423,0.9997960434202652
low_windage_8,low_windage,-35.16505931645226,93.72947613471848,179.5451119712638,0.9998128761536049
low_windage_9,low_windage,-35.2275508478954,93.73433464876658,179.54560755217844,0.9997661057423791
low_windage_10,low_windage,-35.21119620053837,93.6857471269837,179.5451976237626,0.9998047934984171
low_windage_11,low_windage,-35.17544403291918,93.731192063695,179.5451996682607,0.9998046005639406
low_windage_12,low_windage,-35.20455808901107,93.75124813297724,179.54553598966632,0.9997728601342342
low_windage_13,low_windage,-35.1872415493026,93.673536693182,179.54494632783383,0.9998285062663166
low_windage_14,low_windage,-35.20961286131848,93.7146166482293,179.54535668691278,0.999789782519101
low_windage_15,low_windage,-35.24064209414715,93.67636617619976,179.5453623589206,0.9997892472238527
low_windage_16,low_windage,-35.16700265650522,93.75410683238108,179.54527255304106,0.9997977224753453
low_windage_17,low_windage,-35.222684058395345,93.72385856609009,179.54550911798475,0.9997753963447098
low_windage_18,low_windage,-35.205885435683314,93.704607900494,179.54526956286273,0.9997980046612195
low_windage_19,low_windage,-35.18810223257031,93.74204028037994,179.54535849692795,0.9997896116992345
low_windage_20,low_windage,-35.22106895244118,93.68361331057694,179.54525881703688,0.9997990187513369
low_windage_21,low_windage,-35.22562861820469,93.76321737468248,179.54576437262546,0.999751303514357
low_windage_22,low_windage,-35.19919371776554,93.68153060096807,179.54508295373563,0.9998156143368627
low_windage_23,low_windage,-35.20179464450115,93.72609773290564,179.5453662775009,0.999788877407328
low_windage_24,low_windage,-35.19533597214158,93.70346926673244,179.5451839883379,0.9998060802365407
low_windage_25,low_windage,-35.2149584592122,93.73316596296732,179.5455065155695,0.9997756419648517
low_windage_26,low_windage,-35.21246477233865,93.74952142097142,179.54558481685706,0.999768251629364
low_windage_27,low_windage,-35.17933939819888,93.73007985633274,179.54522215986438,0.999802478071748
low_windage_28,low_windage,-35.23322224042944,93.69669165167028,179.5454270820954,0.9997831388769456
low_windage_29,low_windage,-35.179034226035164,93.76471803177118,179.54542530735154,0.999783306373587
low_windage_30,low_windage,-35.17954768349626,93.74122270877214,179.54528977555853,0.9997960971626989
low_windage_31,low_windage,-35.2306903764981,93.77528140474796,179.5458737390271,0.9997409798000327
low_windage_32,low_windage,-35.17189228887132,93.7447650573562,179.5452536335461,0.9997995079186474
low_windage_33,low_windage,-35.205470861907976,93.71575997997566,179.54533250550642,0.9997920646209331
low_windage_34,low_windage,-35.23151611765102,93.72466507455589,179.5455799190935,0.9997687139046664
low_windage_35,low_windage,-35.20612676880401,93.727049637079,179.5454042843166,0.9997852904731714
low_windage_36,low_windage,-35.20754912871154,93.76111504828688,179.5456168408771,0.9997652290162516
low_windage_37,low_windage,-35.162966001846534,93.74289676703953,179.54517593023132,0.9998068406543007
low_windage_38,low_windage,-35.158701187089235,93.7481806256605,179.54517544747318,0.9998068862105501
low_windage_39,low_windage,-35.195375849285185,93.7230154666427,179.54530006287416,0.9997951263281918
low_windage_40,low_windage,-35.22418628974134,93.72472454235717,179.54552547609953,0.9997738524324837
low_windage_41,low_windage,-35.18743106220458,93.68430970266628,179.54501149657597,0.9998223570922121
low_windage_42,low_windage,-35.217730640034794,93.77613046655766,179.5457819560475,0.99974964375196
low_windage_43,low_windage,-35.21325021360846,93.74808465137676,179.5455821676561,0.9997685016742708
low_windage_44,low_windage,-35.20596304957146,93.74599763007843,179.5455153558686,0.9997748076019399
low_windage_45,low_windage,-35.21862684756352,93.76626470614968,179.54573013106875,0.9997545356578814
low_windage_46,low_windage,-35.23058509522427,93.6986569341672,179.54541898945655,0.9997839026422491
low_windage_47,low_windage,-35.205941224434106,93.7169104203916,179.5453428342661,0.9997910898553252
low_windage_48,low_windage,-35.22319024015447,93.77050323823556,179.54578936162414,0.999748944708789
low_windage_49,low_windage,-35.24506834671367,93.74662784449325,179.54581134251654,0.9997468698263757
low_windage_50,low_windage,-35.21165321678735,93.76431379365351,179.54566646690742,0.9997605449316269
low_windage_51,low_windage,-35.2151935951782,93.72403981646376,179.5454542065666,0.9997805789079456
low_windage_52,low_windage,-35.162603886286405,93.7364667594424,179.5451350938632,0.9998106942067392
low_windage_53,low_windage,-35.21049727115035,93.75368390726688,179.54559479653568,0.9997673096942683
low_windage_54,low_windage,-35.193630302782545,93.7136508184659,179.54523154485216,0.9998015924205731
low_windage_55,low_windage,-35.19788018323569,93.70614004299914,179.5452188137778,0.9998027938373673
low_windage_56,low_windage,-35.20987721853026,93.76258595268686,179.54564295354731,0.9997627643164103
low_windage_57,low_windage,-35.16581988843536,93.67841151211935,179.5448151406459,0.9998408842088543
low_windage_58,low_windage,-35.162934480928925,93.75764643581704,179.5452631969401,0.9997986054178362
low_windage_59,low_windage,-35.21371560552025,93.75762866922946,179.54564222856823,0.999762832745517
low_windage_60,low_windage,-35.20014751359279,93.76579695460066,179.54558933375608,0.9997678253009904
low_windage_61,low_windage,-35.22395994998803,93.73967568338098,179.54561235807205,0.9997656521322312
low_windage_62,low_windage,-35.22577071764099,93.70208134044712,179.54540325536084,0.9997853875828375
low_windage_63,low_windage,-35.209110445879695,93.7674403824686,179.54566601913646,0.9997605871961748
low_windage_64,low_windage,-35.23334527104695,93.78721410789784,179.5459643631349,0.9997324248678119
low_windage_65,low_windage,-35.200085971359634,93.73510610964004,179.54540689505083,0.9997850440799214
low_windage_66,low_windage,-35.17770051664258,93.71736487986452,179.54513456697018,0.9998107439268753
low_windage_67,low_windage,-35.23257699109837,93.72672533798357,179.5456000521915,0.9997668136357377
low_windage_68,low_windage,-35.201894400254325,93.74277451957148,179.5454658567915,0.9997794793660947
low_windage_69,low_windage,-35.20759937490662,93.75689420520504,179.5455921852226,0.9997675561643065
low_windage_70,low_windage,-35.18337069327142,93.7350576762733,179.54528176900183,0.9997968527541259
low_windage_71,low_windage,-35.18062062420599,93.77001782006948,179.54546859742706,0.9997792207055205
low_windage_72,low_windage,-35.22547859609415,93.75207442873246,179.5456971895906,0.9997576450338692
low_windage_73,low_windage,-35.1759303888638,93.74120340871612,179.54526265572127,0.9997986564929561
low_windage_74,low_windage,-35.19864782316537,93.6930148605758,179.54514684152858,0.9998095856377966
low_windage_75,low_windage,-35.181613198075496,93.74524661068756,179.5453290573856,0.9997923900325615
low_windage_76,low_windage,-35.223118024440936,93.70622344458845,179.54540793981977,0.9997849454776835
low_windage_77,low_windage,-35.20492490929245,93.69042642645029,179.54517843503947,0.9998066042838761
low_windage_78,low_windage,-35.234095442736,93.7058638756397,179.5454878931121,0.9997773995734546
low_windage_79,low_windage,-35.20659745584916,93.72646530152711,179.54540433916068,0.9997852852971537
low_windage_80,low_windage,-35.24494146662257,93.71750571537292,179.5456379191983,0.9997632394965313
low_windage_81,low_windage,-35.213751901173204,93.80519173502144,179.5459247282721,0.9997361664516808
low_windage_82,low_windage,-35.14904400999573,93.76969946484256,179.54523111347817,0.9998016331289585
low_windage_83,low_windage,-35.17252004176187,93.69957138740074,179.54499047013647,0.9998243411201231
low_windage_84,low_windage,-35.21513890986167,93.7026345070653,179.54532704397687,0.9997925800449746
low_windage_85,low_windage,-35.21822288283879,93.717916954155,179.5454405828611,0.9997818646980412
low_windage_86,low_windage,-35.18859711166995,93.73844898886458,179.5453409011609,0.9997912722904208
low_windage_87,low_windage,-35.15939813850085,93.74847140190356,179.5451823730125,0.9998062326698707
low_windage_88,low_windage,-35.17368468488317,93.67994246551989,179.54488294796974,0.9998344864619556
low_windage_89,low_windage,-35.18050130992926,93.70561750114815,179.54508588965732,0.9998153372959867
low_windage_90,low_windage,-35.16438124345872,93.73477943077916,179.54513835384228,0.9998103865792998
low_windage_91,low_windage,-35.159593124043326,93.72898485519832,179.54506825911326,0.9998170009521451
low_windage_92,low_windage,-35.20462021369757,93.74993052883102,179.54552864152652,0.999773553671635
low_windage_93,low_windage,-35.202131608064725,93.75914441587034,179.5455646914771,0.9997701511559808
low_windage_94,low_windage,-35.19522214994252,93.71522706241066,179.54525277401618,0.999799589032583
low_windage_95,low_windage,-35.213210600620286,93.77164727732251,179.54572159825722,0.9997553410824012
low_windage_96,low_windage,-35.19854985879507,93.68621118863554,179.5451058399941,0.9998134547222501
low_windage_97,low_windage,-35.20975427744574,93.7699272527219,179.54568557962327,0.9997587408975341
low_windage_98,low_windage,-35.194193959627874,93.76787563537458,179.54555721128324,0.9997708571666755
low_windage_99,low_windage,-35.20536791540255,93.73196083896512,179.54542771469323,0.9997830791736394
low_windage_100,low_windage,-35.18818161869967,93.68302991067088,179.545009530236,0.9998225426343802
low_windage_101,low_windage,-35.212305185609445,93.71141834463364,179.54535786849814,0.9997896710072046
low_windage_102,low_windage,-35.19729201850011,93.72908284630572,179.54535032859474,0.9997903825830894
low_windage_103,low_windage,-35.198308781903656,93.71655164588113,179.54528368055412,0.9997966723581742
low_windage_104,low_windage,-35.154606200805354,93.70253897705996,179.544874295476,0.999835302852364
low_windage_105,low_windage,-35.202688999921456,93.7723546629094,179.54564721643993,0.9997623619513125
low_windage_106,low_windage,-35.228697574221,93.7289651323952,179.54558431626492,0.9997682988777912
low_windage_107,low_windage,-35.167189480504746,93.71450701563576,179.5450391485189,0.9998197478598804
low_windage_108,low_windage,-35.2269062637798,93.72567115388796,179.54555141510505,0.9997714042314801
low_windage_109,low_windage,-35.21641796841882,93.72845339782393,179.54548950220143,0.9997772477064003
low_windage_110,low_windage,-35.163639848427735,93.75896455145867,179.54527628171562,0.9997973705963384
low_windage_111,low_windage,-35.18279306415499,93.74319934758891,179.54532572657948,0.9997927043722676
low_windage_112,low_windage,-35.20045632020611,93.69449726988594,179.54516913202428,0.9998074821770883
low_windage_113,low_windage,-35.209723163134434,93.69593209506256,179.54524688691384,0.9998001445981908
low_windage_114,low_windage,-35.20930332410338,93.75790929555993,179.54561093248057,0.9997657866885358
low_windage_115,low_windage,-35.17574363832257,93.69498871682896,179.54498740674123,0.9998246301765092
low_windage_116,low_windage,-35.219988645286065,93.74500455192845,179.54561425966457,0.9997654726478061
low_windage_117,low_windage,-35.17143900641287,93.75614112227552,179.54531773062823,0.9997934589758269
low_windage_118,low_windage,-35.209057865488234,93.69991706154768,179.5452655024631,0.9997983878442127
low_windage_119,low_windage,-35.21257714670654,93.7669258871319,179.54568886087515,0.9997584311811122
low_windage_120,low_windage,-35.221176663677056,93.70247156161751,179.5453712164969,0.9997884112879504
low_windage_121,low_windage,-35.22425220526352,93.767794830039,179.54578123286038,0.9997497120164671
low_windage_122,low_windage,-35.18548998844746,93.7658554731846,179.54548024493118,0.9997781214128862
low_windage_123,low_windage,-35.18924003206412,93.75342113373976,179.54543448006592,0.999782440670308
low_windage_124,low_windage,-35.20496844500856,93.71925620799944,179.54534946002855,0.9997904645535708
low_windage_125,low_windage,-35.16472511953043,93.70518073148104,179.54496549037648,0.9998266981523394
low_windage_126,low_windage,-35.23385254702719,93.77519541183077,179.54589685743343,0.9997387974535145
low_windage_127,low_windage,-35.21496286082132,93.75586974321972,179.54564111708115,0.999762937656177
low_windage_128,low_windage,-35.21697177228965,93.70878095038366,179.54537713302548,0.9997878529121622
low_windage_129,low_windage,-35.19679123373812,93.69810822742517,179.545163119732,0.9998080495341372
low_windage_130,low_windage,-35.21406841717211,93.73648732493088,179.54551954534642,0.9997744121904507
low_windage_131,low_windage,-35.24457791742303,93.75767318670276,179.54587313089093,0.9997410372069441
low_windage_132,low_windage,-35.24288368536215,93.71999807308148,179.54563728447172,0.9997632994067681
low_windage_133,low_windage,-35.21822848704884,93.74851579649491,179.54562191906157,0.9997647497034361
low_windage_134,low_windage,-35.20971582643878,93.7465015948972,179.54554637817665,0.9997718796342406
low_windage_135,low_windage,-35.22069921579394,93.724794954213,179.54549982829346,0.9997762731193349
low_windage_136,low_windage,-35.21437053582271,93.70717366673988,179.54534817286176,0.999790586029202
low_windage_137,low_windage,-35.25102390247567,93.76702829885386,179.54597677406593,0.9997312532448004
low_windage_138,low_windage,-35.20888463509631,93.77590515957412,179.54571454950414,0.9997560064219996
low_windage_139,low_windage,-35.23172900462905,93.70208203720014,179.54544781359417,0.9997811822705811
low_windage_140,low_windage,-35.17174763527233,93.72563843351918,179.54513915070584,0.9998103113833158
low_windage_141,low_windage,-35.16956192379672,93.74128324316044,179.54521559002444,0.9998030980580908
low_windage_142,low_windage,-35.22641548001084,93.6752084627432,179.5452490882644,0.9997999368570117
low_windage_143,low_windage,-35.186260375546766,93.73164724932067,179.54528313185705,0.9997967241395268
low_windage_144,low_windage,-35.19720262275104,93.75094273426522,179.54547924223982,0.9997782160472409
low_windage_145,low_windage,-35.20838318904001,93.7120547473692,179.54533232528433,0.9997920816291564
low_windage_146,low_windage,-35.1845357227736,93.71955255528374,179.54519857565316,0.9998047036707667
low_windage_147,low_windage,-35.200209159837776,93.77183497806736,179.54562561568915,0.9997644007904143
low_windage_148,low_windage,-35.20027677298765,93.76164743390866,179.54556568503168,0.9997700573801248
low_windage_149,low_windage,-35.25123354052677,93.7558766641431,179.5459122440592,0.9997373449633254
low_windage_150,low_windage,-35.18122686737301,93.7273693084378,179.54522018778763,0.9998026641739981
low_windage_151,low_windage,-35.254204878834535,93.73498771090183,179.54581071441243,0.9997469291164548
low_windage_152,low_windage,-35.22922652764237,93.75084950644316,179.5457179386308,0.9997556865188671
low_windage_153,low_windage,-35.22592590256346,93.76057830933593,179.54575094611488,0.9997525708815408
low_windage_154,low_windage,-35.229106658299635,93.7314038654258,179.54560182004627,0.9997666467753227
low_windage_155,low_windage,-35.164652027983365,93.70295813271072,179.54495177766285,0.9998279920402113
low_windage_156,low_windage,-35.19105116765221,93.76862952222848,179.54553822026915,0.9997726496033953
low_windage_157,low_windage,-35.19689052962045,93.76461190055116,179.54555798315388,0.9997707843145454
low_windage_158,low_windage,-35.18751901157028,93.74772562227191,179.54538785296796,0.999786841207397
low_windage_159,low_windage,-35.18570131537816,93.77887466522122,179.54555908484144,0.9997706803329757
low_windage_160,low_windage,-35.174670320864635,93.72349624603092,179.54514827525458,0.9998094503437551
low_windage_161,low_windage,-35.18925878010629,93.72419140318377,179.5452613385772,0.999798780792512
low_windage_162,low_windage,-35.23323531277865,93.78937998860746,179.5459763925845,0.9997312892577089
low_windage_163,low_windage,-35.22658480293298,93.76720441238557,179.5457951599079,0.9997483973829481
low_windage_164,low_windage,-35.19193892820022,93.7235923541275,179.54527780769627,0.9997972265877308
low_windage_165,low_windage,-35.19286306133314,93.70304570011506,179.54516300357477,0.9998080604954344
low_windage_166,low_windage,-35.22361976417568,93.7394865168447,179.5456086947066,0.9997659979035554
low_windage_167,low_windage,-35.222357625398146,93.73310263801378,179.5455614370259,0.9997704583244472
low_windage_168,low_windage,-35.15893573655006,93.70002603097902,179.54489172937193,0.9998336579051653
low_windage_169,low_windage,-35.218058807823695,93.7516024477538,179.54563894848795,0.9997631423444446
low_windage_170,low_windage,-35.19226836726278,93.71557698430688,179.54523278054313,0.9998014758094522
low_windage_171,low_windage,-35.20982446761864,93.68927216302018,179.54520822817025,0.9998037927833621
low_windage_172,low_windage,-35.188855859808264,93.7387820404757,179.54534480784616,0.9997909036002777
low_windage_173,low_windage,-35.165615022525365,93.79270707602844,179.54549134202745,0.9997770740621029
low_windage_174,low_windage,-35.181539871334095,93.6976320449132,179.54504635445696,0.9998190679031959
low_windage_175,low_windage,-35.18379135711185,93.7464968611458,179.5453527338023,0.9997901555927015
low_windage_176,low_windage,-35.19825111991192,93.699292579023,179.5451810407435,0.9998063583919422
low_windage_177,low_windage,-35.20355516308663,93.74071780611337,179.54546607101057,0.99977945914816
low_windage_178,low_windage,-35.21058595373495,93.78409387017126,179.54577584550833,0.9997502205492951
low_windage_179,low_windage,-35.20663018665033,93.73459286505869,179.545452742448,0.9997807170902253
low_windage_180,low_windage,-35.164668274216496,93.68039658040207,179.5448182907667,0.9998405869937093
low_windage_181,low_windage,-35.19211903718564,93.72585895090248,179.54529258381916,0.9997958321420127
low_windage_182,low_windage,-35.175399365631016,93.77795295587649,179.54547672970963,0.9997784531805023
low_windage_183,low_windage,-35.18828949033726,93.74079033270424,179.5453524845569,0.999790179115137
low_windage_184,low_windage,-35.19770833144818,93.70820748725644,179.54522977302307,0.9998017596264782
low_windage_185,low_windage,-35.16470980984547,93.72072880589783,179.5450575094479,0.9998180153068618
low_windage_186,low_windage,-35.22283136267734,93.74696528637682,179.54564712366854,0.9997623707078094
low_windage_187,low_windage,-35.187243891468896,93.7075769206046,179.54514785936934,0.9998094895889168
low_windage_188,low_windage,-35.20690350587555,93.74069524982735,179.54549095083613,0.9997771109830755
low_windage_189,low_windage,-35.19933328690736,93.75803884769488,179.54553723623775,0.9997727424791935
low_windage_190,low_windage,-35.17904370626642,93.71540005587671,179.54513295568182,0.9998108959756448
low_windage_191,low_windage,-35.193651824506745,93.74751692001516,179.54543241110142,0.9997826359355617
low_windage_192,low_windage,-35.214207876778644,93.76124400487886,179.54566734448838,0.9997604620978173
low_windage_193,low_windage,-35.19185794669062,93.7307285306091,179.5453194916663,0.9997932927812645
low_windage_194,low_windage,-35.23330701056853,93.740882993493,179.54568937622273,0.999758382537558
low_windage_195,low_windage,-35.19954241639221,93.73114785761152,179.5453793765196,0.9997876411807005
low_windage_196,low_windage,-35.17955015247231,93.76285385863817,179.5454180971557,0.9997839868554428
low_windage_197,low_windage,-35.170305443870674,93.73903126036092,179.54520778545634,0.9998038345614196
low_windage_198,low_windage,-35.17201217885082,93.7624026929228,179.54535916027368,0.9997895490960593
low_windage_199,low_windage,-35.198770929467265,93.6996125326044,179.54518681940206,0.9998058130773685
low_windage_200,low_windage,-35.20948891183379,93.72925571381982,179.5454424765726,0.9997816859721687
low_windage_201,low_windage,-35.20283073086942,93.7319725081488,179.54540882867207,0.9997848615903632
low_windage_202,low_windage,-35.18076648371193,93.72900018858589,179.5452264163065,0.9998020763963896
low_windage_203,low_windage,-35.21871563642715,93.7345578431306,179.54554283994298,0.9997722135843129
low_windage_204,low_windage,-35.19347371099156,93.73978064079746,179.54538521435674,0.9997870902293214
low_windage_205,low_windage,-35.19965112610051,93.6816870817062,179.545087298485,0.9998152043553635
low_windage_206,low_windage,-35.20417394047072,93.74157927667812,179.54547579970748,0.999778540954279
low_windage_207,low_windage,-35.19296463922602,93.77549290192394,179.54559323213263,0.999767457351238
low_windage_208,low_windage,-35.1980193249099,93.7226615027388,179.54531771358737,0.9997934605840245
low_windage_209,low_windage,-35.19679072299241,93.74348343013236,179.54543193894946,0.9997826804964107
low_windage_210,low_windage,-35.189616170469336,93.7220600544339,179.54525137873787,0.9997997207050814
low_windage_211,low_windage,-35.22575306667164,93.74664672834068,179.54566707012972,0.999760487994204
low_windage_212,low_windage,-35.16666930474448,93.75930993888367,179.5453009369335,0.9997950438412474
low_windage_213,low_windage,-35.20491278546867,93.71191640168207,179.54530557153063,0.9997946064633216
low_windage_214,low_windage,-35.19772776198677,93.7298832775422,179.54535832690274,0.9997896277453397
low_windage_215,low_windage,-35.236188247686684,93.73117671289336,179.54565341599024,0.9997617767878717
low_windage_216,low_windage,-35.21104974868993,93.739936006684,179.5455174278646,0.9997746120428155
low_windage_217,low_windage,-35.155974847895315,93.70202796372834,179.54488148484236,0.9998346245129324
low_windage_218,low_windage,-35.23099275638225,93.73466610012926,179.5456352442976,0.9997634919735214
low_windage_219,low_windage,-35.19859855936411,93.74259285857654,179.5454401619587,0.9997819044222039
low_windage_220,low_windage,-35.196231045769466,93.7588875951325,179.54551910369312,0.99977445387463
low_windage_221,low_windage,-35.19944263653371,93.70732916124172,179.5452375303001,0.9998010275782272
low_windage_222,low_windage,-35.21354674589693,93.72134166799546,179.5454259168369,0.9997832488516389
low_windage_223,low_windage,-35.19019694842448,93.74320312782903,179.5453810336488,0.9997874847877287
low_windage_224,low_windage,-35.210226393226485,93.7444451982448,179.54553800278006,0.9997726701306634
low_windage_225,low_windage,-35.20554015787994,93.72022677676613,179.545359481181,0.9997895188104605
low_windage_226,low_windage,-35.16986955259875,93.72868760575903,179.54514320434623,0.9998099288613292
low_windage_227,low_windage,-35.19517394011924,93.6892370967904,179.54509851964576,0.9998141454944077
low_windage_228,low_windage,-35.18270534801866,93.76970178798145,179.5454822822247,0.9997779291322859
low_windage_229,low_windage,-35.17193462137132,93.7333130896502,179.54518604239868,0.9998058864009209
low_windage_230,low_windage,-35.18164820727032,93.78663801096695,179.5455749227436,0.9997691854839237
low_windage_231,low_windage,-35.189446997060344,93.73038015178318,179.54529942017123,0.9997951869814898
low_windage_232,low_windage,-35.20833109172259,93.72508792073948,179.54540913273533,0.9997848328937399
low_windage_233,low_windage,-35.176809990011094,93.72561892835422,179.54517683227687,0.999806755531292
low_windage_234,low_windage,-35.16729617367522,93.7578369967558,179.54529687498734,0.9997954271759442
low_windage_235,low_windage,-35.22025192313952,93.72054412485508,179.54547130808226,0.9997789648741521
low_windage_236,low_windage,-35.17100748073449,93.73495748302636,179.54518887061855,0.9998056195098949
low_windage_237,low_windage,-35.19603320375113,93.72093929859136,179.54529267275385,0.9997958237490784
low_windage_238,low_windage,-35.2244752755949,93.76114786209166,179.54574348373504,0.9997532752736472
low_windage_239,low_windage,-35.231356184325755,93.70503650467782,179.5454625117138,0.9997797950733261
low_windage_240,low_windage,-35.203748462295685,93.7512290959804,179.5455298293968,0.9997734415573754
low_windage_241,low_windage,-35.1864111270595,93.7578448763186,179.54543959775617,0.9997819576708171
low_windage_242,low_windage,-35.21312162206239,93.78964360903969,179.54582771835766,0.9997453240175959
low_windage_243,low_windage,-35.209601067323426,93.70037386883652,179.5452722668011,0.9997977494880899
low_windage_244,low_windage,-35.176907605592724,93.69133392641004,179.54497445993093,0.9998258518092287
low_windage_245,low_windage,-35.22414884115028,93.75958754180104,179.54573179317393,0.9997543787689682
low_windage_246,low_windage,-35.1791330120945,93.70285149619274,179.54505928695826,0.9998178475786499
low_windage_247,low_windage,-35.18434598149129,93.78497412037716,179.5455851771438,0.9997682176236645
low_windage_248,low_windage,-35.204804884692884,93.7262989110544,179.54538995981977,0.999786642370644
low_windage_249,low_windage,-35.18763094197032,93.74842079159136,179.5453928111087,0.9997863732763936
low_windage_250,low_windage,-35.184430900378864,93.71674706129822,179.5451811702227,0.9998063461733981
low_windage_251,low_windage,-35.20950444772555,93.74425354257502,179.54553147313877,0.9997732864166656
low_windage_252,low_windage,-35.24842282893086,93.72691526852158,179.5457196665871,0.9997555234151025
low_windage_253,low_windage,-35.23011417830142,93.7504070091064,179.54572195007958,0.9997553078734401
low_windage_254,low_windage,-35.20250175146428,93.7265690016568,179.54537435261162,0.9997881153155171
low_windage_255,low_windage,-35.22304745486679,93.73177285123312,179.54555871474727,0.9997707152639134
low_windage_256,low_windage,-35.168685541490305,93.75219927653244,179.54527379559275,0.9997976052144827
low_windage_257,low_windage,-35.174500216172504,93.79533141938774,179.5455732126432,0.9997693468910711
low_windage_258,low_windage,-35.163126771642084,93.74073938905104,179.54516433473725,0.9998079348788655
low_windage_259,low_windage,-35.225984477366374,93.74906468370465,179.5456831303719,0.9997589720813489
low_windage_260,low_windage,-35.14960920543872,93.75566218111535,179.54515200684864,0.9998090982101767
low_windage_261,low_windage,-35.20412258920115,93.7257642802911,179.54538169449972,0.9997874224193275
low_windage_262,low_windage,-35.16728748681802,93.7016211446238,179.54496353621542,0.9998268825412563
low_windage_263,low_windage,-35.188328983566024,93.76685882682126,179.5455073916474,0.9997755592792447
low_windage_264,low_windage,-35.158826153381895,93.73289582897849,179.54508572453264,0.9998153528775722
low_windage_265,low_windage,-35.195391023052764,93.70424598027982,179.54518899902544,0.9998056073924947
low_windage_266,low_windage,-35.209982908664934,93.77956877091424,179.5457444894749,0.9997531803395712
low_windage_267,low_windage,-35.186296636648706,93.70502377354272,179.5451256617567,0.9998115842633564
low_windage_268,low_windage,-35.24799965639355,93.70443182027884,179.54558341528636,0.9997683839166938
low_windage_269,low_windage,-35.21611065349834,93.7415755513953,179.5455649591294,0.9997701258938366
low_windage_270,low_windage,-35.19075009357465,93.7072521312484,179.54517212835964,0.9998071994237611
low_windage_271,low_windage,-35.22127554951276,93.72631046338228,179.54551311283686,0.9997750193035377
low_windage_272,low_windage,-35.24167268318827,93.74118108805511,179.54575368373082,0.9997523124707112
low_windage_273,low_windage,-35.177400136235754,93.75750631369172,179.54537032236877,0.9997884956716698
low_windage_274,low_windage,-35.20798132381229,93.69727502234554,179.54524181621315,0.9998006231187543
low_windage_275,low_windage,-35.19472671967685,93.75273619030165,179.54547138766497,0.9997789573631379
low_windage_276,low_windage,-35.183548577141465,93.75642021971248,179.54540977633638,0.9997847721524946
low_windage_277,low_windage,-35.206345920067434,93.74547690956216,179.54551512909475,0.9997748290052958
low_windage_278,low_windage,-35.22292181238106,93.73503659287276,179.54557711177011,0.9997689788733339
low_windage_279,low_windage,-35.18927902450388,93.74717558781089,179.54539773327986,0.9997859087389707
low_windage_280,low_windage,-35.197917771047166,93.73590764498944,179.5453954496801,0.9997861242573245
low_windage_281,low_windage,-35.22342555338724,93.69595727892916,179.5453494760944,0.9997904630373644
low_windage_282,low_windage,-35.21360341946944,93.73192221849295,179.5454890205356,0.9997772931663943
low_windage_283,low_windage,-35.21743580517504,93.70715036381748,179.5453709478922,0.9997884366376366
low_windage_284,low_windage,-35.15853123187597,93.68065454085824,179.54477398738206,0.9998447669944309
low_windage_285,low_windage,-35.15582768840517,93.76560583777317,179.5452574120001,0.9997991513451268
low_windage_286,low_windage,-35.22483507479036,93.68840884712098,179.54531535108487,0.9997936835404064
low_windage_287,low_windage,-35.209022777037376,93.71499599199548,179.54535452366306,0.9997899866752235
low_windage_288,low_windage,-35.19642815144389,93.7535498167177,179.54548891851917,0.9997773027947824
low_windage_289,low_windage,-35.19613754320393,93.74456818277524,179.54543349164314,0.9997825339559467
low_windage_290,low_windage,-35.17039839327515,93.75937655009098,179.54532916066972,0.9997923802852731
low_windage_291,low_windage,-35.202432022577995,93.7270699753031,179.54537679995263,0.9997878843461458
low_windage_292,low_windage,-35.18095768325214,93.70816477787794,179.5451043866184,0.9998135918677576
low_windage_293,low_windage,-35.21344613580131,93.75914775095568,179.5456492232455,0.9997621725330457
low_windage_294,low_windage,-35.22104113270078,93.72089206425552,179.54547926787,0.9997782136282557
low_windage_295,low_windage,-35.20276410032152,93.7128286754084,179.5452949182596,0.9997956118363327
low_windage_296,low_windage,-35.20576345637235,93.72985883109594,179.54541821441632,0.9997839757886723
low_windage_297,low_windage,-35.20963583493502,93.77560363834009,179.54571837065464,0.9997556457396564
low_windage_298,low_windage,-35.223720492312765,93.74784756137107,179.54565899733075,0.9997612499745623
low_windage_299,low_windage,-35.187974785391546,93.72880662426682,179.545279099191,0.9997971047077566
low_windage_300,low_windage,-35.18791355357338,93.6934666347303,179.54506930649333,0.9998169021194955
low_windage_301,low_windage,-35.20714675071833,93.74692080492642,179.5455296710709,0.9997734565005847
low_windage_302,low_windage,-35.236939205419375,93.71785954368865,179.54558016917304,0.9997686903009425
low_windage_303,low_windage,-35.21037390882046,93.7744814247036,179.54571722483794,0.9997557538945473
low_windage_304,low_windage,-35.17989544254545,93.78619036810755,179.54555918505162,0.9997706708747459
low_windage_305,low_windage,-35.18301339314979,93.72164765502446,179.54519962081022,0.9998046050417319
low_windage_306,low_windage,-35.233868623246444,93.7249630127719,179.54559927197965,0.9997668872766251
low_windage_307,low_windage,-35.1974999307125,93.75769553595602,179.54552150891692,0.999774226864377
low_windage_308,low_windage,-35.1677241330403,93.69179023072444,179.5449085723297,0.9998320687019465
low_windage_309,low_windage,-35.188835338984134,93.6915822434083,179.5450650377559,0.9998173049248557
low_windage_310,low_windage,-35.210452793256216,93.7209365099845,179.5454003952406,0.9997856575119027
low_windage_311,low_windage,-35.18736096239352,93.72687888168387,179.54526309021165,0.9997986154898613
low_windage_312,low_windage,-35.1906411674623,93.74951241410788,179.5454217617371,0.9997836410008941
low_windage_313,low_windage,-35.23908494185839,93.72895296519204,179.5456619036356,0.9997609756527966
low_windage_314,low_windage,-35.17532969166382,93.76695813309104,179.54541095142523,0.9997846612508888
low_windage_315,low_windage,-35.20448809608554,93.73303262294505,179.54542749275146,0.9997831001200578
low_windage_316,low_windage,-35.21908735617929,93.72090887332436,179.54546476369245,0.9997795825324461
low_windage_317,low_windage,-35.24164802305482,93.74076239513673,179.54575101888892,0.9997525640122102
low_windage_318,low_windage,-35.200572600102305,93.713370015343,179.54528174936263,0.9997968546075051
low_windage_319,low_windage,-35.226802428589615,93.70176350034828,179.54540908854133,0.9997848370646434
low_windage_320,low_windage,-35.209896478169284,93.70680846435867,179.54531256970682,0.9997939460269953
low_windage_321,low_windage,-35.17972284306694,93.75135119272424,179.5453511489972,0.999790305158002
low_windage_322,low_windage,-35.16749173788055,93.70569697123948,179.54498920589697,0.9998244604115073
low_windage_323,low_windage,-35.16897307079484,93.69256695192692,179.54492249900636,0.9998307546523175
low_windage_324,low_windage,-35.22304090478375,93.74041751719646,179.54560988531887,0.9997658855261956
low_windage_325,low_windage,-35.18463204111886,93.74697983769737,179.54536187468693,0.9997892929234211
low_windage_326,low_windage,-35.21139633925885,93.75427168463573,179.5456049978723,0.9997663468332657
low_windage_327,low_windage,-35.2306527803584,93.74530340827124,179.54569572939266,0.9997577828621433
low_windage_328,low_windage,-35.20404960523886,93.72416705696205,179.54537168631504,0.9997883669486516
low_windage_329,low_windage,-35.23720790390119,93.7345984283038,179.54568130725013,0.9997591441648779
low_windage_330,low_windage,-35.22919344367901,93.7218558792128,179.54554591796642,0.9997719230704202
low_windage_331,low_windage,-35.18721171361082,93.6934345032526,179.5450638726232,0.9998174148686274
low_windage_332,low_windage,-35.18902819567535,93.72480680097335,179.54526326303107,0.9997985991807946
low_windage_333,low_windage,-35.18346551661884,93.73018892599346,179.54525361683602,0.9997995094955806
mid_windage_0,mid_windage,-35.02817916677525,93.76577185670254,179.54430756993307,0.9998887678516651
mid_windage_1,mid_windage,-35.01545903729914,93.76808708210672,179.54422674470564,0.9998963917373058
mid_windage_2,mid_windage,-35.03673817603338,93.7541554188986,179.5443021809488,0.9998892761798615
mid_windage_3,mid_windage,-35.014729868669605,93.79963396572778,179.54440904798707,0.9998791954584905
mid_windage_4,mid_windage,-35.05705524291245,93.80102234036936,179.5447320530643,0.9998487233932764
mid_windage_5,mid_windage,-35.04120600982826,93.78419532653268,179.54451403773697,0.999869291318485
mid_windage_6,mid_windage,-35.05802968819594,93.77682152685364,179.544595356752,0.9998616197996938
mid_windage_7,mid_windage,-35.05208914436141,93.8226085838594,179.5448236010843,0.9998400859621254
mid_windage_8,mid_windage,-35.06267513885181,93.80725622911746,179.54481096045086,0.999841278611222
mid_windage_9,mid_windage,-35.07462756077347,93.772516851981,179.54469331473848,0.9998523781876281
mid_windage_10,mid_windage,-35.07385588615068,93.81281914443012,179.54492726105752,0.9998303053276362
mid_windage_11,mid_windage,-35.03440995778196,93.77355048443486,179.54440017218363,0.9998800327288265
mid_windage_12,mid_windage,-35.086380919851926,93.74511086837772,179.54461803323494,0.9998594804796785
mid_windage_13,mid_windage,-35.04223686376617,93.79521391317456,179.5445872601323,0.9998623836365317
mid_windage_14,mid_windage,-35.066739900778494,93.7599954151977,179.54456017661744,0.9998649386795988
mid_windage_15,mid_windage,-35.02446883323178,93.79528963487984,179.54445558375377,0.9998748055985465
mid_windage_16,mid_windage,-35.082781545189754,93.8019278250055,179.54492889589693,0.9998301510716665
mid_windage_17,mid_windage,-35.063239234488705,93.81768203582016,179.54487720910657,0.9998350279423954
mid_windage_18,mid_windage,-35.06062305895597,93.7851405671285,179.54466412527262,0.9998551320433468
mid_windage_19,mid_windage,-35.01443285099117,93.7587123936638,179.5441633629166,0.9999023700542053
mid_windage_20,mid_windage,-35.05398443679099,93.75550469731456,179.5444385400552,0.9998764133936533
mid_windage_21,mid_windage,-35.056301583664506,93.79483245778874,179.54468961790195,0.999852726964704
mid_windage_22,mid_windage,-35.02274787149171,93.80139568660024,179.5444791359087,0.9998725838150889
mid_windage_23,mid_windage,-35.06593439695089,93.79357523728687,179.54475381792832,0.9998466699422676
mid_windage_24,mid_windage,-35.109621014925985,93.80205919272146,179.5451295380213,0.9998112184818233
mid_windage_25,mid_windage,-35.0686285025123,93.78302544320236,179.54471112843515,0.9998506975504179
mid_windage_26,mid_windage,-34.98897004438506,93.78247029399616,179.54411544834488,0.9999068893469355
mid_windage_27,mid_windage,-35.058106237231094,93.77832844255674,179.54460488650454,0.9998607207570062
mid_windage_28,mid_windage,-35.03480019312135,93.78505486873556,179.54447150520562,0.9998733036572665
mid_windage_29,mid_windage,-35.04080163154628,93.7943646390469,179.54457153183324,0.9998638674391663
mid_windage_30,mid_windage,-35.10201852848999,93.79037421829608,179.5450034385984,0.9998231174350187
mid_windage_31,mid_windage,-35.08562400034939,93.8071862179345,179.54498133587535,0.999825203011086
mid_windage_32,mid_windage,-35.0810386299604,93.81137460415005,179.54497212256555,0.999826072357109
mid_windage_33,mid_windage,-35.08325849286223,93.77860126201932,179.5447937433974,0.9998429030358683
mid_windage_34,mid_windage,-35.05581770569421,93.80382283009784,179.54473951060334,0.9998480197987776
mid_windage_35,mid_windage,-35.075419016733434,93.793083939945,179.54482148827378,0.9998402853071903
mid_windage_36,mid_windage,-35.02698772307098,93.78039326982264,179.54438567274514,0.9998814004790094
mid_windage_37,mid_windage,-35.08723210996833,93.81282591822406,179.5450268596297,0.9998209074415051
mid_windage_38,mid_windage,-35.01848264802296,93.8122553383089,179.54451209332262,0.9998694747480782
mid_windage_39,mid_windage,-35.05343097703273,93.8268210863446,179.54485866495412,0.9998367776334353
mid_windage_40,mid_windage,-35.05988575072602,93.78431249258232,179.54465371380635,0.9998561142951019
mid_windage_41,mid_windage,-35.11456355408858,93.75051137320042,179.54486010681282,0.9998366415907163
mid_windage_42,mid_windage,-35.09041533120184,93.79736319599178,179.5449585816615,0.9998273500376872
mid_windage_43,mid_windage,-35.011382122737515,93.79596132295347,179.54436230161787,0.9998836050867074
mid_windage_44,mid_windage,-35.04079144008999,93.75872292662572,179.54435948711782,0.9998838705779478
mid_windage_45,mid_windage,-35.02642198617823,93.76974434288636,179.54431812446137,0.9998877722679809
mid_windage_46,mid_windage,-35.05661117924943,93.76233808615068,179.54449870103275,0.9998707381275953
mid_windage_47,mid_windage,-35.073997436779955,93.78803850057828,179.54478090165387,0.9998441146424109
mid_windage_48,mid_windage,-35.09203239702934,93.76585314244258,179.5447833303987,0.9998438854931688
mid_windage_49,mid_windage,-35.04144058761673,93.78874276865594,179.5445428350229,0.9998665746581584
mid_windage_50,mid_windage,-35.067984913270024,93.8019325315797,179.5448187935076,0.9998405395598644
mid_windage_51,mid_windage,-35.07859668758764,93.78277721060546,179.5447838577232,0.9998438357406835
mid_windage_52,mid_windage,-35.06031122505198,93.77488007444494,179.54460079355545,0.9998611068888322
mid_windage_53,mid_windage,-35.079876826582094,93.76488616664768,179.54468705304788,0.999852968944828
mid_windage_54,mid_windage,-35.04814353336766,93.75350674744313,179.54438319553674,0.9998816341562284
mid_windage_55,mid_windage,-35.0740262453445,93.79755306569834,179.54483770256815,0.9998387554726573
mid_windage_56,mid_windage,-35.06114724707927,93.78817926806812,179.54468609833657,0.9998530590166061
mid_windage_57,mid_windage,-35.07132720191046,93.80371366320408,179.5448542632195,0.9998371929467452
mid_windage_58,mid_windage,-35.03862673853973,93.78954013459376,179.54452664988509,0.9998681015261649
mid_windage_59,mid_windage,-35.06631125526437,93.75831428824084,179.54454699611,0.999866182109031
mid_windage_60,mid_windage,-35.06226081636216,93.7908124175347,179.54471004647962,0.9998507996281641
mid_windage_61,mid_windage,-35.03095693059521,93.81845498783868,179.54464173705972,0.9998572442144669
mid_windage_62,mid_windage,-35.048007732701514,93.81315703180812,179.54473697419152,0.9998482591012465
mid_windage_63,mid_windage,-35.03638471810358,93.8074987336732,179.54461685522293,0.9998595916149748
mid_windage_64,mid_windage,-35.03042805973371,93.81772248632696,179.54463344314877,0.9998580266811418
mid_windage_65,mid_windage,-35.04883896596478,93.71834426416122,179.54417952902173,0.9999008452470318
mid_windage_66,mid_windage,-35.06439166585509,93.81911548897214,179.54489431567154,0.999833413877857
mid_windage_67,mid_windage,-35.074228921644696,93.79543250589994,179.54482659803475,0.9998398031975269
mid_windage_68,mid_windage,-35.057836360866794,93.78611243579373,179.54464916808166,0.9998565431520907
mid_windage_69,mid_windage,-35.066472091718964,93.77143245782575,179.5446261551519,0.9998587142449997
mid_windage_70,mid_windage,-35.04577294841903,93.7791312532144,179.54451789103103,0.999868927811014
mid_windage_71,mid_windage,-35.08948182430251,93.7945125801073,179.54493467936481,0.9998296053691179
mid_windage_72,mid_windage,-35.04039637943007,93.8184771284394,179.54471204843693,0.9998506107522541
mid_windage_73,mid_windage,-35.06338043425562,93.80705641679272,179.54481501906454,0.9998408956800954
mid_windage_74,mid_windage,-35.01730168434318,93.78298487166484,179.54432907231956,0.9998867395771016
mid_windage_75,mid_windage,-35.05942530830424,93.81053496614804,179.5448062947649,0.9998417188188373
mid_windage_76,mid_windage,-35.046147811382184,93.77973403387456,179.54452426481973,0.9998683265266461
mid_windage_77,mid_windage,-35.05964829895992,93.81945718885788,179.54486106300592,0.999836551371623
mid_windage_78,mid_windage,-35.05540054489286,93.8040549954399,179.54473778877792,0.999848182247616
mid_windage_79,mid_windage,-35.0571422712912,93.77290595517093,179.5445654723592,0.9998644390850007
mid_windage_80,mid_windage,-35.02721907308906,93.8016175911186,179.54451369695843,0.9998693234664133
mid_windage_81,mid_windage,-35.036080772212976,93.82522872259388,179.54472017130536,0.9998498443933137
mid_windage_82,mid_windage,-35.05269090223122,93.7785699042185,179.5445660245309,0.9998643869936434
mid_windage_83,mid_windage,-35.02109732507802,93.7630866629024,179.54423893322357,0.999895242067304
mid_windage_84,mid_windage,-35.06078121327511,93.83568352806456,179.54496611211349,0.9998266394870199
mid_windage_85,mid_windage,-35.036599438889624,93.77379832255288,179.54441793229265,0.9998783573825694
mid_windage_86,mid_windage,-35.05419650556988,93.80129068877312,179.54471238201225,0.9998505792808655
mid_windage_87,mid_windage,-35.08744012347372,93.80069057442512,179.5449562183701,0.9998275730301857
mid_windage_88,mid_windage,-35.06835845623316,93.77071778281686,179.5446359493904,0.9998577902368578
mid_windage_89,mid_windage,-35.049565128298035,93.78053221238586,179.54455443656383,0.9998654801886682
mid_windage_90,mid_windage,-35.05567567177055,93.8262060423124,179.5448716968837,0.9998355480371856
mid_windage_91,mid_windage,-35.065816872032165,93.74431465350943,179.54446014818302,0.9998743750168302
mid_windage_92,mid_windage,-35.01385997989096,93.75449453840014,179.54413402415852,0.9999051372922553
mid_windage_93,mid_windage,-35.07230363919132,93.7997141903708,179.54483773687042,0.9998387522361915
mid_windage_94,mid_windage,-35.01701647890538,93.79019472717,179.54436985753043,0.9998828923371803
mid_windage_95,mid_windage,-35.05616254732638,93.76020306149329,179.54448267294183,0.9998722501482669
mid_windage_96,mid_windage,-35.08453857440253,93.79877093104386,179.54492319922372,0.9998306885831755
mid_windage_97,mid_windage,-35.04579444736994,93.83160262626082,179.544830355991,0.9998394486308687
mid_windage_98,mid_windage,-35.07738965100137,93.76333052377562,179.54465928853818,0.9998555883572902
mid_windage_99,mid_windage,-35.03781090495628,93.84312562190368,179.54483965772664,0.9998385710007383
mid_windage_100,mid_windage,-35.05592177183827,93.84165035408562,179.5449655157095,0.9998266957619896
mid_windage_101,mid_windage,-35.0464532483898,93.8246784389695,179.54479401472668,0.9998428774361241
mid_windage_102,mid_windage,-35.05777176010839,93.74720284079916,179.54441740640925,0.9998784069903961
mid_windage_103,mid_windage,-34.98672882394057,93.82264442985594,179.54433808621584,0.9998858893091476
mid_windage_104,mid_windage,-35.03871576639761,93.7472223228714,179.54427569295152,0.9998917747013641
mid_windage_105,mid_windage,-35.09241306552347,93.79109413869416,179.54493618060218,0.9998294637187273
mid_windage_106,mid_windage,-35.04060901590157,93.7893883660704,179.5445404906711,0.9998667958195512
mid_windage_107,mid_windage,-35.05475701529566,93.7640816811224,179.54449526426163,0.9998710623386741
mid_windage_108,mid_windage,-35.04442247680243,93.80713835449512,179.54467448233765,0.9998541549191226
mid_windage_109,mid_windage,-35.05984284264951,93.78447571412188,179.544654365181,0.9998560528424322
mid_windage_110,mid_windage,-35.01474128248643,93.81355972825484,179.54449205648987,0.9998713649463978
mid_windage_111,mid_windage,-35.10086085542421,93.7931430137856,179.54501127614571,0.999822377891832
mid_windage_112,mid_windage,-35.084485456522486,93.75548367836866,179.54466551687554,0.9998550007546079
mid_windage_113,mid_windage,-35.0823477416625,93.7865786311473,179.54483438611786,0.9998390683839521
mid_windage_114,mid_windage,-35.082250625500315,93.78984295894544,179.54485307228467,0.9998373053139058
mid_windage_115,mid_windage,-35.0680126190118,93.74355488952436,179.54447198584054,0.999873258316661
mid_windage_116,mid_windage,-35.09808198005929,93.77118314512488,179.54486006153414,0.9998366458628666
mid_windage_117,mid_windage,-35.026778026860846,93.797412513252,179.54448538746104,0.9998719940730987
mid_windage_118,mid_windage,-34.999099140401974,93.82146181038824,179.54442291320834,0.9998778875203691
mid_windage_119,mid_windage,-35.095077299698104,93.74696240283689,179.54469381687366,0.9998523308137682
mid_windage_120,mid_windage,-35.04968052537401,93.795136802928,179.5446421703098,0.9998572033405705
mid_windage_121,mid_windage,-35.05042215977258,93.7949260328002,179.54464643339745,0.9998568011497638
mid_windage_122,mid_windage,-35.089590793921666,93.80126719638044,179.54497566024202,0.9998257385508164
mid_windage_123,mid_windage,-35.084407766055854,93.83385435815768,179.54513099496552,0.9998110809979256
mid_windage_124,mid_windage,-35.04404231000267,93.7909996403305,179.54457561445852,0.9998634822866944
mid_windage_125,mid_windage,-35.04958842142877,93.73796857926344,179.54430163626293,0.999889327558521
mid_windage_126,mid_windage,-35.07458730485742,93.83611671817164,179.54507139269984,0.999816705261184
mid_windage_127,mid_windage,-35.04338978361335,93.7877692706266,179.54455154236328,0.9998657532231573
mid_windage_128,mid_windage,-35.08892289043364,93.78293156086424,179.5448616637973,0.9998364946855077
mid_windage_129,mid_windage,-35.0052576692602,93.83471363177324,179.54454763428916,0.9998661219043409
mid_windage_130,mid_windage,-35.037354849355985,93.81064394738203,179.5446427932381,0.9998571445719415
mid_windage_131,mid_windage,-35.08412419774589,93.77321089336938,179.54476815190975,0.9998453175615238
mid_windage_132,mid_windage,-35.04150700962916,93.78772007869712,179.54453724486442,0.9998671020219589
mid_windage_133,mid_windage,-35.07929616129184,93.7955309350538,179.54486490250218,0.999836189105605
mid_windage_134,mid_windage,-35.04829826200997,93.75553755198334,179.54439641550448,0.9998803871019847
mid_windage_135,mid_windage,-35.05598815536257,93.7913221700395,179.54466640361093,0.9998549170968107
mid_windage_136,mid_windage,-35.05877976044117,93.82691498525637,179.54489900591827,0.9998329713342821
mid_windage_137,mid_windage,-35.00024305103062,93.79153242228637,179.5442531547811,0.99989390062435
mid_windage_138,mid_windage,-35.073957015450205,93.7835614758216,179.5447539798478,0.9998466546655604
mid_windage_139,mid_windage,-35.00938190037226,93.805583780375,179.54440472870235,0.9998796029047508
mid_windage_140,mid_windage,-35.05497925695933,93.78745484879916,179.54463589296122,0.9998577955605118
mid_windage_141,mid_windage,-35.039352984205514,93.8041432630669,179.54461895370014,0.9998593936416643
mid_windage_142,mid_windage,-35.04022620434295,93.74845363906572,179.5442942491757,0.9998900243600088
mid_windage_143,mid_windage,-35.028609757222895,93.77079370770684,179.54434063629213,0.9998856487634297
mid_windage_144,mid_windage,-35.0318258701178,93.77935212262894,179.54441545959793,0.999878590637613
mid_windage_145,mid_windage,-35.07603855923995,93.81312741421796,179.5449453388652,0.9998285995816661
mid_windage_146,mid_windage,-35.0930289607842,93.75781009751032,179.54474297563445,0.9998476928835318
mid_windage_147,mid_windage,-35.0371089982222,93.81640533790906,179.54467526894086,0.9998540807078379
mid_windage_148,mid_windage,-35.043398863197964,93.75733881018652,179.54437066150155,0.9998828164984014
mid_windage_149,mid_windage,-35.04038723483806,93.8278157433493,179.5447675966659,0.9998453699477756
mid_windage_150,mid_windage,-35.063337303785566,93.7578777180938,179.5445222617589,0.9998685154896749
mid_windage_151,mid_windage,-35.03760723658367,93.81049320279352,179.54464377244523,0.9998570521910323
mid_windage_152,mid_windage,-35.066072516318094,93.77856981057732,179.54466561128314,0.9998549918478582
mid_windage_153,mid_windage,-35.034565954062145,93.77895960203202,179.54443350420266,0.9998768884417337
mid_windage_154,mid_windage,-35.03856190315448,93.75798045385211,179.54433848524226,0.9998858516694709
mid_windage_155,mid_windage,-35.03256013237553,93.757242605679,179.5442894478303,0.999890477255006
mid_windage_156,mid_windage,-35.06137283905359,93.73959112860136,179.54439900463024,0.9998801428659511
mid_windage_157,mid_windage,-35.01884777745211,93.79475644240304,179.54441062200294,0.9998790469784005
mid_windage_158,mid_windage,-35.03697075070626,93.79590629248833,179.54455221472156,0.9998656897939306
mid_windage_159,mid_windage,-35.04511358399581,93.7961608469696,179.54461429170092,0.9998598334609993
mid_windage_160,mid_windage,-35.076120050608175,93.75510928225856,179.5446009903751,0.9998610883207385
mid_windage_161,mid_windage,-35.02827715871946,93.81368825215864,179.54459342941104,0.9998618016257225
mid_windage_162,mid_windage,-35.02210572934428,93.77016435407064,179.54428852357447,0.9998905644368752
mid_windage_163,mid_windage,-35.010942392769394,93.77885476678128,179.5442572219398,0.9998935169894871
mid_windage_164,mid_windage,-35.0373181951606,93.7943153479883,179.54454533122117,0.9998663391716041
mid_windage_165,mid_windage,-35.048996850290386,93.78498071020528,179.54457666652726,0.9998633830350251
mid_windage_166,mid_windage,-35.03664735899561,93.77720028931547,179.54443852150942,0.9998764151431391
mid_windage_167,mid_windage,-35.067321151790075,93.81705469803047,179.54490384403726,0.9998325148373246
mid_windage_168,mid_windage,-35.07215711636994,93.80724502308284,179.54488145029916,0.9998346277721986
mid_windage_169,mid_windage,-35.03544945623425,93.79724008691431,179.54454883905723,0.9998660082486076
mid_windage_170,mid_windage,-35.044192483001005,93.8096802410897,179.54468790263718,0.9998528887907008
mid_windage_171,mid_windage,-35.088232277030535,93.79267445564474,179.54491444531354,0.9998315145584454
mid_windage_172,mid_windage,-35.04149581780515,93.76211871111228,179.54438491364988,0.9998814720851538
mid_windage_173,mid_windage,-35.08153750103928,93.7479426500442,179.54459877068606,0.9998612977275371
mid_windage_174,mid_windage,-35.04018892107463,93.80490573842324,179.5446297086518,0.9998583790011787
mid_windage_175,mid_windage,-35.023205687737025,93.80210561873297,179.54448676560094,0.9998718640656372
mid_windage_176,mid_windage,-35.05944561011735,93.7760036621469,179.5446010314924,0.9998610844417066
mid_windage_177,mid_windage,-35.06225333784438,93.75284956078748,179.54448431654686,0.9998720950982216
mid_windage_178,mid_windage,-35.030065673283765,93.81232586560574,179.54459861276422,0.9998613126259704
mid_windage_179,mid_windage,-35.00914774487452,93.72976145214756,179.54395197843598,0.9999223070151039
mid_windage_180,mid_windage,-35.056337517913455,93.79485531783284,179.54469002125938,0.9998526889100824
mid_windage_181,mid_windage,-35.05827138145395,93.81749799669612,179.54483915712595,0.9998386182331254
mid_windage_182,mid_windage,-35.06895012348063,93.77212413908616,179.54464871332567,0.999856586055052
mid_windage_183,mid_windage,-35.09582397263296,93.7538430748537,179.54474023797505,0.9998479511734929
mid_windage_184,mid_windage,-35.08612461753074,93.78824760801471,179.5448724304662,0.9998354788215507
mid_windage_185,mid_windage,-35.05825270114616,93.74627201685304,179.54441545720385,0.9998785908634517
mid_windage_186,mid_windage,-35.09135701816668,93.75655821969768,179.5447230848578,0.9998495695110013
mid_windage_187,mid_windage,-35.05622494050483,93.82373757082632,179.54486108353257,0.9998365494348851
mid_windage_188,mid_windage,-35.05232901891912,93.82607022484729,179.54484599824107,0.99983797276321
mid_windage_189,mid_windage,-35.04589696033357,93.78244515720768,179.5445385232409,0.9998669814227328
mid_windage_190,mid_windage,-35.037247858103235,93.76520530489836,179.54437165932893,0.9998827223730762
mid_windage_191,mid_windage,-35.040570184631875,93.76088053791642,179.54437066627548,0.9998828160480747
mid_windage_192,mid_windage,-35.08885083237314,93.80875999674316,179.54501472030887,0.9998220529031371
mid_windage_193,mid_windage,-35.044759956458265,93.78168042715706,179.54452551615935,0.9998682084787526
mid_windage_194,mid_windage,-35.082705239077995,93.78524456712124,179.54482911627923,0.9998395655988941
mid_windage_195,mid_windage,-35.052101992955194,93.7814864464622,179.54457898690322,0.999863164131674
mid_windage_196,mid_windage,-35.03515103936188,93.87070266323852,179.5449842997861,0.9998249233426932
mid_windage_197,mid_windage,-35.03248326833415,93.8023895312365,179.5445574316337,0.999865197637921
mid_windage_198,mid_windage,-35.07800179754772,93.766156450087,179.54468063869987,0.9998535741026057
mid_windage_199,mid_windage,-35.04997929785806,93.8223895926198,179.54480660610997,0.9998416894434504
mid_windage_200,mid_windage,-35.049477589162954,93.79891271942763,179.544663127852,0.9998552261434793
mid_windage_201,mid_windage,-35.0646067941719,93.76181395481828,179.54455510286124,0.9998654173311275
mid_windage_202,mid_windage,-35.04573703870452,93.77100780701564,179.5444693174337,0.9998735100401882
mid_windage_203,mid_windage,-35.019004822973706,93.7570640366148,179.54418756109692,0.9999000876473041
mid_windage_204,mid_windage,-35.024698668447336,93.73825381315028,179.54411811139195,0.999906638171596
mid_windage_205,mid_windage,-35.00241610132308,93.87583139386072,179.54477176796462,0.999844976392951
mid_windage_206,mid_windage,-35.08119940783006,93.76768419417506,179.544713528209,0.9998504711421201
mid_windage_207,mid_windage,-35.04432876035135,93.81163522685986,179.54470055409524,0.9998516951906188
mid_windage_208,mid_windage,-35.04108471321635,93.79691674232608,179.54458882377116,0.9998622361227362
mid_windage_209,mid_windage,-35.052798968251416,93.8296623993153,179.54487088580728,0.9998356245645651
mid_windage_210,mid_windage,-35.0705080586971,93.73784222132416,179.54445664448897,0.9998747055350389
mid_windage_211,mid_windage,-35.0622434844444,93.81248354228936,179.54483885840818,0.9998386464175655
mid_windage_212,mid_windage,-35.05844737107116,93.80636722572416,179.54477421556695,0.9998447454655355
mid_windage_213,mid_windage,-35.02159252115585,93.7216013998494,179.5439960801791,0.9999181476771284
mid_windage_214,mid_windage,-35.02085436279344,93.81415759348542,179.5445410495946,0.999866743091863
mid_windage_215,mid_windage,-35.038756786361,93.7754479003397,179.54444379034868,0.9998759181154552
mid_windage_216,mid_windage,-35.06522428266622,93.80746421185542,179.54483116504133,0.9998393722961356
mid_windage_217,mid_windage,-35.03334364469965,93.77943618184425,179.54442724790837,0.999877478616391
mid_windage_218,mid_windage,-35.04470152205407,93.82241363975106,179.54476750166725,0.9998453789107252
mid_windage_219,mid_windage,-35.052996784198335,93.72233032161292,179.54423414866707,0.9998956933667039
mid_windage_220,mid_windage,-35.04260791387704,93.78966721774896,179.5445570177319,0.9998652366848682
mid_windage_221,mid_windage,-35.041791821949026,93.77544061976516,179.54446632484286,0.9998737923451553
mid_windage_222,mid_windage,-35.05127771655043,93.82177707301304,179.54481261520618,0.9998411224847698
mid_windage_223,mid_windage,-35.051846959309366,93.7785562478221,179.54455966365134,0.9998649870722027
mid_windage_224,mid_windage,-35.06286227629064,93.82192552017722,179.54489966644633,0.9998329090107329
mid_windage_225,mid_windage,-35.0524051413716,93.7571922383933,179.54443681397152,0.9998765762207789
mid_windage_226,mid_windage,-35.05767397247203,93.8050681158187,179.54476073081506,0.9998460177272259
mid_windage_227,mid_windage,-35.072534719357435,93.7626877194268,179.54461931879686,0.9998593591979024
mid_windage_228,mid_windage,-35.05019558157155,93.79420968527717,179.54464048583526,0.9998573622580653
mid_windage_229,mid_windage,-35.06607039988484,93.82173191695368,179.54492238040103,0.9998307658433435
mid_windage_230,mid_windage,-35.03878151943411,93.7822182113422,179.54448424269873,0.9998721020647127
mid_windage_231,mid_windage,-35.08951519329726,93.7860815791452,179.5448848002241,0.9998343116954025
mid_windage_232,mid_windage,-35.06965537348808,93.76102039909055,179.5445879732139,0.999862316364378
mid_windage_233,mid_windage,-35.05651780182231,93.8086421968784,179.54477339985968,0.9998448224262584
mid_windage_234,mid_windage,-35.06246262134119,93.73853150733888,179.54440082602656,0.9998799710507804
mid_windage_235,mid_windage,-35.064049709146786,93.77767513765144,179.54464523601888,0.9998569141136633
mid_windage_236,mid_windage,-35.05676312719541,93.76506131538552,179.54451601781366,0.9998691045244497
mid_windage_237,mid_windage,-35.079059363309725,93.8133097610974,179.54496890591707,0.9998263758715145
mid_windage_238,mid_windage,-35.0387952096058,93.79055920113063,179.54453396612521,0.9998674113306665
mid_windage_239,mid_windage,-35.02819867060925,93.7880762978093,179.54444038898046,0.9998762389783322
mid_windage_240,mid_windage,-35.06140338987207,93.77830159730598,179.54462926490518,0.9998584208650947
mid_windage_241,mid_windage,-35.067903067925506,93.7683831758324,179.54461868307158,0.9998594191731571
mid_windage_242,mid_windage,-35.076948500620766,93.7997427366369,179.54487247832378,0.9998354743060484
mid_windage_243,mid_windage,-35.07131152694445,93.77483386134357,179.54468239977234,0.9998534079554754
mid_windage_244,mid_windage,-35.095701774455456,93.753582416686,179.54473777959262,0.9998481831142199
mid_windage_245,mid_windage,-35.0651524396855,93.73047484422172,179.5443730164366,0.9998825943566735
mid_windage_246,mid_windage,-35.065630167064704,93.8091882125101,179.54484444430918,0.999838119379301
mid_windage_247,mid_windage,-35.02181721190672,93.8299220816084,179.544642112725,0.999857208773265
mid_windage_248,mid_windage,-35.05238476373679,93.80129047885131,179.54469890290682,0.9998518509721755
mid_windage_249,mid_windage,-35.07751732275035,93.78929512688688,179.54481457652574,0.9998409374337688
mid_windage_250,mid_windage,-35.066813418055354,93.78485135451804,179.5447084760045,0.9998509477954913
mid_windage_251,mid_windage,-35.04533405226812,93.81636201087096,179.54473617112168,0.9998483348682967
mid_windage_252,mid_windage,-35.10119346377507,93.73844865781604,179.5446888513765,0.9998527992822708
mid_windage_253,mid_windage,-35.0293980379432,93.77560508460432,179.54437511508107,0.9998823963907012
mid_windage_254,mid_windage,-35.058693298151454,93.806301149839,179.5447756519629,0.9998446099437182
mid_windage_255,mid_windage,-35.036543706900765,93.84319783081148,179.54483066905524,0.9998394190929375
mid_windage_256,mid_windage,-35.048325679076434,93.80367599537632,179.54468290541186,0.9998533602512484
mid_windage_257,mid_windage,-35.08374370893071,93.7968578850518,179.54490590395696,0.9998323204748822
mid_windage_258,mid_windage,-35.00880069820096,93.7735061215496,179.54420947831414,0.9998980203612641
mid_windage_259,mid_windage,-35.07484145675495,93.80150547173751,179.54486728109634,0.9998359646789979
mid_windage_260,mid_windage,-35.06789021404678,93.80665343474612,179.54484617767548,0.9998379558332643
mid_windage_261,mid_windage,-35.04048736532244,93.83672380590036,179.5448214075065,0.9998402929276323
mid_windage_262,mid_windage,-35.04392839530372,93.81022636792348,179.54468918967567,0.9998527673655611
mid_windage_263,mid_windage,-35.04495422386756,93.78616581079166,179.54455364124794,0.9998655552175998
mid_windage_264,mid_windage,-35.05447165691673,93.78996506626726,179.54464704751533,0.9998567432122137
mid_windage_265,mid_windage,-35.022436650512645,93.77814492971878,179.54433845532955,0.9998858544911009
mid_windage_266,mid_windage,-35.054800780093736,93.76530645658497,179.54450286999386,0.9998703448439602
mid_windage_267,mid_windage,-35.08728910768566,93.7741823691484,179.5447974946444,0.9998425491078027
mid_windage_268,mid_windage,-35.05928003180027,93.73486974253582,179.54435538370598,0.9998842576513445
mid_windage_269,mid_windage,-35.077717244861965,93.82010054806184,179.54499933108136,0.9998235050151425
mid_windage_270,mid_windage,-35.043388861531184,93.77124328802564,179.54445324679585,0.9998750260532046
mid_windage_271,mid_windage,-35.05563449655157,93.7906945276826,179.54466003867276,0.9998555175871174
mid_windage_272,mid_windage,-35.07496867872768,93.7437554255353,179.54452497909472,0.9998682591439425
mid_windage_273,mid_windage,-35.085030718387735,93.77503334359568,179.54478573374055,0.9998436587404065
mid_windage_274,mid_windage,-35.08213957992095,93.77698951605986,179.54477583157333,0.9998445929977359
mid_windage_275,mid_windage,-35.03305751580754,93.80551018305168,179.54458027781453,0.9998630423475053
mid_windage_276,mid_windage,-35.06727928230776,93.76562905396808,179.5445976707119,0.9998614014996778
mid_windage_277,mid_windage,-35.029125008809764,93.7929843957679,179.54447648364734,0.9998728340163929
mid_windage_278,mid_windage,-35.05574584556459,93.80897014002652,179.5447696090545,0.9998451800824879
mid_windage_279,mid_windage,-35.07163666971185,93.74305181579471,179.54449598576412,0.9998709942750937
mid_windage_280,mid_windage,-35.0756719803168,93.77784060324367,179.5447327356559,0.999848658993088
mid_windage_281,mid_windage,-35.03620399475975,93.77156260065595,179.5444016951411,0.9998798890657914
mid_windage_282,mid_windage,-35.04281984969377,93.73850833427998,179.54425446291023,0.9998937772351132
mid_windage_283,mid_windage,-35.0283597355084,93.81154232996228,179.54458126508345,0.9998629492088141
mid_windage_284,mid_windage,-35.00337448715159,93.79911501702352,179.54432156869512,0.9998874473804701
mid_windage_285,mid_windage,-35.03646087661994,93.77238066775402,179.54440847085579,0.9998792499004202
mid_windage_286,mid_windage,-35.0147907072353,93.75510567326651,179.5441445788216,0.9999041417786146
mid_windage_287,mid_windage,-35.088468986394254,93.80822405460756,179.54500868930575,0.999822621983791
mid_windage_288,mid_windage,-35.036428120783775,93.79441123793134,179.54453928243592,0.9998669098019096
mid_windage_289,mid_windage,-35.10805287019842,93.79981348918858,179.54510450446145,0.999813580747687
mid_windage_290,mid_windage,-35.09643545803068,93.77020649092474,179.54484199329582,0.9998383506363173
mid_windage_291,mid_windage,-35.05307733575538,93.79901530708212,179.54469051684916,0.9998526421538215
mid_windage_292,mid_windage,-35.14123324941261,93.79382524935,179.54531616688664,0.9997936065507975
mid_windage_293,mid_windage,-35.04587249517427,93.76916985708166,179.5444593974726,0.9998744458345517
mid_windage_294,mid_windage,-35.05600444073601,93.75889753578382,179.54447373747925,0.9998730930760632
mid_windage_295,mid_windage,-35.089714372125506,93.77363343165952,179.54481229461655,0.9998411527324671
mid_windage_296,mid_windage,-35.039601842193534,93.84100224060344,179.54484031702944,0.999838508794565
mid_windage_297,mid_windage,-35.02546048304855,93.80198150498444,179.54450278911523,0.9998703524737448
mid_windage_298,mid_windage,-35.06289014608466,93.78687593259676,179.5446913172001,0.9998525666449419
mid_windage_299,mid_windage,-35.03444357965584,93.79432103409216,179.54452398730191,0.9998683527068939
mid_windage_300,mid_windage,-35.06369121245027,93.75103682914116,179.5444842519289,0.9998721011939804
mid_windage_301,mid_windage,-35.08369861019282,93.80929680066922,179.54497955953704,0.9998253706224468
mid_windage_302,mid_windage,-35.05933404126392,93.80159785593946,179.5447524317769,0.9998468007222208
mid_windage_303,mid_windage,-35.03999502712567,93.8156604544863,179.5446922923976,0.999852474640173
mid_windage_304,mid_windage,-35.07267881455099,93.79404421803582,179.5448068031018,0.9998416708572819
mid_windage_305,mid_windage,-35.0176272268016,93.8060423630642,179.54446873798125,0.9998735647026566
mid_windage_306,mid_windage,-35.060150265513485,93.80128515876856,179.54475664414,0.9998464032959258
mid_windage_307,mid_windage,-35.04284624553825,93.82763786004044,179.54478481981928,0.9998437449679427
mid_windage_308,mid_windage,-34.98813645362553,93.74772859779404,179.54390255852752,0.9999269678172062
mid_windage_309,mid_windage,-35.03461286516452,93.7835303041026,179.54446104220588,0.9998742906798013
mid_windage_310,mid_windage,-35.05265188247867,93.8013327984208,179.544701141841,0.999851639739651
mid_windage_311,mid_windage,-35.080426274760924,93.7733304878095,179.54474132611867,0.9998478485104436
mid_windage_312,mid_windage,-35.035056734729494,93.82007641455128,179.5446818720333,0.9998534577446555
mid_windage_313,mid_windage,-35.03380708263537,93.79145180794004,179.54450218016078,0.9998704099201944
mid_windage_314,mid_windage,-35.02775929406877,93.78809805798782,179.54443725130778,0.9998765349654297
mid_windage_315,mid_windage,-35.05444280862118,93.7881569670772,179.54463607774508,0.9998577781275901
mid_windage_316,mid_windage,-35.03856823700777,93.78598812621516,179.54450508249718,0.9998701361246524
mid_windage_317,mid_windage,-35.07370168737791,93.8094866862034,179.54490628331465,0.9998322846808025
mid_windage_318,mid_windage,-35.04375140627417,93.81024004806396,179.54468795488106,0.9998528838617744
mid_windage_319,mid_windage,-35.03832326147885,93.77051952630154,179.54441125747314,0.9998789870331838
mid_windage_320,mid_windage,-35.05590087489227,93.80412334371684,179.54474191763836,0.9998477927023325
mid_windage_321,mid_windage,-35.005845731983136,93.7988110189548,179.54433812231554,0.9998858859039078
mid_windage_322,mid_windage,-35.01662771600852,93.75361905084546,179.54414940132637,0.9999036869192865
mid_windage_323,mid_windage,-35.08232481895838,93.80489409271566,179.5449431409308,0.9998288069703094
mid_windage_324,mid_windage,-35.00732963928406,93.8017002263788,179.54436635253896,0.9998832229634834
mid_windage_325,mid_windage,-35.075083480116625,93.78849140193904,179.54479167925422,0.9998430977863583
mid_windage_326,mid_windage,-35.04188683652046,93.73898403563882,179.5442503448626,0.9998941656695578
mid_windage_327,mid_windage,-35.03433315734642,93.83983123601936,179.54479417644168,0.9998428621784143
mid_windage_328,mid_windage,-35.083869040040625,93.74226933538294,179.54458244890782,0.9998628375270754
mid_windage_329,mid_windage,-35.04948545429264,93.7986649252283,179.5446617118735,0.9998553597317444
mid_windage_330,mid_windage,-35.05137302211721,93.83090189905502,179.54486766388752,0.9998359285616216
mid_windage_331,mid_windage,-35.03236716570257,93.77215378944348,179.5443766713565,0.9998822495864886
mid_windage_332,mid_windage,-35.047849176619,93.8064382257588,179.54469580108486,0.999852143613582
mid_windage_333,mid_windage,-35.04486566468121,93.81552699039815,179.54472771635437,0.9998491325465677
high_windage_0,high_windage,-34.906927429751896,93.81370294128308,179.54369269909688,0.9999467584755318
high_windage_1,high_windage,-34.93627088893211,93.85355245637317,179.54414803202616,0.9999038160719818
high_windage_2,high_windage,-34.88942247755005,93.79687708558106,179.54346260199048,0.9999684553475912
high_windage_3,high_windage,-34.89221000952512,93.88570566879184,179.54401365318287,0.9999164903017839
high_windage_4,high_windage,-34.87481549664113,93.81473144230084,179.54346088645084,0.9999686171044122
high_windage_5,high_windage,-34.88516334423813,93.87158746626966,179.54387708067657,0.9999293705956498
high_windage_6,high_windage,-34.91238699633969,93.83575702294196,179.54386475489028,0.9999305330117982
high_windage_7,high_windage,-34.893230982414174,93.84464042378735,179.54377584340767,0.9999389178429319
high_windage_8,high_windage,-34.886663942752016,93.87471400705375,179.54390687926073,0.9999265603323383
high_windage_9,high_windage,-34.915195638860176,93.79391179471402,179.54363599279483,0.9999521057852713
high_windage_10,high_windage,-34.92025920083629,93.81689198376044,179.54381055994583,0.9999356439291244
high_windage_11,high_windage,-34.90635448593845,93.82872422065536,179.54377807237213,0.999938707643957
high_windage_12,high_windage,-34.94402406170944,93.81713643608192,179.54398827946488,0.9999188833870293
high_windage_13,high_windage,-34.84804142012475,93.87506531673486,179.54362313795818,0.999953317954732
high_windage_14,high_windage,-34.87472968965815,93.88112417130328,179.54385685290424,0.9999312782260551
high_windage_15,high_windage,-34.89921874497916,93.87129901080988,179.5439794440149,0.9999197166827943
high_windage_16,high_windage,-34.86772319610438,93.86052185826313,179.5436818322346,0.9999477832137821
high_windage_17,high_windage,-34.86634540751414,93.89394820528356,179.54387150566617,0.9999298963627234
high_windage_18,high_windage,-34.88487512125429,93.8456545953918,179.54372000705854,0.9999441833284405
high_windage_19,high_windage,-34.89684867424119,93.81532484767676,179.54362767199453,0.9999528904106421
high_windage_20,high_windage,-34.89881413584515,93.81614826309776,179.5436471506228,0.9999510536321794
high_windage_21,high_windage,-34.893140193652854,93.82116149011364,179.54363501590697,0.9999521979028947
high_windage_22,high_windage,-34.849473300154074,93.84461574489234,179.54345170990317,0.9999694823512849
high_windage_23,high_windage,-34.894345525316844,93.811872996416,179.54358852859826,0.9999565814681594
high_windage_24,high_windage,-34.91307471533616,93.84725142830604,179.5439384655395,0.999923581430214
high_windage_25,high_windage,-34.8898082382105,93.78177237342024,179.54337540776484,0.9999766766509817
high_windage_26,high_windage,-34.897034839534015,93.81330100673595,179.54361697788624,0.9999538988269169
high_windage_27,high_windage,-34.86183200623259,93.81276393482568,179.54335298708807,0.999978790579312
high_windage_28,high_windage,-34.87723275179121,93.83250164040749,179.54358486320575,0.9999569270957006
high_windage_29,high_windage,-34.88340436555803,93.8320942993802,179.54362814232732,0.9999528460598182
high_windage_30,high_windage,-34.909535645504064,93.78699892605124,179.54355281759956,0.9999599488046351
high_windage_31,high_windage,-34.89068414558784,93.85604095521248,179.54382506913208,0.9999342756364331
high_windage_32,high_windage,-34.89363380705535,93.81971294890292,179.54363002986324,0.9999526680713358
high_windage_33,high_windage,-34.89701129384594,93.8434007935675,179.54379644687933,0.9999369748565098
high_windage_34,high_windage,-34.84148224633607,93.8744982698207,179.54357122833716,0.9999582127879033
high_windage_35,high_windage,-34.91286135463231,93.87911591281372,179.54412721535638,0.9999057794943955
high_windage_36,high_windage,-34.87154045047684,93.81952473169484,179.54346523671333,0.9999682069214825
high_windage_37,high_windage,-34.88393541472436,93.81749780807534,179.54354495371726,0.9999606903145953
high_windage_38,high_windage,-34.846489684541226,93.85540239301538,179.54349409496524,0.9999654858772796
high_windage_39,high_windage,-34.89802956504094,93.79937451383904,179.54354128862747,0.9999610359063748
high_windage_40,high_windage,-34.89335972724167,93.83844726859736,179.5437398183759,0.9999423150955458
high_windage_41,high_windage,-34.909287184669054,93.85821980548594,179.5439758955313,0.9999200513491193
high_windage_42,high_windage,-34.887326020602345,93.83976871105683,179.54370301159096,0.9999457860089179
high_windage_43,high_windage,-34.9029986636222,93.81854012213286,179.54369243391932,0.9999467834816719
high_windage_44,high_windage,-34.86003362267691,93.83643328048926,179.54348099143863,0.9999667214133006
high_windage_45,high_windage,-34.88870738370843,93.86971832923864,179.5438921519628,0.9999279492484772
high_windage_46,high_windage,-34.88006578434338,93.81626875353729,179.5435089522745,0.9999640849671049
high_windage_47,high_windage,-34.88715756824084,93.7942144210066,179.54342993869346,0.9999715351201544
high_windage_48,high_windage,-34.85646521813189,93.82998216839712,179.5434160472734,0.9999728449063958
high_windage_49,high_windage,-34.88158346559274,93.87352924791335,179.54386218218113,0.9999307756371301
high_windage_50,high_windage,-34.88380731681524,93.77520549936068,179.5432917874153,0.9999845606606839
high_windage_51,high_windage,-34.90883511584484,93.80832696107444,179.5436747772417,0.9999484484922995
high_windage_52,high_windage,-34.91850531624216,93.82751658040232,179.54386093539836,0.9999308932177775
high_windage_53,high_windage,-34.86820452661165,93.83940742059544,179.54355924743498,0.999959342513346
high_windage_54,high_windage,-34.91845427297033,93.84042650479375,179.5439375968931,0.9999236633528631
high_windage_55,high_windage,-34.914108667810986,93.8619587737499,179.54403395351318,0.9999145756847597
high_windage_56,high_windage,-34.868271976088195,93.85642033355536,179.54366138378253,0.9999497114754292
high_windage_57,high_windage,-34.89232344570554,93.84545666600236,179.54377399483366,0.9999390921696157
high_windage_58,high_windage,-34.85961749540454,93.87341446592264,179.5436989128813,0.9999461725171876
high_windage_59,high_windage,-34.89593195392893,93.8677880127257,179.54393412003392,0.9999239912575428
high_windage_60,high_windage,-34.88412281411212,93.80729958159576,179.54348549442318,0.9999662968262168
high_windage_61,high_windage,-34.91610414347835,93.86433689138836,179.54406294466685,0.9999118413641407
high_windage_62,high_windage,-34.91335672800579,93.83178392398855,179.5438482315871,0.9999320912752023
high_windage_63,high_windage,-34.847441406853065,93.85275685169962,179.5434853245579,0.9999663128428555
high_windage_64,high_windage,-34.896585930570666,93.81190164696322,179.54360530309665,0.999954999712041
high_windage_65,high_windage,-34.88518240436705,93.82115106009158,179.54357599346912,0.999957763463442
high_windage_66,high_windage,-34.87078299827171,93.84121234036397,179.54358911893814,0.9999565258021075
high_windage_67,high_windage,-34.892653916202015,93.84598456057566,179.54377959528946,0.9999385640275131
high_windage_68,high_windage,-34.88031216306243,93.82960290099298,179.54359036467915,0.9999564083350075
high_windage_69,high_windage,-34.92033521741036,93.8788348772102,179.5441809106166,0.9999007149327349
high_windage_70,high_windage,-34.89543224403781,93.799826101527,179.5435247296518,0.9999625972918945
high_windage_71,high_windage,-34.890850118291446,93.81629860806792,179.54358903021858,0.9999565341679123
high_windage_72,high_windage,-34.89733046264591,93.83323200208623,179.5437381037318,0.9999424767894068
high_windage_73,high_windage,-34.8677303296009,93.8360184644208,179.54353549651242,0.9999615820602
high_windage_74,high_windage,-34.88608028027524,93.86274651875728,179.54383103598533,0.9999337129279806
high_windage_75,high_windage,-34.86434414804994,93.80733874740766,179.54333921430631,0.9999800891315946
high_windage_76,high_windage,-34.89044060772001,93.8763378273868,179.5439445498122,0.9999230076172428
high_windage_77,high_windage,-34.8986434335785,93.85844153427112,179.5438983644219,0.9999273633591219
high_windage_78,high_windage,-34.883299960408195,93.82357081499228,179.5435764897224,0.9999577166695609
high_windage_79,high_windage,-34.883000636289054,93.82834286607846,179.54360275670928,0.9999552398251851
high_windage_80,high_windage,-34.8913397704795,93.81480494297308,179.54358374657778,0.9999570323878177
high_windage_81,high_windage,-34.902012496760086,93.83850135242308,179.54380425108167,0.9999362388852792
high_windage_82,high_windage,-34.889234286831204,93.83981699495232,179.54371743524217,0.9999444258527551
high_windage_83,high_windage,-34.86327798631729,93.86673199482637,179.5436860497032,0.9999473855097889
high_windage_84,high_windage,-34.89300356897609,93.86503719097084,179.54389599471963,0.9999275868430254
high_windage_85,high_windage,-34.885851161142206,93.8425044730545,179.54370842358165,0.9999452756571018
high_windage_86,high_windage,-34.90822021439558,93.85002119653866,179.54391902846098,0.9999254145465312
high_windage_87,high_windage,-34.91689040050674,93.84648633465848,179.54396217772424,0.9999213451043167
high_windage_88,high_windage,-34.87069371211511,93.88462619618872,179.54384792383465,0.9999321202983011
high_windage_89,high_windage,-34.86323494234871,93.84404311811954,179.54355014584857,0.9999602007326727
high_windage_90,high_windage,-34.9120892749544,93.85903900240116,179.54400155100905,0.9999176317043054
high_windage_91,high_windage,-34.902536498333056,93.8423188738479,179.5438309243267,0.9999337234580448
high_windage_92,high_windage,-34.904720843913424,93.82572674129848,179.54374807766084,0.9999415362290389
high_windage_93,high_windage,-34.88233070361935,93.87803834837136,179.5438946693279,0.99992771183909
high_windage_94,high_windage,-34.92187336772866,93.86484499228644,179.5441087335146,0.9999075226800844
high_windage_95,high_windage,-34.85768820959234,93.88000539721764,179.54372405146077,0.9999438019375111
high_windage_96,high_windage,-34.92132413907902,93.85034873344723,179.54401809940154,0.9999160709601526
high_windage_97,high_windage,-34.898093687004554,93.8782851255638,179.54401286307683,0.9999165648199229
high_windage_98,high_windage,-34.8865726225412,93.83889837795908,179.54369223419616,0.9999468023154855
high_windage_99,high_windage,-34.86448669368325,93.83787152768669,179.54352254833293,0.9999628029727582
high_windage_100,high_windage,-34.94037915185807,93.77241831013862,179.54369477594912,0.9999465626290698
high_windage_101,high_windage,-34.8929044857571,93.86067274123536,179.54386918449057,0.999930115267319
high_windage_102,high_windage,-34.86072583246846,93.87688805877652,179.54372788491114,0.9999434404388585
high_windage_103,high_windage,-34.853440216619326,93.83716994499592,179.54343658584176,0.9999709083745657
high_windage_104,high_windage,-34.88459356873606,93.8444996872897,179.54371102437818,0.9999450304009918
high_windage_105,high_windage,-34.86923982492913,93.80207324878565,179.5433440577149,0.9999796324768728
high_windage_106,high_windage,-34.864783320426085,93.83320664909915,179.54349688483637,0.9999652228183711
high_windage_107,high_windage,-34.887279570769,93.87130826030132,179.54389108143803,0.9999280502081722
high_windage_108,high_windage,-34.946416831912124,93.78039151844548,179.54378707103996,0.9999378590365109
high_windage_109,high_windage,-34.927460567317645,93.8466734073396,179.54404164836964,0.9999138499427763
high_windage_110,high_windage,-34.9028365041282,93.85141916512632,179.5438874857818,0.9999283893091072
high_windage_111,high_windage,-34.866504028581105,93.7816996577555,179.54320227950703,0.9999929994191962
high_windage_112,high_windage,-34.85666887787458,93.86722976871528,179.54364011621772,0.9999517169582671
high_windage_113,high_windage,-34.90622106933353,93.863767171543,179.5439863138917,0.9999190687659858
high_windage_114,high_windage,-34.83766587709687,93.85037722806072,179.54339877728873,0.99997447323664
high_windage_115,high_windage,-34.90002925946228,93.88576137775172,179.5440718877807,0.9999109978805374
high_windage_116,high_windage,-34.87648104262957,93.84598348857804,179.5436598081277,0.9999498600567861
high_windage_117,high_windage,-34.876589990852366,93.87142877612452,179.54381265905008,0.9999354459731251
high_windage_118,high_windage,-34.91256837261694,93.80071251691982,179.54365705222716,0.9999501199328755
high_windage_119,high_windage,-34.90822242790286,93.834522872007,179.54382652277621,0.9999341385496101
high_windage_120,high_windage,-34.882585575733145,93.86188327713975,179.54379999992477,0.9999366397887537
high_windage_121,high_windage,-34.86351352397836,93.89532896713354,179.5438588136072,0.9999310933178938
high_windage_122,high_windage,-34.88589374675509,93.8254838433676,179.54360712273458,0.9999548281279982
high_windage_123,high_windage,-34.890643388644115,93.85346421793436,179.54380937518496,0.9999357556578945
high_windage_124,high_windage,-34.91414247249248,93.88098044939396,179.54414784911145,0.9999038333245301
high_windage_125,high_windage,-34.90395580228384,93.83992760106436,179.5438271653032,0.9999340779556676
high_windage_126,high_windage,-34.86376719924727,93.87858904964251,179.54376056213687,0.999940358913006
high_windage_127,high_windage,-34.92735979882787,93.87470234184045,179.5442082761388,0.9998981337539742
high_windage_128,high_windage,-34.899060161772404,93.83670162344534,179.54377163137227,0.9999393150516686
high_windage_129,high_windage,-34.87969735457936,93.85299056514975,179.54372548179097,0.9999436670558527
high_windage_130,high_windage,-34.88485497204435,93.80270560890948,179.54346351571604,0.9999683691931057
high_windage_131,high_windage,-34.88795283422994,93.81004758377856,179.5435302670391,0.999962075159748
high_windage_132,high_windage,-34.904074010921235,93.8286839212108,179.54376093064468,0.9999403241617285
high_windage_133,high_windage,-34.90317529741201,93.83333264930091,179.5437820149472,0.9999383358450898
high_windage_134,high_windage,-34.92750613054256,93.8464265709473,179.54404051279786,0.9999139570446324
high_windage_135,high_windage,-34.87313566403306,93.7986907076193,179.54335273867653,0.9999788140006094
high_windage_136,high_windage,-34.86426538210402,93.85797267369514,179.54364100291457,0.9999516333451852
high_windage_137,high_windage,-34.88123871203144,93.79685365037116,179.54340181682093,0.9999741866500897
high_windage_138,high_windage,-34.880414065804146,93.85038887434816,179.5437152470585,0.9999446321999697
high_windage_139,high_windage,-34.90426282739585,93.83685764534934,179.54381111446176,0.9999355916355257
high_windage_140,high_windage,-34.94817653159956,93.82894043210727,179.5440894764027,0.999909338971928
high_windage_141,high_windage,-34.91806116633583,93.85223345462224,179.5440051671604,0.999917290651867
high_windage_142,high_windage,-34.84104528101843,93.80787832377482,179.54316993194874,0.9999960490409049
high_windage_143,high_windage,-34.89276183970824,93.8289456246227,179.54367866833243,0.999948081566755
high_windage_144,high_windage,-34.87440040322794,93.8256031076918,179.54352270122462,0.999962788556306
high_windage_145,high_windage,-34.85741042682849,93.87575537292894,179.5436965796895,0.9999463925368046
high_windage_146,high_windage,-34.91204338414857,93.8504910856676,179.5439501652418,0.9999224780197845
high_windage_147,high_windage,-34.88012244081104,93.8331837411084,179.54361033774936,0.9999545249655454
high_windage_148,high_windage,-34.844547594289146,93.85610408687468,179.54348392030718,0.9999664452499528
high_windage_149,high_windage,-34.89193426150351,93.77750380053789,179.54336572642296,0.9999775894568514
high_windage_150,high_windage,-34.88882491495431,93.80805803285884,179.54352486037945,0.9999625849653203
high_windage_151,high_windage,-34.94916367268258,93.83870454300012,179.54415504209027,0.9999031548803081
high_windage_152,high_windage,-34.86402630519386,93.9024868033331,179.54390543645027,0.9999266964027239
high_windage_153,high_windage,-34.84803608562061,93.86922718800476,179.5435881860369,0.999956613769947
high_windage_154,high_windage,-34.8625461498525,93.84209771488528,179.54353342564966,0.9999617773269512
high_windage_155,high_windage,-34.89525267295899,93.82795011435212,179.54369118207242,0.9999469015303006
high_windage_156,high_windage,-34.87589526700469,93.85010220736908,179.54368007373455,0.9999479490387243
high_windage_157,high_windage,-34.9097954678541,93.80993037952028,179.54369145943622,0.9999468753750189
high_windage_158,high_windage,-34.91364032428099,93.86090734400725,179.5440242031267,0.9999154952906402
high_windage_159,high_windage,-34.89761912160162,93.81368828624778,179.5436236184513,0.9999532726459206
high_windage_160,high_windage,-34.875397054226724,93.87775301851478,179.54384163604422,0.9999327132777207
high_windage_161,high_windage,-34.863903114151945,93.8285949612918,179.54346282950775,0.9999684338951657
high_windage_162,high_windage,-34.87581065443979,93.805114875483,179.54341087829815,0.9999733322735428
high_windage_163,high_windage,-34.897406152838975,93.85773268499798,179.54388496484574,0.9999286270544484
high_windage_164,high_windage,-34.86428101093367,93.87521560340856,179.54374419255774,0.9999419026021422
high_windage_165,high_windage,-34.88015359169551,93.86823438032472,179.5438199477961,0.9999347586064796
high_windage_166,high_windage,-34.90674459821099,93.77329963916908,179.54345048866395,0.9999695975003383
high_windage_167,high_windage,-34.866584781137995,93.87978948443536,179.54378859123997,0.9999377156757013
high_windage_168,high_windage,-34.863218367276666,93.86729251381016,179.5436889592048,0.9999471111455965
high_windage_169,high_windage,-34.90512798234265,93.8925390388549,179.54415016898741,0.9999036145132914
high_windage_170,high_windage,-34.883532963517645,93.87474021144914,179.54388385413313,0.9999287318038411
high_windage_171,high_windage,-34.938791497523816,93.82853409275228,179.54401743549923,0.9999161335756359
high_windage_172,high_windage,-34.901764870499754,93.8475348826358,179.5438563506818,0.9999313255891563
high_windage_173,high_windage,-34.89784265169703,93.8598724842484,179.5439009805511,0.999927116634682
high_windage_174,high_windage,-34.890901333605896,93.81171513933732,179.54356206372896,0.999959076954716
high_windage_175,high_windage,-34.866528709184855,93.85012037786817,179.54361083585104,0.9999544779965971
high_windage_176,high_windage,-34.883811506378805,93.88297907827076,179.54393517097,0.9999238921431871
high_windage_177,high_windage,-34.88986920879672,93.86676774472188,179.5438831229346,0.9999288007618835
high_windage_178,high_windage,-34.88976341889831,93.84000636306943,179.54372248556217,0.9999439496033076
high_windage_179,high_windage,-34.88578044223637,93.83774225430884,179.5436794632385,0.999948006607909
high_windage_180,high_windage,-34.88109528904393,93.83633466608666,179.54363635656168,0.9999520714831274
high_windage_181,high_windage,-34.8728117328611,93.81572266924364,179.54345196017167,0.9999694587537861
high_windage_182,high_windage,-34.8918701616951,93.84706980721116,179.54378027054366,0.9999385003486412
high_windage_183,high_windage,-34.88949345861731,93.84168539299904,179.54373051145245,0.9999431927526944
high_windage_184,high_windage,-34.87201789135324,93.8338668240743,179.5435543954674,0.999959800022225
high_windage_185,high_windage,-34.88954673523876,93.8440410662721,179.5437449728991,0.9999418290144231
high_windage_186,high_windage,-34.897214536271214,93.77586938806598,179.54339513294858,0.9999748168478046
high_windage_187,high_windage,-34.814082383699585,93.88192486612157,179.54341307195045,0.9999731254408053
high_windage_188,high_windage,-34.89746496257696,93.81970854267838,179.54365839375183,0.9999499934297377
high_windage_189,high_windage,-34.90296719001878,93.81505369770731,179.54367140160537,0.9999487668105119
high_windage_190,high_windage,-34.87706313780056,93.86371323857276,179.5437700468991,0.9999394644724701
high_windage_191,high_windage,-34.896303589906736,93.81534429088842,179.54362374843666,0.9999532603887574
high_windage_192,high_windage,-34.894910759021386,93.836678313519,179.54374074848852,0.9999422273842862
high_windage_193,high_windage,-34.85618882336901,93.8320834457405,179.54342655025175,0.999971854608406
high_windage_194,high_windage,-34.892829628455885,93.8209815247068,179.54363164077668,0.9999525161673234
high_windage_195,high_windage,-34.90059176422335,93.85932541341953,179.54391807713105,0.9999255042662846
high_windage_196,high_windage,-34.933421768031465,93.82191789027712,179.54393814640432,0.9999236115280803
high_windage_197,high_windage,-34.88890937861282,93.89503160242012,179.5440449837158,0.9999135353680813
high_windage_198,high_windage,-34.85393961811963,93.90669344268515,179.54385600159304,0.9999313585106708
high_windage_199,high_windage,-34.89642256881911,93.89810508778622,179.5441189893592,0.9999065553627305
high_windage_200,high_windage,-34.88074231512519,93.82580709246356,179.54357089174133,0.9999582445269102
high_windage_201,high_windage,-34.87063132218133,93.845167652236,179.54361162125525,0.9999544039361746
high_windage_202,high_windage,-34.848353465639256,93.89778409145325,179.54376136335932,0.9999402833555663
high_windage_203,high_windage,-34.89346458945096,93.84864425776352,179.5438014840614,0.9999364998279978
high_windage_204,high_windage,-34.86135333928046,93.77564499336812,179.5431280230936,1.0
high_windage_205,high_windage,-34.90125720377195,93.85142224234797,179.54387580334887,0.9999294910577637
high_windage_206,high_windage,-34.87807206178025,93.87892289215311,179.54386843157354,0.9999301862730959
high_windage_207,high_windage,-34.89537797482603,93.85525424331516,179.5438551366958,0.999931440076511
high_windage_208,high_windage,-34.89727046025961,93.82138195169306,179.54366693735417,0.9999491877829292
high_windage_209,high_windage,-34.874020714987566,93.77522368570664,179.54321936611814,0.9999913885304508
high_windage_210,high_windage,-34.87797036354428,93.7637653772126,179.54318035107963,0.9999950667645782
high_windage_211,high_windage,-34.89443668145903,93.80921348318633,179.54357333930488,0.9999580137359481
high_windage_212,high_windage,-34.90240022312979,93.82172310619376,179.54370698930285,0.9999454109100117
high_windage_213,high_windage,-34.910726202919264,93.8371369803006,179.5438606818033,0.9999309171336203
high_windage_214,high_windage,-34.88448145090172,93.80372396183212,179.54346682228177,0.9999680574192317
high_windage_215,high_windage,-34.84919542883052,93.8376664778726,179.5434081353579,0.9999735908966462
high_windage_216,high_windage,-34.904690109636974,93.86125698429642,179.54395997679052,0.9999215526782074
high_windage_217,high_windage,-34.87682029656549,93.848834481721,179.54367935014318,0.9999480172726865
high_windage_218,high_windage,-34.91448282691577,93.7685269274412,179.54347945212615,0.999966866555093
high_windage_219,high_windage,-34.90560976254368,93.8290599605947,179.54377455650135,0.9999390392024992
high_windage_220,high_windage,-34.92722982099117,93.85716325195904,179.54410256161844,0.9999081048026707
high_windage_221,high_windage,-34.930109482599164,93.85246440124034,179.54409585530183,0.9999087373289195
high_windage_222,high_windage,-34.893568108064045,93.82916250295123,179.54368593658748,0.9999473961765244
high_windage_223,high_windage,-34.893624903502555,93.81869168435074,179.54362387008487,0.9999532489177567
high_windage_224,high_windage,-34.873928177516326,93.87352648147792,179.54380549488997,0.9999361215883322
high_windage_225,high_windage,-34.89232154537725,93.8541719156565,179.54382603225352,0.9999341848086717
high_windage_226,high_windage,-34.84187511586674,93.8157935432132,179.54322332716347,0.9999910150897781
high_windage_227,high_windage,-34.87812898849464,93.84221081042404,179.54364947843456,0.9999508341250981
high_windage_228,high_windage,-34.8818411929083,93.8747959939436,179.5438716624298,0.9999298815787063
high_windage_229,high_windage,-34.85505685994155,93.88605881947032,179.54374079132688,0.9999422233445519
high_windage_230,high_windage,-34.86294857131109,93.85358425613109,179.54360503140916,0.9999550253309927
high_windage_231,high_windage,-34.884757997067055,93.8297154984489,179.54362396833656,0.9999532396529656
high_windage_232,high_windage,-34.9357853617656,93.82347825725904,179.5439649831427,0.9999210805201008
high_windage_233,high_windage,-34.90092238425058,93.80114425822224,179.54357328512987,0.9999580188443391
high_windage_234,high_windage,-34.85005789994052,93.89738741746312,179.54377159527715,0.9999393184555528
high_windage_235,high_windage,-34.903424446423955,93.86951138257128,179.54399991459235,0.9999177860405449
high_windage_236,high_windage,-34.876849001035914,93.79397532883348,179.54335212533184,0.9999788718293463
high_windage_237,high_windage,-34.8786939853467,93.80887719892476,179.54345468503692,0.99996920182952
high_windage_238,high_windage,-34.88642406850687,93.82905787867811,179.5436323847063,0.9999524460170862
high_windage_239,high_windage,-34.916894577802495,93.81582287922424,179.5437792360523,0.9999385979048467
high_windage_240,high_windage,-34.90101245224835,93.7963145849828,179.54354515501794,0.999960671333362
high_windage_241,high_windage,-34.9035666535131,93.8577495321206,179.54393070286682,0.9999243135320954
high_windage_242,high_windage,-34.94855951698182,93.82982077567245,179.54409756821263,0.9999085757708228
high_windage_243,high_windage,-34.90753644772006,93.81786363520044,179.54372203289375,0.9999439922903691
high_windage_244,high_windage,-34.91426826950202,93.79488151101395,179.543634895913,0.9999522092179681
high_windage_245,high_windage,-34.86057517841886,93.85431453242444,179.54359182827093,0.9999562703255868
high_windage_246,high_windage,-34.88510075712916,93.88774736700977,179.54397322690681,0.9999203030333662
high_windage_247,high_windage,-34.90422724637544,93.8316718239553,179.54377989807443,0.9999385354738166
high_windage_248,high_windage,-34.88635032137302,93.84220296372166,179.54371032027365,0.9999450967983495
high_windage_249,high_windage,-34.87000959113197,93.8238478654642,179.543479705175,0.999966842695121
high_windage_250,high_windage,-34.90040352698641,93.82624137140591,179.5437191528384,0.9999442638821068
high_windage_251,high_windage,-34.899687823425005,93.84631675406008,179.54383368808536,0.9999334628192353
high_windage_252,high_windage,-34.913623429647465,93.85378586060212,179.54398154813623,0.9999195182376022
high_windage_253,high_windage,-34.888380199102656,93.84988606633944,179.5437712401165,0.9999393519483271
high_windage_254,high_windage,-34.889407870269515,93.82429356301958,179.54362605319363,0.9999530430581254
high_windage_255,high_windage,-34.89422485122578,93.83260735864629,179.54371136473227,0.9999449983054479
high_windage_256,high_windage,-34.89998304930601,93.84326381303066,179.54381764645953,0.9999349756347422
high_windage_257,high_windage,-34.90571591196554,93.84298012121768,179.54385843138144,0.9999311293645001
high_windage_258,high_windage,-34.88652129299062,93.84423397000988,179.5437237153456,0.9999438336335149
high_windage_259,high_windage,-34.89921956935229,93.83150558440484,179.54374179681488,0.9999421285252135
high_windage_260,high_windage,-34.9032602013918,93.86325739727668,179.5439613334916,0.9999214247253916
high_windage_261,high_windage,-34.89917381580419,93.83060444402273,179.54373607926442,0.9999426676999614
high_windage_262,high_windage,-34.90609226151451,93.87868351229322,179.54407448663224,0.9999107527651591
high_windage_263,high_windage,-34.86513063625413,93.85365696939026,179.54362161774122,0.9999534613057732
high_windage_264,high_windage,-34.87262304126905,93.85601982356224,179.5436912014424,0.9999468997037192
high_windage_265,high_windage,-34.904695549377095,93.84906052684104,179.54388717508616,0.9999284186103187
high_windage_266,high_windage,-34.886551889158554,93.84391567978244,179.5437220411608,0.9999439915107784
high_windage_267,high_windage,-34.84946496763108,93.84536069565937,179.54345609942203,0.9999690684687176
high_windage_268,high_windage,-34.86697896933297,93.826929236057,179.54347565890998,0.9999672242170351
high_windage_269,high_windage,-34.88901662366731,93.85167425219252,179.543786634569,0.9999379001974118
high_windage_270,high_windage,-34.89481936941655,93.84187909350688,179.54377112206086,0.9999393630813482
high_windage_271,high_windage,-34.89675311764859,93.87464037204934,179.54398115097672,0.9999195556947706
high_windage_272,high_windage,-34.89142956957196,93.77263442573542,179.54333296720037,0.9999806781306005
high_windage_273,high_windage,-34.88618770025887,93.883533284369,179.54395607619117,0.9999219205499847
high_windage_274,high_windage,-34.87772677322038,93.9005318781978,179.5439951135444,0.9999182388436374
high_windage_275,high_windage,-34.89098375212279,93.8384928147286,179.5437224885778,0.9999439493189308
high_windage_276,high_windage,-34.87837895977356,93.87631287301538,179.54385509925226,0.9999314436076986
high_windage_277,high_windage,-34.88776252141051,93.84010795404797,179.54370827053356,0.9999452900895861
high_windage_278,high_windage,-34.908760575555256,93.82757549498052,179.54378905079858,0.9999376723375061
high_windage_279,high_windage,-34.86435101481585,93.86955512326932,179.54371086787597,0.9999450451592189
high_windage_280,high_windage,-34.91153226457312,93.80226981770032,179.54365865481805,0.9999499688116971
high_windage_281,high_windage,-34.9048388747026,93.85157301988583,179.54390324045872,0.9999269035048804
high_windage_282,high_windage,-34.885086498712226,93.81320080097892,179.54352784167807,0.9999623038524217
high_windage_283,high_windage,-34.89147474615792,93.8419660022396,179.54374686369744,0.9999416507083234
high_windage_284,high_windage,-34.91052762205127,93.83908100383816,179.5438708136665,0.9999299616236059
high_windage_285,high_windage,-34.86642466658054,93.8601916501552,179.54367024698217,0.9999488756898918
high_windage_286,high_windage,-34.858714962335654,93.86320804221336,179.54363121522047,0.9999525562959313
high_windage_287,high_windage,-34.887399846938926,93.84985468321877,179.54376379166135,0.9999400543599551
high_windage_288,high_windage,-34.884951083096574,93.90339436123496,179.54406570653606,0.9999115808745632
high_windage_289,high_windage,-34.91253288645002,93.79916271195336,179.5436475492575,0.9999510160418968
high_windage_290,high_windage,-34.869936944219546,93.84934112237858,179.5436314118669,0.9999525377527947
high_windage_291,high_windage,-34.9261132359457,93.80483844476032,179.5437820973709,0.9999383280722343
high_windage_292,high_windage,-34.9271653035809,93.8453096572778,179.54403131929334,0.9999148241311354
high_windage_293,high_windage,-34.90834726042456,93.83882771528684,179.54385314273622,0.9999316281206759
high_windage_294,high_windage,-34.900895977279966,93.82770705830616,179.54373154901484,0.999943094909165
high_windage_295,high_windage,-34.86770271650827,93.86463703593267,179.54370627606033,0.9999454781689545
high_windage_296,high_windage,-34.88853825890944,93.85274500029982,179.5437894873346,0.9999376311704223
high_windage_297,high_windage,-34.868617697050794,93.88021270137352,179.5438061666742,0.9999360582359053
high_windage_298,high_windage,-34.8865724508325,93.81630541920325,179.5435573757424,0.9999595190018669
high_windage_299,high_windage,-34.84052123630395,93.82262220672146,179.5432540827154,0.9999881154840955
high_windage_300,high_windage,-34.88526071898586,93.84832504330608,179.5437388123092,0.9999424099693688
high_windage_301,high_windage,-34.868493824481945,93.8168382189094,179.5434266383308,0.9999718463036449
high_windage_302,high_windage,-34.873740111643066,93.86576182514804,179.54375768945715,0.9999406298142169
high_windage_303,high_windage,-34.906770495025484,93.7892520264878,179.54354574258625,0.999960615929807
high_windage_304,high_windage,-34.88466417905481,93.80506381763756,179.5434761685284,0.9999671761652075
high_windage_305,high_windage,-34.88959120275782,93.88405868197992,179.54398441609447,0.9999192477526292
high_windage_306,high_windage,-34.85743641065985,93.82892704535648,179.5434169359232,0.9999727611181553
high_windage_307,high_windage,-34.88807530703923,93.84553639237905,179.54374300374585,0.999942014709379
high_windage_308,high_windage,-34.895214397821974,93.89563797947947,179.54409528942634,0.9999087907010614
high_windage_309,high_windage,-34.86646552866145,93.85101635538553,179.5436157213589,0.9999540173126262
high_windage_310,high_windage,-34.90714827947648,93.84541731126242,179.5438835962884,0.9999287561207256
high_windage_311,high_windage,-34.89609765269536,93.8716423952272,179.54395837984296,0.9999217032889742
high_windage_312,high_windage,-34.86918036066822,93.81629252098628,179.5434284658046,0.9999716739954679
high_windage_313,high_windage,-34.90136093223238,93.8489974448822,179.54386209147106,0.9999307841917496
high_windage_314,high_windage,-34.89262445456656,93.8440718561416,179.54376795516575,0.9999396617293308
high_windage_315,high_windage,-34.83460564700698,93.88406654249675,179.54357761169297,0.9999576108740327
high_windage_316,high_windage,-34.92306895490839,93.88014061852026,179.5442089696634,0.999898068338704
high_windage_317,high_windage,-34.91526525056776,93.81151713237344,179.5437414757207,0.9999421588049803
high_windage_318,high_windage,-34.87372241818029,93.83822671403848,179.54359305320872,0.9999561548199756
high_windage_319,high_windage,-34.925375554373694,93.79429673977168,179.54371378895934,0.9999447696995942
high_windage_320,high_windage,-34.8905818774541,93.7876486104992,179.54341617089327,0.9999728332506364
high_windage_321,high_windage,-34.86381488542578,93.86095756813842,179.5436555077561,0.9999502655733572
high_windage_322,high_windage,-34.87974282473473,93.8273232155784,179.5435725386279,0.9999580892351457
high_windage_323,high_windage,-34.89169234827542,93.84128362713986,179.5437444011528,0.9999418829312229
high_windage_324,high_windage,-34.89360770452257,93.78202561260474,179.54340508183245,0.9999738788034416
high_windage_325,high_windage,-34.928327461463354,93.82429813983484,179.54391456318413,0.9999258356656295
high_windage_326,high_windage,-34.86371334020251,93.86010141046816,179.54364963915907,0.9999508189691519
high_windage_327,high_windage,-34.90780927885423,93.85183342190231,179.5439268049171,0.9999246811488249
high_windage_328,high_windage,-34.87140464421484,93.84586279801812,179.54362149932643,0.9999534724718615
high_windage_329,high_windage,-34.95703658255863,93.81754249212013,179.54408725408325,0.9999095485755238
high_windage_330,high_windage,-34.8851692667261,93.84947922519186,179.54374502879682,0.9999418237431581
high_windage_331,high_windage,-34.88305841598071,93.84169052378256,179.54368287820762,0.9999476845794187
high_windage_332,high_windage,-34.90715930074114,93.84614590866562,179.54388802806602,0.9999283381671346
high_windage_333,high_windage,-34.902500925262295,93.89519126496468,179.54414657243095,0.9999039537412279
